country_code,year,population,gdp_usd,gdp_per_capita,life_expectancy,co2_per_capita,renewable_pct,internet_pct,gini,urban_pct,electricity_pct,under5_mortality,health_spend_pct
ABW,2000,90588,1873452514,20681.02,72.94,2.97,0.20,15.44,,65.35,91.70,,
ABW,2001,91439,1896456983,20740.13,73.04,2.97,0.20,17.10,,65.34,100.00,,
ABW,2002,92074,1961843575,21307.25,73.14,3.23,0.20,18.80,,65.28,100.00,,
ABW,2003,93128,2044111732,21949.49,73.24,3.68,0.20,20.80,,65.20,100.00,,
ABW,2004,95138,2254830726,23700.63,73.22,3.67,0.20,23.00,,65.09,100.00,,
ABW,2005,97635,2360017318,24171.84,73.42,3.95,0.20,25.40,,64.96,100.00,,
ABW,2006,99405,2469782682,24845.66,73.50,4.27,0.20,28.00,,64.81,100.00,,
ABW,2007,100150,2677641341,26736.31,73.64,4.57,0.20,30.90,,64.65,100.00,,
ABW,2008,100917,2843024581,28171.91,73.78,4.50,0.20,52.00,,64.49,100.00,,
ABW,2009,101604,2553793296,25134.77,73.97,4.86,0.30,58.00,,64.32,100.00,,
ABW,2010,101838,2453597207,24093.14,74.30,4.74,5.50,62.00,,64.16,93.40,,
ABW,2011,102591,2637859218,25712.38,74.58,2.83,5.70,69.00,,64.00,100.00,,
ABW,2012,104110,2615208380,25119.67,74.84,3.61,6.90,74.00,,63.83,100.00,,
ABW,2013,105675,2727849162,25813.57,75.07,3.91,6.90,78.90,,63.64,100.00,,
ABW,2014,106807,2790849721,26129.84,75.26,4.13,6.90,83.78,,63.44,100.00,,
ABW,2015,107906,2962906704,27458.22,75.41,4.29,6.70,88.66,,63.23,100.00,,
ABW,2016,108727,2983637430,27441.55,75.54,4.46,7.00,93.54,,63.01,100.00,,
ABW,2017,108735,3092427933,28440.04,75.62,4.30,6.80,97.17,,62.78,100.00,,
ABW,2018,108908,3276187709,30082.16,75.88,4.27,8.60,,,62.54,100.00,,
ABW,2019,109203,3347561739,30654.49,76.02,4.67,8.30,,,62.29,100.00,,
ABW,2020,108587,2461056053,22664.37,75.41,4.50,9.10,,,62.00,100.00,,
ABW,2021,107700,2889305034,26827.34,73.66,4.71,8.80,,,61.93,100.00,,
ABW,2022,107310,3326671315,31000.57,76.23,4.99,8.80,,,61.88,99.90,,
ABW,2023,107359,3746573413,34897.62,76.35,5.00,,,,61.84,100.00,,
AFG,2000,20130327,3521418060,174.93,55.01,0.05,45.00,,,18.56,4.40,131.70,
AFG,2001,20284307,2813571754,138.71,55.51,0.05,45.60,0.00,,18.74,9.30,127.50,
AFG,2002,21378117,3825701439,178.95,56.23,0.04,37.80,0.00,,18.94,14.10,123.10,9.44
AFG,2003,22733049,4520946819,198.87,57.17,0.04,36.70,0.09,,19.16,19.00,118.50,8.94
AFG,2004,23560654,5224896719,221.76,57.81,0.04,44.20,0.11,,19.40,23.80,113.90,9.81
AFG,2005,24404567,6203256539,254.18,58.25,0.05,33.90,1.22,,19.71,28.70,109.30,9.95
AFG,2006,25424094,6971758282,274.22,58.55,0.06,31.90,2.11,,20.11,33.50,104.80,10.62
AFG,2007,25909852,9747886187,376.22,58.96,0.08,28.80,1.90,,20.59,38.40,100.40,9.90
AFG,2008,26482622,10109297048,381.73,59.71,0.15,21.20,1.84,,21.12,42.40,96.10,10.26
AFG,2009,27466101,12416152732,452.05,60.25,0.22,16.50,3.55,,21.69,48.30,91.90,9.82
AFG,2010,28284089,15856668556,560.62,60.70,0.28,15.20,4.00,,22.26,42.70,88.00,8.57
AFG,2011,29347708,17805098206,606.69,61.25,0.39,12.60,5.00,,22.82,43.20,84.30,8.56
AFG,2012,30560034,19907329778,651.42,61.74,0.32,15.40,5.45,,23.34,69.10,80.80,7.90
AFG,2013,31622704,20146416758,637.09,62.19,0.27,16.90,5.90,,23.81,68.00,77.60,8.81
AFG,2014,32792523,20497128556,625.05,62.26,0.24,19.10,7.00,,24.19,89.50,74.60,9.53
AFG,2015,33831764,19134221645,565.57,62.27,0.25,17.70,8.26,,24.46,71.50,71.90,10.11
AFG,2016,34700612,18116572395,522.08,62.65,0.22,20.20,11.00,,24.66,97.70,69.40,11.82
AFG,2017,35688935,18753456498,525.47,62.41,0.29,19.50,13.50,,24.84,97.70,67.10,12.62
AFG,2018,36743039,18053222687,491.34,62.44,0.32,18.30,16.80,,25.00,93.40,64.80,14.21
AFG,2019,37856121,18799444490,496.60,62.94,0.32,18.90,17.60,,25.14,97.70,62.70,14.83
AFG,2020,39068979,19955929052,510.79,61.45,0.31,18.20,17.05,,25.26,97.70,60.70,15.53
AFG,2021,40000412,14259995441,356.50,60.42,0.31,20.00,16.51,,25.35,97.70,58.70,21.51
AFG,2022,40578842,14497243872,357.26,65.62,0.28,20.00,15.87,,25.39,85.30,56.80,23.09
AFG,2023,41454761,17152234637,413.76,66.04,0.28,,15.93,,25.47,85.30,54.90,14.99
AGO,2000,16194869,9129594970,563.73,46.50,1.02,73.80,0.11,51.90,50.51,24.20,185.00,1.69
AGO,2001,16747208,8936079118,533.59,47.03,0.97,72.80,0.14,,51.72,20.00,176.30,3.96
AGO,2002,17327699,17311512433,999.07,47.87,0.92,70.80,0.27,,52.89,26.30,166.40,2.94
AGO,2003,17943712,20342128112,1133.66,50.22,0.97,65.60,0.37,,54.00,27.40,155.50,3.11
AGO,2004,18600423,26997977896,1451.47,51.12,0.95,62.30,0.46,,55.04,28.40,143.70,3.46
AGO,2005,19291161,41396636384,2145.89,52.13,0.81,68.90,1.14,,56.00,29.40,131.50,2.55
AGO,2006,20015279,58653659980,2930.44,52.97,0.82,62.60,1.50,,56.89,30.50,119.80,2.40
AGO,2007,20778561,73037821926,3515.06,54.20,0.82,58.90,1.70,,57.76,37.50,109.00,2.66
AGO,2008,21578655,98790432989,4578.16,55.28,0.89,55.40,1.90,42.70,58.59,38.50,99.20,2.98
AGO,2009,22414773,81705175409,3645.15,56.23,0.94,53.00,2.30,,59.38,33.80,90.70,3.31
AGO,2010,23294825,95546919754,4101.64,57.24,0.98,53.10,2.80,,60.13,35.00,83.40,2.36
AGO,2011,24218352,125551634705,5184.15,58.09,0.98,51.70,4.70,,60.84,34.60,77.20,2.36
AGO,2012,25177394,143572907528,5702.45,58.92,0.98,49.00,7.70,,61.51,37.30,72.00,2.14
AGO,2013,26165620,148845200696,5688.58,59.71,1.09,46.80,13.00,,62.13,38.40,67.90,2.43
AGO,2014,27160769,153449860496,5649.69,60.40,1.14,47.50,21.36,,62.72,32.00,64.50,2.16
AGO,2015,28157798,102543067841,3641.73,61.04,1.18,47.10,22.00,,63.52,42.00,61.80,2.30
AGO,2016,29183070,60770049747,2082.37,61.62,1.07,48.10,23.20,,64.30,41.80,59.60,2.39
AGO,2017,30234839,85629598654,2832.15,62.12,0.93,52.50,26.00,,65.09,42.90,57.90,2.44
AGO,2018,31297155,90506061877,2891.83,62.62,0.82,52.50,29.00,51.30,65.87,45.30,56.50,2.30
AGO,2019,32375632,81193813808,2507.87,63.05,0.83,51.00,32.13,,66.66,45.60,55.30,2.20
AGO,2020,33451132,58512033806,1749.18,63.12,0.61,60.10,33.32,,67.46,47.00,54.20,2.82
AGO,2021,34532429,78283923544,2266.97,62.96,0.74,52.90,34.56,,68.25,48.20,53.20,2.74
AGO,2022,35635029,128233959333,3598.54,64.25,0.75,,35.84,,69.05,48.50,51.90,2.60
AGO,2023,36749906,106042349567,2885.51,64.62,0.74,,37.89,,69.85,51.10,50.50,2.55
ALB,2000,3089027,3584570165,1160.42,74.83,1.05,41.40,0.11,,41.61,99.40,27.00,5.87
ALB,2001,3060173,4059064033,1326.42,75.08,1.12,39.00,0.33,,42.35,99.40,25.60,5.86
ALB,2002,3051010,4515003117,1479.84,75.30,1.31,35.80,0.39,31.70,43.15,99.40,24.30,5.60
ALB,2003,3039616,5801712040,1908.70,75.56,1.39,33.70,0.97,,44.03,99.40,22.90,5.84
ALB,2004,3026939,7406645793,2446.91,75.95,1.46,35.80,2.42,,44.98,99.40,21.40,5.82
ALB,2005,3011487,8256658250,2741.72,76.43,1.38,36.80,6.04,30.60,45.99,99.40,20.00,5.66
ALB,2006,2992547,9150528132,3057.77,76.99,1.38,31.60,9.61,,47.07,99.40,18.50,5.57
ALB,2007,2970017,11116937870,3743.06,77.69,1.43,32.00,15.04,,48.20,99.40,17.10,5.86
ALB,2008,2947314,13258506375,4498.50,78.25,1.42,35.80,23.86,30.00,49.39,100.00,15.80,5.44
ALB,2009,2927519,12335540656,4213.65,78.51,1.46,37.10,41.20,,50.61,99.60,14.50,5.76
ALB,2010,2913021,12086545641,4149.14,78.41,1.57,37.00,45.00,,51.88,99.60,13.30,6.16
ALB,2011,2905195,12973755875,4465.71,78.30,1.72,35.80,47.00,,53.29,99.70,12.20,6.11
ALB,2012,2860708,12246499748,4280.93,78.08,1.59,39.90,49.40,29.00,53.86,99.90,11.20,6.09
ALB,2013,2816902,12796985886,4542.93,78.00,1.69,41.10,51.80,,54.30,99.90,10.50,6.21
ALB,2014,2773767,13296322588,4793.60,78.03,1.84,38.60,54.30,34.60,54.73,100.00,9.90,6.36
ALB,2015,2731293,11470171827,4199.54,78.36,1.79,38.50,56.90,32.80,55.16,100.00,9.60,6.39
ALB,2016,2689469,11988668785,4457.63,78.64,1.69,39.40,59.60,33.70,55.57,99.90,9.40,6.65
ALB,2017,2648285,13258268436,5006.36,78.90,2.02,36.90,62.40,33.10,55.98,99.90,9.30,6.50
ALB,2018,2607733,15379508330,5897.65,79.24,2.05,37.80,65.40,30.10,56.38,100.00,9.30,6.59
ALB,2019,2567801,15585111614,6069.44,79.47,1.94,40.10,68.55,30.10,56.76,100.00,9.40,6.78
ALB,2020,2528480,15241458745,6027.91,77.82,1.81,44.40,72.24,29.40,57.14,100.00,9.40,7.47
ALB,2021,2489762,18031989573,7242.46,76.84,2.05,41.90,79.32,,57.51,100.00,9.50,7.36
ALB,2022,2451636,19017247014,7756.96,78.77,1.85,,82.61,,57.86,100.00,9.40,7.54
ALB,2023,2411658,23491242727,9740.70,79.60,1.75,,83.14,,58.21,100.00,9.40,7.05
AND,2000,65685,1432606189,21810.25,81.86,,14.50,10.54,,92.26,100.00,7.60,5.93
AND,2001,65852,1548265808,23511.30,82.16,,15.40,,,91.89,100.00,7.20,5.86
AND,2002,66506,1764279824,26528.13,82.45,,15.80,11.26,,91.46,100.00,6.80,6.00
AND,2003,69486,2366941809,34063.58,82.72,,16.50,13.55,,90.99,100.00,6.50,5.54
AND,2004,74325,2900245324,39021.13,82.82,,16.60,26.84,,90.52,100.00,6.20,5.28
AND,2005,77421,3161084091,40829.80,83.09,,16.60,37.61,,89.96,100.00,5.90,5.58
AND,2006,79585,3459337987,43467.21,83.37,,17.60,48.94,,89.38,100.00,5.60,4.95
AND,2007,81877,3957625367,48336.23,83.63,,16.60,70.87,,89.05,100.00,5.30,4.94
AND,2008,83495,4102319399,49132.52,83.86,,17.00,70.04,,88.94,100.00,5.00,5.68
AND,2009,83888,3688976341,43975.02,84.10,,17.10,78.53,,88.84,100.00,4.80,6.09
AND,2010,80706,3449925739,42746.83,84.20,,18.70,81.00,,88.76,100.00,4.50,7.69
AND,2011,77783,3629133575,46657.16,84.30,,18.60,81.00,,88.69,100.00,4.30,7.62
AND,2012,76834,3188652765,41500.54,84.33,,18.80,82.70,,88.63,100.00,4.10,6.72
AND,2013,75194,3193512950,42470.32,84.41,,19.10,84.40,,88.58,100.00,3.90,6.80
AND,2014,73737,3271685597,44369.66,84.49,,19.40,86.10,,88.54,100.00,3.70,6.77
AND,2015,72174,2789881259,38654.93,84.53,,19.00,87.90,,88.52,100.00,3.50,6.91
AND,2016,72181,2896610480,40129.82,84.49,,18.90,89.70,,88.50,100.00,3.40,6.94
AND,2017,73763,3000162081,40672.99,84.36,,18.00,91.57,,88.50,100.00,3.20,7.07
AND,2018,75162,3218419897,42819.77,84.24,,17.60,93.50,,88.51,100.00,3.10,7.38
AND,2019,76474,3155149348,41257.80,84.10,,17.20,90.72,,88.54,100.00,3.00,7.32
AND,2020,77380,2891001149,37361.09,79.42,,20.90,93.21,,88.59,100.00,2.90,8.78
AND,2021,78364,3324647529,42425.70,82.33,,18.40,93.90,,88.66,100.00,2.80,8.65
AND,2022,79705,3380612573,42414.06,84.02,,18.70,94.05,,88.75,100.00,2.70,7.52
AND,2023,80856,3785067332,46812.45,84.04,,,94.21,,88.82,100.00,2.60,7.70
ARB,2000,286548096,763400074351,2664.13,66.89,3.51,6.69,,,52.44,80.46,61.02,3.94
ARB,2001,293580252,744564338443,2536.15,67.24,3.63,6.52,,,52.74,81.35,59.16,4.22
ARB,2002,300691509,746768175363,2483.50,67.58,3.67,6.36,,,53.04,81.32,57.37,4.20
ARB,2003,307815105,830076531568,2696.67,67.65,3.69,6.47,,,53.35,82.34,55.54,4.00
ARB,2004,315060277,987304821542,3133.70,67.73,3.81,6.74,,,53.66,82.28,55.47,3.73
ARB,2005,322628451,1210081941399,3750.70,68.04,3.98,6.40,,,53.98,83.08,53.77,3.45
ARB,2006,330526310,1439461123431,4355.06,68.49,4.08,6.20,,,54.31,85.28,50.28,3.43
ARB,2007,338947976,1674640786036,4940.70,68.88,4.14,5.60,,,54.66,83.63,48.30,3.54
ARB,2008,347684619,2121063708752,6100.54,69.26,4.33,5.13,,,55.01,83.28,46.47,3.38
ARB,2009,356386673,1832774180320,5142.66,69.71,4.38,5.06,,,55.36,84.16,44.84,4.30
ARB,2010,363568534,2165961502752,5957.51,69.81,4.54,4.84,,,55.59,86.92,44.92,3.90
ARB,2011,372054934,2576183850807,6924.20,69.36,4.57,4.66,,,56.05,87.17,53.89,3.81
ARB,2012,381030177,2816787067316,7392.56,69.84,4.77,4.44,,,56.76,86.85,43.24,3.91
ARB,2013,390954281,2887116130913,7384.79,70.19,4.75,4.48,,,57.57,88.96,40.07,4.17
ARB,2014,400231008,2940745822079,7347.62,70.54,4.81,4.35,,,58.03,88.41,38.97,4.50
ARB,2015,410190679,2584151265963,6299.88,70.66,4.80,4.21,,,58.35,88.66,38.33,5.01
ARB,2016,419808341,2540369856563,6051.26,70.90,4.75,4.29,,,58.56,89.19,37.45,5.29
ARB,2017,428315886,2615263227680,6105.92,71.11,4.73,4.36,,,58.68,90.35,38.71,5.16
ARB,2018,435998060,2924906594129,6708.53,71.43,4.62,4.50,,,58.78,88.69,37.48,4.87
ARB,2019,444281315,2969429771610,6683.67,71.84,4.58,4.71,,,58.90,89.93,35.85,4.95
ARB,2020,453723239,2608795934174,5749.75,70.73,4.36,5.17,,,59.09,90.24,34.91,5.72
ARB,2021,460646603,3090113052044,6708.21,70.40,4.50,,,,59.11,90.43,34.35,5.26
ARB,2022,471352066,3752344988903,7960.81,71.88,4.52,,,,59.33,90.65,36.04,4.67
ARB,2023,482105978,3617895070373,7504.36,72.44,4.55,,,,59.57,91.65,35.07,5.17
ARE,2000,3493575,104337463730,29865.53,76.35,25.32,0.10,23.63,,79.29,100.00,10.70,2.40
ARE,2001,3723590,103311631797,27745.17,77.62,27.19,0.10,26.27,,79.75,100.00,10.50,2.48
ARE,2002,3956826,109816091079,27753.58,78.72,26.16,0.10,28.32,,80.27,100.00,10.30,2.72
ARE,2003,4192457,124346476180,29659.57,79.60,25.96,0.10,29.48,,80.85,100.00,10.20,2.65
ARE,2004,4428967,147824249958,33376.69,80.27,25.97,0.10,30.13,,81.47,100.00,10.00,2.46
ARE,2005,4664790,180617467954,38719.31,80.78,26.25,0.10,40.00,,82.21,100.00,9.80,2.32
ARE,2006,5009100,222116532963,44342.60,81.16,25.39,0.10,52.00,,82.56,100.00,9.60,2.33
ARE,2007,5624635,257916148767,45854.74,81.44,24.38,0.10,61.00,,82.76,100.00,9.40,2.57
ARE,2008,6302664,315474615741,50054.17,81.59,26.06,0.10,63.00,,82.97,100.00,9.20,2.93
ARE,2009,6707058,253547358747,37803.07,81.68,24.65,0.10,64.00,,83.17,100.00,9.00,4.05
ARE,2010,6869838,307736348527,44795.28,81.89,25.03,0.10,68.00,,83.37,100.00,8.80,3.74
ARE,2011,7104538,368881033963,51921.89,81.90,24.95,0.10,78.00,,83.57,100.00,8.60,3.57
ARE,2012,7391448,392793559051,53141.63,81.91,25.03,0.10,85.00,,83.76,100.00,8.40,3.34
ARE,2013,7693031,409632574703,53247.23,81.95,25.35,0.10,88.00,32.50,83.96,100.00,8.20,3.50
ARE,2014,8059440,424935834104,52725.23,81.99,24.58,0.10,90.40,,84.14,100.00,7.90,3.53
ARE,2015,8505237,381973135513,44910.35,82.08,24.32,0.10,90.50,,84.33,100.00,7.60,3.47
ARE,2016,8935095,381717208621,42721.11,82.20,23.77,0.10,90.60,,84.51,100.00,7.30,3.90
ARE,2017,9223225,403365056079,43733.62,82.39,22.16,0.20,94.82,,84.69,100.00,7.00,4.01
ARE,2018,9346701,440560003161,47135.35,82.45,20.04,0.30,98.45,26.40,84.86,100.00,6.70,4.10
ARE,2019,9445785,433926218686,45938.61,82.60,20.95,0.70,99.15,,85.03,100.00,6.30,4.40
ARE,2020,9401038,357161776271,37991.74,81.94,20.81,0.90,100.00,,85.20,100.00,5.90,5.82
ARE,2021,9575152,422441282436,44118.49,79.08,20.83,1.00,100.00,,85.36,100.00,5.60,5.30
ARE,2022,10074977,511403404642,50759.76,80.49,19.37,,100.00,,85.51,100.00,5.30,4.57
ARE,2023,10483751,522622268401,49850.69,82.91,18.38,,100.00,,85.67,100.00,5.00,4.97
ARG,2000,37213984,284203750000,7637.01,73.91,3.67,9.80,7.04,51.00,89.18,95.70,19.40,8.22
ARG,2001,37624825,268696750000,7141.48,74.15,3.49,11.50,9.78,53.30,89.37,95.50,18.80,8.27
ARG,2002,38029349,97724004252,2569.70,74.31,3.26,11.60,10.88,53.80,89.56,96.10,18.30,7.33
ARG,2003,38424282,127586973492,3320.48,74.31,3.52,10.80,11.91,51.00,89.75,96.30,17.80,6.93
ARG,2004,38815916,164657930453,4242.02,74.87,3.86,9.30,16.04,48.50,89.94,96.50,17.30,7.09
ARG,2005,39216789,198737095012,5067.65,75.23,3.92,9.60,17.72,47.80,90.12,96.70,16.70,7.73
ARG,2006,39622115,232557260817,5869.38,75.28,4.10,9.20,20.93,46.40,90.30,97.00,16.20,7.71
ARG,2007,40016763,287530508431,7185.25,74.78,4.33,7.70,25.95,46.30,90.48,97.20,15.80,7.86
ARG,2008,40424148,361558037110,8944.11,75.43,4.43,7.70,28.11,45.00,90.65,97.50,15.40,8.24
ARG,2009,40854831,332976484578,8150.24,75.58,4.03,8.60,34.00,43.80,90.82,97.80,15.00,9.57
ARG,2010,41288694,423627422092,10260.13,75.68,4.29,8.80,45.00,43.70,90.99,98.80,14.40,9.49
ARG,2011,41730660,530158122010,12704.28,76.10,4.43,8.80,51.00,42.70,91.11,99.00,13.90,9.51
ARG,2012,42161721,545982375701,12949.72,75.80,4.48,8.60,55.80,41.40,91.20,99.10,13.30,9.89
ARG,2013,42582455,552025140252,12963.68,75.83,4.54,8.90,59.90,41.10,91.30,99.30,12.70,9.92
ARG,2014,43024071,526319673732,12233.14,76.27,4.42,9.80,64.70,41.80,91.40,100.00,12.20,9.80
ARG,2015,43477012,594749285413,13679.63,76.60,4.51,9.40,68.04,,91.49,99.70,11.70,10.27
ARG,2016,43900313,557532320663,12699.96,76.11,4.42,9.40,70.97,42.30,91.59,99.90,11.40,10.05
ARG,2017,44288894,643628393281,14532.50,76.54,4.32,10.40,74.29,41.40,91.68,100.00,11.00,10.26
ARG,2018,44654882,524819892360,11752.80,76.77,4.25,10.50,77.70,41.70,91.77,100.00,10.70,10.17
ARG,2019,44973465,447754683615,9955.97,76.85,4.08,10.70,79.95,43.30,91.86,100.00,10.50,10.12
ARG,2020,45191965,385740508437,8535.60,75.88,3.72,9.80,85.51,42.70,91.94,100.00,10.30,10.67
ARG,2021,45312281,486564085480,10738.02,73.95,4.10,9.20,87.15,42.40,92.03,100.00,10.10,11.01
ARG,2022,45407904,633993756301,13962.19,75.81,4.30,,88.38,40.70,92.11,100.00,9.90,10.16
ARG,2023,45538401,649461687959,14261.85,77.40,4.17,,89.23,42.40,92.19,100.00,9.70,10.27
ARM,2000,3221100,1911563669,593.45,72.88,1.11,7.20,1.30,,64.96,98.90,30.60,4.20
ARM,2001,3211800,2118467913,659.59,72.98,1.13,5.40,1.63,35.40,64.82,100.00,29.10,4.65
ARM,2002,3199800,2376335048,742.65,72.83,0.97,8.90,1.96,34.80,64.74,98.00,27.70,7.61
ARM,2003,3182500,2807061009,882.03,72.83,1.09,9.80,4.58,33.00,64.67,99.10,26.40,7.18
ARM,2004,3164900,3576615240,1130.09,73.03,1.19,8.70,4.90,37.50,64.60,99.10,25.10,6.06
ARM,2005,3146400,4900469511,1557.48,73.08,1.42,6.50,5.25,36.00,64.53,99.80,23.90,5.86
ARM,2006,3127100,6384452067,2041.65,72.82,1.42,7.70,5.63,29.70,64.48,99.10,22.70,5.85
ARM,2007,3107400,9206301270,2962.70,72.87,1.66,7.00,6.02,31.20,64.43,99.20,21.60,5.50
ARM,2008,3087100,11662040714,3777.67,73.07,1.83,6.40,6.21,29.20,64.38,99.20,20.60,6.64
ARM,2009,3066000,8647937081,2820.59,73.07,1.47,7.80,15.30,28.00,64.35,99.30,19.60,8.44
ARM,2010,3044800,9260285756,3041.34,73.17,1.41,9.40,25.00,30.00,64.33,99.80,18.70,9.24
ARM,2011,3027900,10142111825,3349.55,73.82,1.62,8.00,32.00,29.40,64.32,99.50,17.80,9.38
ARM,2012,3024100,10619320683,3511.56,74.12,1.87,6.60,37.50,29.60,64.33,99.50,16.90,9.13
ARM,2013,3022000,11121464437,3680.17,74.62,1.82,6.80,41.90,30.60,64.36,99.40,16.10,10.32
ARM,2014,3013800,11609513247,3852.12,74.87,1.91,7.10,54.62,31.50,64.41,99.70,15.40,10.18
ARM,2015,3004600,10553337518,3512.39,74.87,1.87,10.70,59.10,32.40,64.49,100.00,14.70,10.12
ARM,2016,2992300,10546136236,3524.42,74.87,1.80,13.20,64.35,32.50,64.59,99.80,14.00,9.95
ARM,2017,2979400,11527458709,3869.05,75.22,1.91,12.60,64.74,33.60,64.71,99.70,13.30,10.36
ARM,2018,2969000,12457940695,4196.01,75.62,2.00,11.10,68.25,34.40,64.85,99.90,12.70,10.01
ARM,2019,2962500,13619290539,4597.23,76.22,2.17,10.30,66.54,30.00,65.00,100.00,12.10,11.38
ARM,2020,2961500,12641698583,4268.68,73.38,2.33,8.40,76.51,25.10,65.17,100.00,11.60,12.24
ARM,2021,2962300,13878908629,4685.18,72.28,2.52,9.10,78.61,27.90,65.36,100.00,11.00,12.32
ARM,2022,2969200,19513506553,6571.97,74.77,2.62,,77.03,27.90,65.56,100.00,10.50,9.96
ARM,2023,2964300,24185982216,8159.09,77.47,2.53,,80.00,27.20,65.70,100.00,10.00,9.32
ASM,2000,56855,,,71.44,0.00,0.00,,,88.61,,,
ASM,2001,57053,,,71.57,0.00,0.00,,,88.55,,,
ASM,2002,57062,512000000,8972.70,71.76,0.00,0.00,,,88.43,,,
ASM,2003,56971,524000000,9197.66,71.70,0.00,0.00,,,88.26,,,
ASM,2004,56818,509000000,8958.43,72.28,0.00,0.00,,,88.04,,,
ASM,2005,56617,500000000,8831.27,72.38,0.00,0.00,,,87.78,,,
ASM,2006,56374,493000000,8745.17,72.40,0.00,0.00,,,87.50,,,
ASM,2007,56113,518000000,9231.37,72.37,0.00,0.00,,,87.20,,,
ASM,2008,55828,560000000,10030.81,72.43,0.00,0.00,,,86.90,,,
ASM,2009,55528,675000000,12156.03,70.84,0.00,0.00,,,86.60,,,
ASM,2010,55228,573000000,10375.17,72.59,0.00,0.00,,,86.32,,,
ASM,2011,54895,570000000,10383.46,72.66,0.00,0.00,,,86.03,,,
ASM,2012,54489,640000000,11745.49,72.71,0.00,0.10,,,85.72,,,
ASM,2013,54006,638000000,11813.50,72.77,0.00,0.20,,,85.38,,,
ASM,2014,53466,643000000,12026.33,72.69,0.00,0.20,,,85.04,,,
ASM,2015,52878,673000000,12727.41,72.65,0.00,0.20,,,84.67,,,
ASM,2016,52245,671000000,12843.33,72.64,0.00,0.20,,,84.29,,,
ASM,2017,51586,612000000,11863.68,72.80,0.00,0.30,,,83.89,,,
ASM,2018,50908,639000000,12552.05,72.79,0.00,0.30,,,83.48,,,
ASM,2019,50209,647000000,12886.14,72.75,0.00,0.40,,,83.05,,,
ASM,2020,49761,721000000,14489.26,72.67,0.00,0.40,,,82.62,,,
ASM,2021,49225,750000000,15236.16,72.71,0.00,0.40,,,82.21,,,
ASM,2022,48342,871000000,18017.46,72.75,0.00,0.40,,,81.79,,,
ASM,2023,47521,,,72.85,0.00,,,,81.37,,,
ATG,2000,74912,901003704,12027.49,74.82,1.81,0.00,6.48,,32.23,97.70,14.90,4.32
ATG,2001,76069,877774074,11539.18,75.11,1.74,0.00,8.90,,31.76,97.70,14.60,4.96
ATG,2002,77032,898092593,11658.69,75.24,1.95,0.00,12.50,,31.23,100.00,14.30,4.80
ATG,2003,77884,948100000,12173.23,75.31,2.10,0.00,17.23,,30.60,97.90,13.90,5.04
ATG,2004,78719,1026329630,13037.89,75.33,2.11,0.00,24.27,,29.91,97.90,13.60,4.58
ATG,2005,79611,1143896296,14368.57,75.36,2.17,0.00,27.00,,29.17,92.20,13.30,4.46
ATG,2006,80604,1303674074,16173.81,75.51,2.43,0.00,30.00,,28.44,100.00,13.00,4.11
ATG,2007,81704,1487381481,18204.51,75.72,2.63,0.00,34.00,,27.72,100.00,12.70,3.92
ATG,2008,82912,1557640741,18786.67,76.08,2.79,0.00,38.00,,27.06,100.00,12.50,3.69
ATG,2009,84173,1386518519,16472.25,76.39,3.17,0.00,42.00,,26.48,98.50,12.20,3.70
ATG,2010,85320,1298348148,15217.40,76.70,3.27,0.00,47.00,,26.02,98.70,12.00,4.76
ATG,2011,86332,1287359259,14911.73,77.02,2.46,0.10,52.00,,25.69,94.60,11.80,4.81
ATG,2012,87260,1364729630,15639.81,77.10,2.60,0.10,58.00,,25.46,100.00,11.60,4.82
ATG,2013,88064,1325496296,15051.51,77.05,2.95,0.10,63.40,,25.25,100.00,11.40,4.91
ATG,2014,88765,1378707407,15532.11,76.91,3.15,0.10,67.78,,25.09,100.00,11.20,5.32
ATG,2015,89409,1437485185,16077.63,76.89,3.25,0.40,70.00,,25.00,100.00,11.00,4.91
ATG,2016,89969,1489603704,16556.86,76.97,3.50,0.40,70.27,,24.92,100.00,10.80,4.94
ATG,2017,90468,1534855556,16965.73,77.03,3.06,0.40,70.54,,24.85,100.00,10.70,4.66
ATG,2018,90926,1661529630,18273.43,77.13,3.16,0.70,70.82,,24.78,100.00,10.50,4.69
ATG,2019,91364,1726448148,18896.37,77.17,3.75,0.70,71.09,,24.71,100.00,10.30,4.28
ATG,2020,91846,1411637037,15369.61,77.16,3.55,0.90,71.37,,24.64,100.00,10.10,5.68
ATG,2021,92349,1602125926,17348.60,77.20,3.59,0.90,71.65,,24.57,100.00,9.80,4.81
ATG,2022,92840,1857114815,20003.39,77.48,3.69,0.90,71.92,,24.51,100.00,9.60,4.43
ATG,2023,93316,2054096296,22012.26,77.60,3.69,,72.12,,24.45,100.00,9.30,3.91
AUS,2000,19028802,416901962163,21909.00,79.23,18.60,8.40,46.76,,85.11,100.00,6.20,7.59
AUS,2001,19274701,380360222861,19733.65,79.63,18.70,8.40,52.69,33.50,85.15,100.00,6.10,7.67
AUS,2002,19495210,396436967263,20335.10,79.94,18.91,8.70,,,85.28,100.00,6.00,7.87
AUS,2003,19720737,468517181130,23757.59,80.24,18.67,7.20,,33.50,85.41,100.00,5.90,7.88
AUS,2004,19932722,615643050221,30886.05,80.49,19.16,6.70,,33.10,85.52,100.00,5.80,8.08
AUS,2005,20176844,696811489613,34535.21,80.84,19.04,6.70,63.00,,85.62,100.00,5.70,7.96
AUS,2006,20450966,749708370333,36658.82,81.04,19.08,6.80,66.00,,85.75,100.00,5.60,7.97
AUS,2007,20827622,856603595823,41128.25,81.29,19.24,7.00,69.45,,85.90,100.00,5.40,8.05
AUS,2008,21249199,1058448244064,49811.21,81.40,19.03,6.80,71.67,35.40,86.03,100.00,5.20,8.25
AUS,2009,21691653,931761689771,42954.85,81.54,18.92,7.10,74.25,,86.13,100.00,5.00,8.54
AUS,2010,22031750,1152566632022,52313.89,81.70,18.85,8.20,76.00,34.70,86.22,100.00,4.80,8.42
AUS,2011,22340024,1402939868653,62799.39,81.90,18.48,8.30,79.49,,86.33,100.00,4.50,8.53
AUS,2012,22733465,1552728401402,68301.44,82.05,18.18,8.30,79.00,,86.45,100.00,4.30,8.67
AUS,2013,23128129,1583737461925,68476.68,82.15,17.54,9.20,83.45,,86.57,100.00,4.10,8.75
AUS,2014,23475686,1474677007566,62817.21,82.30,16.89,9.30,84.00,34.40,86.72,100.00,4.00,9.83
AUS,2015,23815995,1356805839936,56970.36,82.40,16.82,9.40,84.56,,86.88,100.00,3.90,10.14
AUS,2016,24190907,1211588128418,50084.44,82.45,16.89,9.60,86.54,33.70,87.02,100.00,3.80,10.09
AUS,2017,24592588,1330890554614,54117.55,82.50,16.72,9.90,86.55,,87.13,100.00,3.80,10.11
AUS,2018,24963258,1433144978762,57410.17,82.75,16.39,9.80,90.01,34.30,87.23,100.00,3.80,10.09
AUS,2019,25334826,1398349602956,55194.76,82.90,16.10,10.30,93.61,,87.30,100.00,3.80,10.25
AUS,2020,25649248,1333336461648,51983.45,83.20,15.30,11.20,94.69,33.80,87.27,100.00,3.80,10.70
AUS,2021,25685412,1560617493203,60758.90,83.30,14.98,12.30,96.97,,87.24,100.00,3.70,10.52
AUS,2022,26018721,1695627535476,65169.52,83.20,14.53,,96.12,,87.33,100.00,3.70,9.89
AUS,2023,26659922,1734451264656,65058.38,83.05,14.16,,96.12,,87.49,100.00,3.70,10.40
AUT,2000,8011566,196181599831,24487.30,78.13,8.32,26.40,33.73,29.00,66.77,100.00,5.50,9.39
AUT,2001,8042293,196477206829,24430.50,78.58,8.87,25.50,39.19,,66.84,100.00,5.40,9.45
AUT,2002,8081957,212837224023,26334.86,78.68,9.06,24.70,36.56,,66.89,100.00,5.30,9.59
AUT,2003,8121423,260779834340,32110.12,78.63,9.63,22.60,42.70,29.50,66.93,100.00,5.20,9.70
AUT,2004,8171966,299210411455,36614.25,79.18,9.74,23.20,54.28,29.80,66.96,100.00,5.00,9.82
AUT,2005,8227829,313952317331,38157.37,79.33,9.77,24.40,58.00,28.70,66.98,100.00,4.90,9.72
AUT,2006,8268641,333905979332,40382.21,79.88,9.47,26.60,63.60,29.60,67.00,100.00,4.80,9.64
AUT,2007,8295487,386760177589,46622.96,80.18,9.09,29.00,69.37,30.60,67.02,100.00,4.60,9.60
AUT,2008,8321496,429234399096,51581.40,80.43,9.04,29.70,72.87,30.40,67.04,100.00,4.50,9.83
AUT,2009,8343323,399290118782,47857.44,80.33,8.16,31.30,73.45,31.50,67.07,100.00,4.40,10.31
AUT,2010,8363404,389827789218,46611.14,80.58,8.82,31.10,75.17,30.30,67.10,100.00,4.30,10.32
AUT,2011,8391643,428954737064,51116.90,80.98,8.60,31.60,78.74,30.80,67.15,100.00,4.20,10.14
AUT,2012,8429991,406750487604,48250.41,80.94,8.19,34.40,80.03,30.50,67.21,100.00,4.00,10.30
AUT,2013,8479823,426580502769,50305.35,81.14,8.21,34.60,80.62,30.80,67.30,100.00,3.90,10.41
AUT,2014,8546356,438556021078,51314.97,81.49,7.71,35.70,81.00,30.50,67.42,100.00,3.80,10.51
AUT,2015,8642699,379546097301,43915.23,81.19,7.79,34.80,83.94,30.50,67.56,100.00,3.70,10.52
AUT,2016,8736668,393687359770,45061.50,81.64,7.76,34.60,84.32,30.80,67.72,100.00,3.60,10.52
AUT,2017,8797566,414926138133,47163.74,81.64,7.97,34.00,87.94,29.70,67.91,100.00,3.60,10.57
AUT,2018,8840521,452582294973,51194.07,81.69,7.61,34.10,87.48,30.80,68.10,100.00,3.50,10.52
AUT,2019,8879920,442983642372,49885.99,81.90,7.75,34.00,87.75,30.20,68.32,100.00,3.50,10.63
AUT,2020,8916864,434397601558,48716.41,81.19,7.06,35.80,87.53,29.80,68.54,100.00,3.40,11.41
AUT,2021,8955797,480466363177,53648.64,81.19,7.39,36.00,92.53,30.70,68.77,100.00,3.40,12.19
AUT,2022,9041851,473221298968,52336.77,81.30,6.93,,93.61,30.90,69.00,100.00,3.30,11.23
AUT,2023,9131761,516670509629,56579.50,81.79,6.40,,95.33,31.20,69.23,100.00,3.30,11.15
AZE,2000,8048600,5272615723,655.10,65.38,3.58,2.10,0.15,,51.13,98.90,74.30,2.95
AZE,2001,8111200,5707616204,703.67,66.04,3.42,1.80,0.31,36.50,51.16,98.60,69.30,2.77
AZE,2002,8171950,6236087738,763.11,66.77,3.36,2.40,5.00,25.30,51.21,100.00,64.40,2.73
AZE,2003,8234100,7276413079,883.69,67.04,3.62,2.90,,26.80,51.73,98.80,59.90,2.73
AZE,2004,8306500,8680405741,1045.01,67.49,3.55,3.10,,26.60,52.28,99.00,55.80,2.66
AZE,2005,8391850,13245421881,1578.37,67.71,3.72,3.40,8.03,26.60,52.50,99.10,52.10,2.23
AZE,2006,8484550,20981929498,2472.96,68.49,3.76,2.90,11.99,,52.65,99.50,48.70,2.07
AZE,2007,8581300,33049419431,3851.33,68.66,3.37,3.80,14.54,,52.83,99.50,45.70,1.99
AZE,2008,8763400,48851293785,5574.47,69.36,3.68,3.10,17.08,,53.06,99.70,42.90,2.05
AZE,2009,8947243,44292427185,4950.40,69.87,3.13,3.30,27.40,,53.14,99.90,40.20,2.77
AZE,2010,9054332,52909294792,5843.53,70.31,2.94,4.40,46.00,,53.28,99.90,37.80,2.65
AZE,2011,9173082,65952796428,7189.82,70.57,3.21,3.50,50.00,,53.51,99.90,35.50,2.60
AZE,2012,9295784,69679944504,7495.87,71.08,3.47,2.80,54.20,,53.81,100.00,33.40,3.16
AZE,2013,9416801,74160560124,7875.35,71.49,3.53,2.50,73.00,,54.18,100.00,31.40,3.23
AZE,2014,9535079,75239785452,7890.84,71.93,3.64,2.10,75.00,,54.63,100.00,29.60,3.59
AZE,2015,9649341,53076235355,5500.50,72.35,3.58,2.30,77.00,,55.16,100.00,27.90,4.34
AZE,2016,9757812,37866996883,3880.69,72.57,3.53,1.90,78.20,,55.76,100.00,26.50,4.42
AZE,2017,9854033,40866627352,4147.20,72.69,3.47,1.90,79.00,,56.43,100.00,25.10,4.07
AZE,2018,9939771,47112470052,4739.79,73.02,3.50,1.90,79.80,,57.18,100.00,23.80,3.84
AZE,2019,10024283,48174235294,4805.75,73.29,3.69,1.70,81.10,,58.13,100.00,22.70,4.18
AZE,2020,10093121,42693000000,4229.91,70.31,3.51,1.30,84.60,,58.29,100.00,21.50,5.85
AZE,2021,10137750,54825411765,5408.05,71.00,3.69,1.30,86.00,,58.37,100.00,20.50,4.69
AZE,2022,10141756,78807470588,7770.59,74.13,3.91,,88.00,,58.44,100.00,19.60,3.42
AZE,2023,10153958,72428470588,7133.03,74.43,4.11,,89.00,,58.51,100.00,18.70,4.27
BDI,2000,6470194,870486066,134.54,47.62,0.05,93.20,0.08,,8.04,2.50,152.40,4.22
BDI,2001,6634365,876794723,132.16,48.51,0.04,94.70,0.11,,8.24,2.80,147.50,5.68
BDI,2002,6824132,825394519,120.95,49.92,0.03,94.60,0.12,,8.45,3.10,142.30,5.35
BDI,2003,7043154,784654424,111.41,51.00,0.03,95.80,0.20,,8.68,3.40,136.60,5.27
BDI,2004,7310656,915257323,125.19,52.22,0.03,96.00,0.35,,8.92,3.70,130.40,7.10
BDI,2005,7587299,1117113080,147.23,53.05,0.02,96.00,0.54,,9.18,3.20,123.70,7.56
BDI,2006,7865547,1273375078,161.89,53.96,0.03,95.30,0.66,33.40,9.46,2.70,116.60,8.71
BDI,2007,8161874,1356199387,166.16,54.83,0.05,95.30,0.70,,9.77,4.70,109.50,9.19
BDI,2008,8505637,1611835857,189.50,55.58,0.03,95.00,0.81,,10.11,4.80,102.60,7.74
BDI,2009,8947646,1775495032,198.43,56.42,0.02,94.60,0.90,,10.50,5.40,96.10,9.23
BDI,2010,9376444,2032135192,216.73,57.09,0.03,93.20,1.00,,10.98,5.30,90.20,11.28
BDI,2011,9717978,2235812880,230.07,57.80,0.04,92.10,1.11,,11.56,6.20,84.70,10.07
BDI,2012,10071028,2327402363,231.10,58.50,0.04,91.70,1.22,,12.22,6.50,79.60,8.64
BDI,2013,10439341,2451624638,234.84,59.18,0.04,90.80,1.26,38.60,12.97,6.90,74.90,8.63
BDI,2014,10799785,2705826648,250.54,59.76,0.04,91.30,1.04,,13.78,7.00,70.60,7.21
BDI,2015,11047580,2810532912,254.40,60.11,0.04,91.20,2.00,,14.67,7.90,66.90,6.29
BDI,2016,11239451,2618093125,232.94,60.79,0.04,89.60,2.20,,15.62,8.50,63.70,7.06
BDI,2017,11506762,2831362208,246.06,61.35,0.05,88.20,2.66,,16.62,9.30,60.90,6.95
BDI,2018,11859446,2913411408,245.66,61.81,0.07,85.70,4.02,,17.68,9.50,58.50,7.29
BDI,2019,12255336,2871555326,234.31,62.18,0.06,84.80,6.07,,18.79,9.80,56.20,9.06
BDI,2020,12617036,3188355944,252.70,62.57,0.07,83.40,6.43,37.50,19.93,9.10,54.30,10.71
BDI,2021,12965481,3425127991,264.17,62.10,0.07,83.10,6.78,,21.11,10.20,52.30,8.94
BDI,2022,13321097,4020736757,301.83,62.88,0.07,83.00,7.14,,22.32,10.30,50.30,8.67
BDI,2023,13689450,3419558408,249.80,63.65,0.07,,7.17,,23.55,11.60,48.70,9.09
BEL,2000,10251250,236792460312,23098.89,77.72,12.18,1.40,29.43,33.10,82.02,100.00,5.90,8.00
BEL,2001,10286570,236746141604,23015.07,77.97,12.23,1.60,31.29,,82.34,100.00,5.70,8.15
BEL,2002,10332785,258383599375,25006.19,78.08,11.47,1.70,46.33,,82.65,100.00,5.50,8.32
BEL,2003,10376133,318082528507,30655.21,78.13,11.89,1.90,49.97,28.10,82.96,100.00,5.30,9.19
BEL,2004,10421137,369214712443,35429.41,78.88,11.70,2.00,53.86,30.50,83.27,100.00,5.20,9.35
BEL,2005,10478617,385714762230,36809.70,78.98,11.36,2.50,55.82,29.30,83.56,100.00,5.00,9.25
BEL,2006,10547958,408259840869,38705.11,79.38,11.00,2.90,61.98,28.10,83.86,100.00,4.90,9.13
BEL,2007,10625700,470922156309,44319.17,79.78,10.63,3.40,66.76,29.20,84.15,100.00,4.80,9.14
BEL,2008,10709973,517328087920,48303.40,79.68,10.67,4.00,68.86,28.40,84.43,100.00,4.70,9.60
BEL,2009,10796493,485014525992,44923.34,80.03,9.94,4.90,74.54,28.60,84.70,100.00,4.60,10.54
BEL,2010,10895586,481556503720,44197.39,80.18,10.55,6.20,77.64,28.40,84.97,100.00,4.50,10.41
BEL,2011,11038264,527196649049,47760.83,80.59,9.47,6.70,81.61,28.10,85.23,100.00,4.40,10.41
BEL,2012,11106932,498414364945,44874.17,80.39,9.27,7.70,80.72,27.50,85.49,100.00,4.30,10.59
BEL,2013,11159407,524097026599,46964.59,80.59,9.35,8.30,82.17,27.70,85.74,100.00,4.20,10.64
BEL,2014,11209057,537987419164,47995.78,81.29,8.72,9.10,85.00,28.10,85.98,100.00,4.10,10.62
BEL,2015,11274196,461044767545,40893.80,80.99,9.08,9.40,85.05,27.70,86.22,100.00,4.10,10.88
BEL,2016,11331422,474271566740,41854.55,81.44,8.94,9.20,86.52,27.60,86.45,100.00,4.10,10.90
BEL,2017,11375158,500908767352,44035.32,81.49,8.77,9.70,87.68,27.40,86.67,100.00,4.00,10.94
BEL,2018,11427054,542638913428,47487.21,81.60,8.79,10.70,88.65,27.20,86.89,100.00,4.00,10.99
BEL,2019,11488980,536726344405,46716.62,82.00,8.73,10.20,90.28,27.20,87.10,100.00,3.90,10.86
BEL,2020,11538604,529694473502,45906.29,80.70,7.97,12.30,91.53,26.00,87.30,100.00,3.90,11.46
BEL,2021,11586195,598522422242,51658.24,81.79,8.29,11.70,92.79,26.60,87.43,100.00,3.80,11.29
BEL,2022,11680210,591474463579,50639.03,81.75,7.68,,94.01,26.40,87.49,100.00,3.80,10.74
BEL,2023,11779946,650779364364,55244.68,82.40,7.28,,94.63,26.80,87.55,100.00,3.70,10.80
BEN,2000,7221619,3519991440,487.42,56.59,0.21,70.30,0.23,,38.28,21.50,135.00,2.96
BEN,2001,7445596,3666222635,492.40,56.65,0.25,66.90,0.36,,38.62,21.90,131.70,3.30
BEN,2002,7675426,4194342686,546.46,56.85,0.28,64.00,0.70,,39.00,23.40,128.50,3.10
BEN,2003,7913070,5349258094,676.00,57.09,0.30,61.70,0.95,38.60,39.42,24.30,125.40,3.12
BEN,2004,8159094,6190270380,758.70,57.35,0.31,60.70,1.18,,39.85,25.20,122.50,3.23
BEN,2005,8426144,6567654954,779.44,57.74,0.33,59.20,1.27,,40.31,26.10,119.70,3.22
BEN,2006,8693242,7034111315,809.15,57.97,0.44,57.30,1.54,,40.79,27.90,117.00,3.29
BEN,2007,8953969,8169048383,912.34,58.25,0.49,54.50,1.79,,41.29,28.00,114.40,2.94
BEN,2008,9228466,9787734526,1060.60,58.10,0.47,54.80,1.85,,41.80,29.00,112.00,2.65
BEN,2009,9509423,9738626517,1024.10,58.26,0.49,52.80,2.24,,42.34,30.00,109.70,2.90
BEN,2010,9797484,9535345016,973.24,58.39,0.52,47.20,3.13,,42.89,34.20,107.40,3.02
BEN,2011,10093623,10693321364,1059.41,58.46,0.49,48.70,4.15,43.40,43.46,36.90,105.10,3.00
BEN,2012,10397657,11141358116,1071.53,58.56,0.45,50.30,4.50,,44.05,38.40,102.90,3.08
BEN,2013,10708834,12517845124,1168.93,58.86,0.46,52.00,4.90,,44.65,34.70,100.60,2.87
BEN,2014,11030004,13284527847,1204.40,59.01,0.49,51.00,6.00,,45.29,34.10,98.40,2.69
BEN,2015,11360681,11388160997,1002.42,59.12,0.51,49.90,11.26,47.60,45.94,29.60,96.10,2.73
BEN,2016,11697842,11821065853,1010.53,59.28,0.61,45.40,14.50,,46.61,37.00,94.00,3.62
BEN,2017,12039780,12701655837,1054.97,59.53,0.60,45.40,18.70,,47.29,34.50,91.80,3.67
BEN,2018,12383347,14262408090,1151.74,59.71,0.67,44.00,19.00,37.90,48.00,39.00,89.40,3.44
BEN,2019,12726755,14391686313,1130.82,59.89,0.64,46.50,20.50,,48.71,40.00,87.00,3.00
BEN,2020,13070169,15686741884,1200.19,60.15,0.67,46.20,22.12,,49.45,41.00,84.60,3.05
BEN,2021,13413417,17687623530,1318.65,59.61,0.50,54.50,28.20,34.40,50.20,42.00,82.20,2.92
BEN,2022,13759501,17425405091,1266.43,60.48,0.51,,30.54,,50.96,56.50,79.60,2.98
BEN,2023,14111034,19673291004,1394.18,60.77,0.49,,32.39,,51.75,57.00,77.20,3.34
BFA,2000,11925546,2968370088,248.91,50.81,0.07,83.90,0.08,,18.00,9.10,176.00,4.02
BFA,2001,12295001,3190371081,259.49,51.19,0.08,81.70,0.16,,18.86,9.50,171.90,3.96
BFA,2002,12680897,3622350063,285.65,51.45,0.09,81.80,0.20,,19.73,9.90,167.30,4.18
BFA,2003,13082532,4740768143,362.37,51.96,0.09,80.80,0.37,43.30,20.56,11.40,162.30,4.42
BFA,2004,13500533,5451688538,403.81,52.60,0.08,82.00,0.40,,21.34,10.70,156.80,5.23
BFA,2005,13932123,6146353173,441.16,53.27,0.08,85.40,0.47,,22.02,11.10,150.80,4.84
BFA,2006,14373707,6547419820,455.51,53.78,0.08,84.80,0.63,,22.55,11.60,144.40,5.17
BFA,2007,14816307,7625722837,514.68,54.38,0.11,82.90,0.75,,22.97,12.00,138.10,5.78
BFA,2008,15258093,9451435490,619.44,55.20,0.12,83.50,0.92,,23.36,12.50,132.10,4.97
BFA,2009,15710066,9450696873,601.57,55.79,0.12,83.30,1.13,39.80,23.75,12.60,126.50,5.20
BFA,2010,16176498,10109619741,624.96,56.34,0.12,82.10,2.40,,24.12,13.10,121.30,5.29
BFA,2011,16661908,12080295978,725.02,57.00,0.13,81.40,3.00,,24.47,14.80,116.60,4.65
BFA,2012,17172287,12561015157,731.47,57.46,0.15,79.20,3.72,,24.80,15.10,112.30,4.60
BFA,2013,17695409,13444300486,759.76,57.90,0.17,78.70,5.00,,25.11,15.40,108.20,5.56
BFA,2014,18229461,13943016077,764.86,58.33,0.15,78.90,6.00,35.30,25.38,19.20,104.30,5.00
BFA,2015,18777487,11832159316,630.12,58.78,0.21,78.80,6.55,,25.62,16.20,100.80,5.13
BFA,2016,19334856,12833363045,663.74,59.17,0.20,77.10,7.14,,25.82,16.60,97.40,5.95
BFA,2017,19894407,14106955615,709.09,59.58,0.23,74.60,7.79,,25.98,17.00,94.10,6.12
BFA,2018,20438288,15890066221,777.47,59.97,0.26,73.70,8.50,43.00,26.08,14.40,91.00,4.94
BFA,2019,20961952,16032813503,764.85,60.18,0.27,72.70,9.27,,26.12,17.60,88.10,5.35
BFA,2020,21478690,17725010533,825.24,60.45,0.27,73.10,12.97,,26.36,18.50,85.10,6.89
BFA,2021,21995243,19697516284,895.54,60.05,0.29,71.20,18.15,37.40,26.81,19.00,82.40,7.09
BFA,2022,22509038,18622421395,827.33,60.70,0.29,71.40,25.40,,27.28,19.50,79.80,7.41
BFA,2023,23025776,20106062972,873.20,61.09,0.27,,25.36,,27.79,21.70,77.40,7.80
BGD,2000,134544304,53369787319,396.67,62.05,0.20,60.20,0.07,33.40,23.31,32.00,85.50,1.81
BGD,2001,136805810,53991289844,394.66,62.84,0.24,55.90,0.13,,23.70,35.00,80.20,1.77
BGD,2002,138933658,54724081491,393.89,63.59,0.25,54.40,0.14,,24.11,37.80,75.30,1.93
BGD,2003,140970351,60158929188,426.75,64.29,0.26,52.60,0.16,,24.55,40.50,70.80,1.96
BGD,2004,142902856,65108544250,455.61,64.91,0.27,52.00,0.20,,25.01,40.60,66.80,2.00
BGD,2005,144715786,69476001239,480.09,65.51,0.28,50.60,0.24,33.20,25.48,44.20,63.00,2.06
BGD,2006,146405973,71795736172,490.39,66.05,0.30,48.60,1.00,,25.95,50.50,59.60,2.11
BGD,2007,147989278,79611644975,537.96,66.46,0.31,47.20,1.80,,26.42,46.50,56.50,2.17
BGD,2008,149474264,91636997371,613.06,67.05,0.34,45.20,2.50,,26.87,54.30,53.60,2.12
BGD,2009,150873714,102475158191,679.21,67.53,0.37,43.10,3.10,,27.31,57.10,51.10,2.18
BGD,2010,152201981,115275540051,757.39,68.01,0.40,40.30,3.70,32.10,27.73,55.30,48.70,2.29
BGD,2011,153591076,128607482310,837.34,68.50,0.43,38.40,4.50,,28.11,59.60,46.50,2.36
BGD,2012,155070101,133310747603,859.68,68.99,0.45,37.30,5.00,,28.48,65.50,44.40,2.35
BGD,2013,156532141,149998957434,958.26,69.49,0.46,37.00,6.63,,28.84,61.50,42.40,2.30
BGD,2014,157964929,172886611654,1094.46,70.02,0.49,35.40,9.05,,29.19,62.40,40.50,2.28
BGD,2015,159383179,195146608978,1224.39,70.54,0.54,33.10,12.37,,29.54,74.00,38.50,2.27
BGD,2016,160811932,265224515675,1649.28,71.08,0.58,30.20,16.90,32.40,29.88,75.90,36.70,2.39
BGD,2017,162186147,293732446625,1811.08,71.61,0.62,28.10,21.50,,30.20,88.00,35.00,2.37
BGD,2018,163523103,321362752442,1965.24,72.12,0.64,27.00,25.57,,30.52,86.90,33.50,2.32
BGD,2019,164913055,351231654604,2129.80,72.63,0.66,26.10,30.38,,30.82,92.20,32.30,2.13
BGD,2020,166298024,373979442362,2248.85,71.42,0.63,27.20,36.11,,31.12,96.20,31.40,2.18
BGD,2021,167658854,416271647911,2482.85,71.10,0.70,25.00,38.92,,31.40,99.00,30.90,2.27
BGD,2022,169384897,460131689083,2716.49,74.27,0.71,,41.62,30.90,31.67,99.40,30.70,2.22
BGD,2023,171466990,437415333018,2551.02,74.67,0.69,,44.50,,32.16,99.50,30.60,2.17
BGR,2000,8170172,13246669554,1621.35,71.66,5.90,8.00,5.37,,68.26,88.10,17.50,5.83
BGR,2001,8009142,14184170319,1771.00,71.77,6.30,7.20,7.61,32.70,69.20,88.60,16.70,6.86
BGR,2002,7837161,16403880783,2093.09,71.87,6.07,8.70,9.08,,69.49,89.10,16.00,7.08
BGR,2003,7775327,21146038619,2719.63,72.07,6.88,9.20,12.04,28.90,69.78,89.60,15.10,7.20
BGR,2004,7716860,26159078743,3389.86,72.56,6.67,9.60,18.13,,69.92,90.10,14.20,6.89
BGR,2005,7658972,29870182425,3900.03,72.56,6.85,9.80,19.97,,70.09,90.60,13.30,6.89
BGR,2006,7601022,34382295487,4523.38,72.61,7.11,10.00,27.09,35.70,70.51,91.20,12.50,6.53
BGR,2007,7545338,44433521725,5888.87,72.66,7.64,8.80,33.64,36.10,70.68,91.70,11.90,6.16
BGR,2008,7492561,54483464293,7271.67,72.96,7.28,9.90,39.67,33.60,70.90,92.30,11.40,6.28
BGR,2009,7444443,52026461290,6988.63,73.41,6.25,11.60,45.00,33.80,71.30,92.90,11.10,6.60
BGR,2010,7395599,50691645231,6854.30,73.51,6.69,14.30,46.23,35.70,71.51,93.50,10.90,7.09
BGR,2011,7348328,57684243980,7849.98,74.16,7.46,13.20,47.98,34.30,72.61,94.10,10.40,7.10
BGR,2012,7305888,54299825600,7432.34,74.31,6.83,15.60,51.90,36.00,72.77,94.70,9.90,7.54
BGR,2013,7160005,55822115861,7796.38,74.86,6.21,18.20,53.06,36.60,72.96,95.30,9.30,7.14
BGR,2014,7073572,57083817240,8070.01,74.47,6.69,17.10,55.49,37.40,73.08,95.90,8.70,7.68
BGR,2015,6984225,50768512173,7269.03,74.61,7.14,17.90,56.66,38.60,73.10,96.60,8.20,7.39
BGR,2016,6894139,53932152154,7822.90,74.81,6.84,17.70,59.83,40.60,73.18,97.30,7.70,7.46
BGR,2017,6803468,59170671046,8697.13,74.81,7.24,17.10,63.41,40.40,73.39,98.10,7.30,7.50
BGR,2018,6710798,66100606677,9849.89,74.96,6.90,19.60,64.78,41.30,73.60,98.70,7.00,7.34
BGR,2019,6616726,68511235459,10354.25,75.11,6.75,19.30,67.95,40.30,73.72,99.20,6.70,7.12
BGR,2020,6550696,70490478088,10760.76,73.36,6.02,21.10,70.16,40.50,73.32,99.70,6.50,8.44
BGR,2021,6507301,84378926047,12966.81,71.21,7.05,20.40,75.27,39.00,73.35,99.80,6.30,8.58
BGR,2022,6465097,90510784778,13999.91,74.16,7.65,,79.13,38.20,73.48,100.00,6.10,7.64
BGR,2023,6446596,102204457335,15854.02,75.76,5.73,,80.39,39.50,73.73,100.00,5.90,7.92
BHR,2000,637582,9062898936,14214.48,74.67,27.87,0.00,6.15,,87.84,100.00,12.50,3.20
BHR,2001,661316,8976196809,13573.23,74.94,27.83,0.00,15.04,,87.84,100.00,12.00,3.34
BHR,2002,710553,9593510638,13501.47,75.21,27.06,0.00,18.05,,88.14,100.00,11.60,3.53
BHR,2003,764517,11074813830,14486.03,75.49,26.02,0.00,21.55,,88.83,100.00,11.30,3.73
BHR,2004,823741,13150159574,15963.95,75.79,24.18,0.00,21.46,,89.86,100.00,11.00,3.35
BHR,2005,888822,15968723404,17966.17,76.13,26.29,0.00,21.30,,91.17,100.00,10.60,3.13
BHR,2006,960424,18504760638,19267.28,76.51,26.50,0.00,28.24,,92.72,100.00,10.30,2.98
BHR,2007,1039295,21730000000,20908.40,76.95,24.87,0.00,32.91,,94.46,100.00,9.80,3.16
BHR,2008,1103496,25710904255,23299.50,77.46,25.07,0.00,51.95,,96.35,100.00,9.40,3.07
BHR,2009,1178415,22938218085,19465.31,78.02,23.47,0.00,53.00,,98.33,100.00,9.00,4.15
BHR,2010,1228543,26805984043,21819.33,78.59,23.47,0.00,55.00,,100.00,100.00,8.60,3.92
BHR,2011,1195020,29914680851,25032.79,79.14,24.27,0.00,77.00,,100.00,100.00,8.30,3.72
BHR,2012,1208964,31963404255,26438.67,79.62,24.99,0.00,88.00,,100.00,100.00,8.10,3.95
BHR,2013,1253191,33823324468,26989.76,80.00,25.64,0.00,90.00,,100.00,100.00,7.90,4.14
BHR,2014,1314562,34772526596,26451.80,80.21,25.32,0.00,90.50,,100.00,100.00,7.80,4.24
BHR,2015,1370322,32523297872,23734.06,80.34,24.42,0.00,93.48,,100.00,100.00,7.70,4.75
BHR,2016,1423726,33884680851,23800.00,80.41,23.50,0.00,98.00,,100.00,100.00,7.60,4.62
BHR,2017,1501116,37204813830,24784.77,80.41,22.48,0.00,95.88,,100.00,100.00,7.70,4.30
BHR,2018,1503091,39567978723,26324.41,80.41,22.50,0.00,98.64,,100.00,100.00,7.70,3.94
BHR,2019,1483756,40446808511,27259.74,80.47,24.83,0.00,99.70,,100.00,100.00,7.80,3.78
BHR,2020,1472204,35837632979,24342.84,78.68,25.02,0.00,99.67,,100.00,100.00,8.00,4.56
BHR,2021,1504365,40840212766,27147.81,78.08,24.83,0.00,100.00,,100.00,100.00,8.20,4.33
BHR,2022,1524693,46458191489,30470.52,80.99,25.47,,100.00,,100.00,100.00,8.40,3.89
BHR,2023,1577059,46192260638,29290.13,81.28,24.53,,100.00,,100.00,100.00,8.60,4.00
BHS,2000,323835,8076470000,24940.08,72.48,3.08,0.00,8.00,,81.04,100.00,16.20,3.80
BHS,2001,327836,8317830000,25371.92,72.77,3.03,0.40,11.80,,81.15,100.00,16.30,3.92
BHS,2002,331614,8881160000,26781.62,73.02,3.28,0.40,18.00,,81.31,100.00,16.50,3.81
BHS,2003,335618,8870090000,26429.12,73.21,2.41,1.50,20.00,,81.48,100.00,16.70,4.02
BHS,2004,339782,9055290000,26650.29,73.24,2.57,1.60,22.00,,81.67,100.00,16.80,4.05
BHS,2005,343894,9836200000,28602.42,73.41,2.50,1.70,25.00,,81.86,100.00,16.90,4.03
BHS,2006,348375,10167250000,29184.79,73.46,3.14,2.00,26.00,,82.04,100.00,16.80,4.31
BHS,2007,353334,10618340000,30051.85,73.46,3.72,3.50,27.00,,82.20,100.00,16.50,4.50
BHS,2008,358120,10526000000,29392.38,73.45,3.80,2.00,31.54,,82.32,100.00,16.20,4.86
BHS,2009,362810,9981960000,27512.91,73.46,3.12,1.50,33.88,,82.40,100.00,15.80,5.15
BHS,2010,367478,10095760000,27473.10,73.45,3.49,1.30,43.00,,82.42,100.00,15.40,5.26
BHS,2011,371729,10070450000,27090.84,73.57,2.30,1.40,65.00,,82.41,100.00,15.10,5.32
BHS,2012,375469,10720400000,28552.02,73.71,2.71,1.40,71.75,,82.39,100.00,14.70,5.32
BHS,2013,378953,10475300000,27642.74,73.93,2.88,1.40,72.00,,82.36,100.00,14.40,5.68
BHS,2014,382298,11139100000,29137.22,74.03,2.97,1.40,76.92,,82.32,100.00,14.20,5.64
BHS,2015,385346,11837600000,30719.41,73.81,2.91,1.40,78.00,,82.26,100.00,14.00,5.24
BHS,2016,388055,11880900000,30616.54,74.04,3.21,1.20,80.00,,82.18,100.00,13.80,5.66
BHS,2017,390485,12446900000,31875.49,74.03,3.52,1.10,80.60,,82.08,100.00,13.70,6.60
BHS,2018,392717,12819200000,32642.34,74.06,3.08,1.10,83.00,,81.96,100.00,13.50,5.84
BHS,2019,394675,13277000000,33640.34,71.41,3.68,1.10,90.69,,81.83,100.00,24.30,5.70
BHS,2020,395863,10363200000,26178.75,72.99,2.96,1.40,92.44,,81.66,100.00,13.30,7.40
BHS,2021,396373,12037000000,30367.86,70.75,3.66,1.10,92.35,,81.48,100.00,13.10,6.79
BHS,2022,397538,13896800000,34957.16,74.49,3.54,1.10,92.26,,81.32,100.00,12.90,7.04
BHS,2023,399440,15271300000,38231.77,74.55,3.53,,92.39,,81.32,100.00,12.70,6.30
BIH,2000,4159771,5567772769,1338.48,75.29,3.43,19.40,1.08,,42.55,99.00,9.50,7.96
BIH,2001,4179438,5800615375,1387.89,75.57,3.37,20.30,1.20,30.00,42.88,99.40,8.90,7.57
BIH,2002,4188002,6728220983,1606.55,75.99,3.54,21.20,2.65,,43.20,98.50,8.40,7.40
BIH,2003,4178523,8498894359,2033.95,76.45,3.63,20.10,3.97,,43.52,99.00,8.00,8.28
BIH,2004,4140987,10156541221,2452.69,76.49,3.87,20.10,15.47,34.00,43.84,99.10,7.60,9.06
BIH,2005,4096493,11222796337,2739.61,76.42,4.11,19.70,21.33,,44.16,99.10,7.40,8.82
BIH,2006,4063272,12864841906,3166.13,76.03,4.60,18.10,25.12,,44.48,99.40,7.20,8.88
BIH,2007,4013424,15778734264,3931.49,76.16,4.91,14.80,27.92,34.30,44.79,99.70,7.10,9.26
BIH,2008,3947544,19112796623,4841.69,76.30,5.49,14.30,34.66,,45.11,99.30,7.00,9.49
BIH,2009,3879794,17613949091,4539.92,76.70,5.58,17.40,37.74,,45.42,99.40,6.90,9.02
BIH,2010,3811472,17176315804,4506.48,76.83,5.83,19.60,42.75,,45.74,99.50,6.80,9.01
BIH,2011,3741798,18644233537,4982.69,76.96,6.75,14.20,43.89,33.30,46.05,99.70,6.80,9.17
BIH,2012,3670113,17226735996,4693.79,77.04,6.35,15.30,45.06,,46.37,99.70,6.70,9.48
BIH,2013,3610859,18179109209,5034.57,77.13,6.43,19.50,48.52,,46.70,99.50,6.70,9.44
BIH,2014,3564829,18558734107,5206.07,77.09,5.83,23.60,49.92,,47.13,99.90,6.70,9.47
BIH,2015,3518541,16404348361,4662.26,77.07,5.92,25.20,52.60,32.90,47.57,99.70,6.70,9.24
BIH,2016,3473003,17116926554,4928.57,77.12,6.77,23.00,60.26,,48.02,100.00,6.80,9.14
BIH,2017,3428682,18326373136,5345.02,77.39,7.00,18.50,64.89,,48.49,100.00,6.80,8.82
BIH,2018,3387000,20484058033,6047.85,77.94,7.10,35.40,70.12,,48.97,100.00,6.80,8.76
BIH,2019,3345533,20482608984,6122.38,77.39,6.75,36.80,69.95,,49.47,100.00,6.70,8.93
BIH,2020,3299349,20226038370,6130.31,76.04,6.83,37.70,73.21,,49.97,100.00,6.60,9.70
BIH,2021,3244907,23672712121,7295.34,74.57,7.09,36.60,75.68,30.30,50.49,100.00,6.40,9.56
BIH,2022,3204802,24534663636,7655.59,76.78,6.99,,78.85,,51.02,100.00,6.20,8.72
BIH,2023,3185073,27592361498,8663.02,77.85,6.54,,83.38,,51.57,100.00,6.00,8.92
BLR,2000,9979610,12736856828,1276.29,68.91,5.64,5.70,1.86,31.20,69.92,89.00,12.80,5.28
BLR,2001,9928549,12354820144,1244.37,68.51,5.54,6.30,4.30,30.60,70.31,89.50,11.80,5.71
BLR,2002,9865548,14594900945,1479.38,68.06,5.59,6.50,8.95,30.30,70.88,90.00,10.90,5.62
BLR,2003,9796749,17825444724,1819.53,68.55,5.70,6.20,,28.80,71.31,90.50,10.10,5.77
BLR,2004,9730146,23141566293,2378.34,68.96,6.08,6.30,,26.50,71.77,91.00,9.40,5.74
BLR,2005,9663915,30210091837,3126.07,68.85,6.21,6.80,,27.60,72.03,91.50,8.70,6.07
BLR,2006,9604924,36961894281,3848.22,69.40,6.50,7.20,16.20,28.30,72.61,92.10,8.00,5.57
BLR,2007,9560953,45275711996,4735.48,70.21,6.39,7.30,19.70,29.60,73.09,92.60,7.30,5.69
BLR,2008,9527985,60752106347,6376.18,70.46,6.80,7.10,23.00,27.80,73.55,93.20,6.60,5.29
BLR,2009,9504583,50873167326,5352.49,70.41,6.48,7.40,27.43,27.70,74.19,93.80,6.10,5.39
BLR,2010,9483836,57231904543,6034.68,70.40,6.97,7.30,31.80,28.60,74.55,94.40,5.60,5.66
BLR,2011,9461643,61762382328,6527.66,70.55,6.65,7.50,39.65,27.20,75.06,95.00,5.20,4.87
BLR,2012,9446836,65685890439,6953.22,71.97,6.80,7.20,46.91,26.50,75.53,95.60,4.90,5.25
BLR,2013,9443211,75527558966,7998.08,72.47,6.82,7.00,54.17,26.60,75.95,96.20,4.60,5.70
BLR,2014,9448515,78813069121,8341.32,72.97,6.77,6.70,59.02,27.20,76.34,96.80,4.30,5.39
BLR,2015,9461076,56454769845,5967.06,73.62,6.25,6.80,62.23,25.60,76.63,97.40,4.10,6.07
BLR,2016,9469379,47723545321,5039.78,73.83,6.24,6.70,71.11,25.30,76.85,98.00,3.90,5.91
BLR,2017,9458989,54725405751,5785.54,74.13,6.37,7.30,74.44,25.40,77.02,98.70,3.60,5.76
BLR,2018,9438785,60031026576,6360.04,74.18,6.72,7.20,79.13,25.20,77.21,99.30,3.40,5.53
BLR,2019,9419758,64410170653,6837.77,74.23,6.50,7.80,82.79,25.30,77.46,100.00,3.10,5.86
BLR,2020,9379952,61371673345,6542.86,72.14,6.20,8.40,85.09,24.40,77.79,100.00,2.90,6.41
BLR,2021,9302585,69673747132,7489.72,72.07,6.30,8.20,86.89,,78.13,100.00,2.70,6.57
BLR,2022,9228071,73775179925,7994.65,74.10,6.06,,89.51,,78.47,100.00,2.60,6.58
BLR,2023,9178298,72478760370,7896.75,74.18,5.86,,91.51,,78.81,100.00,2.40,7.08
BLZ,2000,240799,1138138100,4726.51,68.91,0.58,34.50,5.96,,47.68,79.00,24.50,2.94
BLZ,2001,248379,1172045150,4718.78,68.94,0.57,23.90,,,47.63,80.20,23.60,3.45
BLZ,2002,256009,1243912050,4858.86,69.53,0.56,25.70,5.68,,47.49,81.00,22.80,3.56
BLZ,2003,263780,1308280250,4959.74,69.82,0.57,24.40,,,47.28,81.80,22.10,3.53
BLZ,2004,271688,1400202000,5153.71,70.15,0.50,26.30,9.80,,47.02,82.60,21.50,3.42
BLZ,2005,279731,1474298400,5270.41,70.34,0.54,25.60,17.00,,46.73,83.50,21.00,3.44
BLZ,2006,287878,1590463100,5524.78,70.54,0.61,32.70,24.00,,46.41,91.00,20.60,3.55
BLZ,2007,296100,1706190450,5762.21,70.65,0.57,28.00,24.60,,46.08,85.20,20.20,4.05
BLZ,2008,304361,1738453600,5711.81,70.67,0.53,29.80,26.30,,45.76,86.10,19.70,4.51
BLZ,2009,312614,1688012750,5399.67,70.81,0.63,25.10,27.20,,45.46,86.90,19.30,4.50
BLZ,2010,320245,1748988400,5461.41,70.88,0.73,29.40,28.20,,45.19,89.90,18.80,4.48
BLZ,2011,327298,1831576700,5596.05,70.98,0.46,42.20,30.70,,44.94,91.70,18.30,4.53
BLZ,2012,334414,1917083500,5732.67,71.13,0.49,47.90,31.00,,44.69,90.90,17.70,4.34
BLZ,2013,341627,2035191450,5957.35,71.28,0.60,38.00,33.60,,44.44,91.10,17.00,4.42
BLZ,2014,348923,2138242200,6128.12,71.44,0.59,37.40,38.70,,44.19,91.50,16.30,4.87
BLZ,2015,356333,2193095150,6154.62,71.65,0.69,30.30,41.59,,43.93,91.80,15.60,4.66
BLZ,2016,364705,2239604950,6140.87,71.84,0.72,33.30,44.58,,43.68,93.30,15.00,4.77
BLZ,2017,373202,2266028250,6071.85,72.06,0.76,37.20,48.88,,43.42,94.20,14.40,4.62
BLZ,2018,380226,2285915050,6011.99,72.32,0.75,35.50,53.59,39.90,43.16,91.70,13.90,4.76
BLZ,2019,385829,2381187850,6171.61,72.58,1.03,30.40,58.77,,42.91,92.70,13.50,4.82
BLZ,2020,390812,2047284600,5238.54,71.58,0.82,31.40,64.44,,42.65,96.80,13.20,5.34
BLZ,2021,395346,2428606250,6142.99,70.92,0.85,26.60,70.65,,42.39,97.70,13.00,5.05
BLZ,2022,402733,2846604350,7068.22,72.19,0.88,30.80,69.98,,42.14,98.60,12.80,4.22
BLZ,2023,411106,3052362650,7424.76,73.57,0.91,,70.19,,41.95,99.60,12.80,4.15
BMU,2000,61550,3480219000,56542.96,78.25,2.44,0.50,42.95,,100.00,100.00,,
BMU,2001,61867,3680483000,59490.25,78.64,2.40,0.50,47.51,,100.00,100.00,,
BMU,2002,62142,3937228000,63358.57,78.84,2.66,0.50,52.03,,100.00,100.00,,
BMU,2003,62386,4186525000,67106.80,78.72,2.74,0.50,56.52,,100.00,100.00,,
BMU,2004,62555,4484703000,71692.16,78.90,2.77,0.50,60.99,,100.00,100.00,,
BMU,2005,62711,4868136000,77628.10,78.87,2.97,0.50,65.45,,100.00,100.00,,
BMU,2006,62834,6144000000,97781.46,78.87,3.69,0.40,69.90,,100.00,100.00,,
BMU,2007,63010,6767000000,107395.65,79.01,4.40,0.50,74.35,,100.00,100.00,,
BMU,2008,63300,6980000000,110268.56,79.10,4.41,0.50,82.30,,100.00,100.00,,
BMU,2009,63565,6656000000,104711.71,79.23,3.85,0.40,83.25,,100.00,100.00,,
BMU,2010,63725,6634526000,104111.82,79.41,4.85,0.40,84.21,,100.00,100.00,,
BMU,2011,63733,6312691000,99049.02,79.65,2.41,0.40,88.34,,100.00,100.00,,
BMU,2012,63646,6378188000,100213.49,79.85,2.79,0.40,91.30,,100.00,100.00,,
BMU,2013,63574,6465756000,101704.41,80.02,3.11,1.50,95.30,,100.00,100.00,,
BMU,2014,63529,6413988000,100961.58,80.20,4.28,0.40,96.80,,100.00,100.00,,
BMU,2015,63464,6654541000,104855.37,80.34,3.64,0.60,98.32,,100.00,100.00,,
BMU,2016,63449,6899911000,108747.36,80.48,4.91,1.10,98.00,,100.00,100.00,,
BMU,2017,63578,7142316000,112339.43,80.69,4.49,0.60,98.37,,100.00,100.00,,
BMU,2018,63831,7225977000,113204.82,80.99,4.71,0.70,,,100.00,100.00,,
BMU,2019,64107,7423465000,115798.04,81.25,4.72,0.80,,,100.00,100.00,,
BMU,2020,64382,6887364000,106976.55,81.46,3.33,0.90,,,100.00,100.00,,
BMU,2021,64648,7290037000,112765.08,81.75,3.79,0.90,,,100.00,100.00,,
BMU,2022,64749,7767884000,119969.17,82.06,3.98,0.90,,,100.00,100.00,,
BMU,2023,64698,8602360000,132961.76,82.31,3.99,,,,100.00,100.00,,
BOL,2000,8606326,8397855485,975.78,62.06,0.95,29.20,1.44,61.60,61.86,70.00,70.70,4.40
BOL,2001,8752736,8141516928,930.17,62.54,0.91,29.00,2.12,57.40,62.34,69.30,66.30,4.83
BOL,2002,8900355,7905485146,888.22,63.07,0.95,28.10,3.12,59.30,62.82,64.00,62.10,4.90
BOL,2003,9050700,8082399640,893.01,63.46,1.00,27.00,3.51,,63.29,72.30,58.20,5.20
BOL,2004,9204287,8773451752,953.19,63.82,1.03,25.80,4.44,55.00,63.76,75.90,54.50,4.86
BOL,2005,9360754,9549122905,1020.12,64.18,1.06,24.60,5.23,58.50,64.21,68.30,51.00,5.07
BOL,2006,9521689,11451844902,1202.71,64.53,1.13,23.70,6.20,56.70,64.66,76.20,47.70,4.66
BOL,2007,9685960,13120108008,1354.55,64.94,1.24,22.10,10.50,54.50,65.11,80.20,44.70,4.70
BOL,2008,9850858,16674276286,1692.67,65.30,1.30,21.30,12.50,50.80,65.54,84.70,41.80,4.61
BOL,2009,10016275,17339992194,1731.18,65.66,1.36,20.60,16.80,49.20,65.98,86.80,39.10,5.17
BOL,2010,10182345,19649723722,1929.78,66.00,1.45,19.90,22.40,,66.41,88.00,36.70,5.20
BOL,2011,10348929,23963164697,2315.52,66.28,1.56,18.10,30.00,46.10,66.83,88.30,34.40,5.17
BOL,2012,10515807,27084497482,2575.60,66.59,1.62,17.40,35.34,46.60,67.26,90.40,32.30,5.25
BOL,2013,10682608,30659338886,2870.02,66.78,1.69,16.00,36.99,47.60,67.67,89.50,30.30,5.57
BOL,2014,10848888,32996188017,3041.44,66.97,1.79,15.00,34.60,47.80,68.04,90.00,28.40,5.90
BOL,2015,11014705,33000198249,2996.01,67.21,1.81,14.20,37.49,46.70,68.40,91.50,26.70,6.55
BOL,2016,11180020,33941126194,3035.87,67.39,1.91,13.60,39.70,45.20,68.74,91.80,25.00,6.83
BOL,2017,11344587,45927439595,4048.40,67.54,1.92,14.30,43.83,44.60,69.08,91.80,23.40,6.49
BOL,2018,11508368,48414038842,4206.86,67.70,1.91,14.30,44.29,42.60,69.41,92.80,22.00,6.60
BOL,2019,11671386,49056643589,4203.15,67.82,1.88,13.50,47.47,41.60,69.73,95.10,20.60,6.89
BOL,2020,11816299,42313784081,3580.97,62.91,1.57,16.90,59.94,43.60,70.04,97.20,19.30,8.02
BOL,2021,11937360,47877892402,4010.76,61.43,1.83,12.80,65.98,40.90,70.35,98.60,18.20,8.16
BOL,2022,12077154,50959081954,4219.46,67.43,1.94,,72.62,41.20,70.64,99.90,17.30,7.16
BOL,2023,12244159,52340206946,4274.71,68.58,1.99,,77.30,42.10,70.92,99.80,16.40,6.92
BRA,2000,174018282,655448231984,3766.55,69.58,2.01,42.70,2.87,,81.15,94.40,34.40,8.33
BRA,2001,176301203,559983634799,3176.29,69.98,1.99,41.30,4.53,58.40,81.60,96.00,32.20,8.55
BRA,2002,178503484,509795273807,2855.94,70.40,1.97,42.90,9.15,58.10,81.99,96.70,30.10,8.70
BRA,2003,180622688,558233745652,3090.61,70.88,1.92,45.10,13.21,57.60,82.35,97.00,28.20,8.19
BRA,2004,182675143,669289424806,3663.82,71.36,2.00,45.20,19.07,56.50,82.68,96.80,26.30,8.12
BRA,2005,184688101,891633839894,4827.78,71.83,2.00,46.10,21.02,56.30,82.98,97.10,24.60,8.04
BRA,2006,186653106,1107626541435,5934.14,72.30,2.00,46.70,28.18,55.60,83.27,97.60,23.10,8.25
BRA,2007,188552320,1397114486369,7409.69,72.73,2.08,47.20,30.88,54.90,83.54,98.10,21.70,8.20
BRA,2008,190367302,1695855083498,8908.33,73.11,2.17,47.00,33.83,54.00,83.80,98.50,20.50,8.01
BRA,2009,192079951,1666996438581,8678.66,73.46,2.01,48.90,39.22,53.70,84.07,98.90,19.50,8.39
BRA,2010,193701929,2208837745101,11403.28,73.78,2.27,46.80,40.65,,84.34,98.60,18.60,7.95
BRA,2011,195284734,2616156223918,13396.62,74.05,2.37,45.20,45.69,52.90,84.62,99.30,17.90,7.79
BRA,2012,196876111,2465227802807,12521.72,74.34,2.53,43.50,48.56,53.40,84.90,99.50,17.20,7.74
BRA,2013,198478299,2472819535557,12458.89,74.61,2.64,42.30,51.04,52.70,85.17,99.60,16.70,7.98
BRA,2014,200085127,2456043727199,12274.99,74.82,2.73,41.70,54.55,52.10,85.43,99.70,16.30,8.40
BRA,2015,201675532,1802212206815,8936.20,75.11,2.57,43.70,58.33,51.90,85.69,99.70,16.00,8.91
BRA,2016,203218114,1795693482853,8836.29,75.08,2.38,45.40,60.87,53.40,85.95,99.70,16.80,9.17
BRA,2017,204703445,2063514977366,10080.51,75.38,2.42,45.30,67.47,53.30,86.20,99.80,15.40,9.47
BRA,2018,206107261,1916933898011,9300.66,75.63,2.29,46.90,70.43,53.90,86.44,99.70,15.20,9.46
BRA,2019,207455459,1873288205060,9029.83,75.81,2.26,47.50,73.91,53.50,86.68,99.80,15.00,9.61
BRA,2020,208660842,1476107231310,7074.19,74.51,2.15,50.00,81.34,48.80,86.91,99.70,14.90,9.62
BRA,2021,209550294,1670647398905,7972.54,73.04,2.42,46.50,80.69,52.90,87.14,99.50,14.70,9.64
BRA,2022,210306415,1951923942083,9281.33,74.87,2.28,,80.53,51.90,87.35,100.00,14.60,9.39
BRA,2023,211140729,2191131765685,10377.59,75.85,2.27,,84.15,51.50,87.62,99.80,14.40,9.73
BRB,2000,262063,3059500000,11674.67,74.58,2.24,11.90,3.97,,62.54,100.00,14.40,4.93
BRB,2001,262425,3054500000,11639.52,74.71,2.15,10.80,11.94,,62.30,100.00,14.50,5.10
BRB,2002,264148,3106500000,11760.45,74.82,2.29,9.80,27.84,,61.97,100.00,14.70,5.41
BRB,2003,265776,3209500000,12075.96,74.87,2.40,8.60,39.69,,61.55,100.00,14.80,6.17
BRB,2004,267298,3444500000,12886.37,75.15,2.36,8.70,49.80,,61.10,99.90,14.90,6.71
BRB,2005,268706,3819500000,14214.42,74.96,2.40,8.70,52.50,,60.64,99.90,14.80,6.14
BRB,2006,270002,4217323400,15619.60,75.05,2.58,8.80,55.30,,60.20,100.00,14.70,5.90
BRB,2007,271288,4675767950,17235.44,75.26,2.48,8.60,58.20,,59.80,100.00,14.50,5.37
BRB,2008,272714,4790410400,17565.69,75.30,2.90,7.60,61.40,,59.49,100.00,14.30,5.74
BRB,2009,274123,4466809600,16294.91,75.46,2.91,8.50,64.70,,59.29,100.00,14.10,6.30
BRB,2010,275243,5428683250,19723.24,75.49,2.98,8.20,65.10,,59.24,100.00,13.90,5.97
BRB,2011,276139,5563162050,20146.24,75.60,2.46,4.10,66.50,,59.24,100.00,13.70,6.06
BRB,2012,276938,5486500500,19811.30,75.74,2.32,3.80,71.20,,59.24,100.00,13.50,6.85
BRB,2013,277665,5660059700,20384.49,75.82,2.63,3.10,71.80,,59.24,100.00,13.30,6.48
BRB,2014,278348,5684901000,20423.72,75.93,2.40,3.00,71.92,,59.24,100.00,13.10,6.10
BRB,2015,278990,5699619150,20429.47,76.06,2.58,3.00,72.05,,59.25,100.00,12.80,6.09
BRB,2016,279598,5679029450,20311.41,76.17,2.76,2.80,71.57,34.10,59.25,100.00,12.40,6.19
BRB,2017,280171,5847381600,20870.76,76.24,2.43,4.30,71.15,,59.26,100.00,12.10,6.00
BRB,2018,280711,6001101550,21378.22,76.38,2.77,4.90,70.73,,59.27,100.00,11.80,5.83
BRB,2019,281207,6166710800,21929.44,76.50,3.09,3.40,70.31,,59.28,100.00,11.40,5.67
BRB,2020,281698,5403246950,19180.99,76.65,2.39,4.70,69.89,,59.30,100.00,11.10,6.73
BRB,2021,282147,5948900600,21084.40,76.58,2.31,5.50,69.48,,59.32,100.00,10.70,7.44
BRB,2022,282318,6886644900,24393.22,75.68,2.44,5.50,69.06,,59.35,100.00,10.40,5.87
BRB,2023,282336,7223248150,25583.87,76.18,2.45,,69.68,,59.42,100.00,10.10,5.40
BRN,2000,326424,6570999088,20130.26,74.02,18.61,0.00,9.00,,71.22,100.00,10.30,2.55
BRN,2001,333345,6096155767,18287.83,74.21,17.58,0.00,12.92,,71.66,100.00,10.00,2.55
BRN,2002,340099,6333082876,18621.29,74.37,16.34,0.00,15.33,,72.10,100.00,9.80,2.53
BRN,2003,346637,7167725262,20677.90,74.51,18.62,0.00,19.60,,72.58,100.00,9.70,2.60
BRN,2004,352911,8619178774,24423.09,74.60,17.76,0.00,29.72,,73.07,100.00,9.60,2.55
BRN,2005,358916,10547202621,29386.27,74.68,16.74,0.00,36.47,,73.55,100.00,9.50,2.23
BRN,2006,364663,12644616419,34674.80,74.75,23.63,0.00,42.19,,74.01,100.00,9.50,1.91
BRN,2007,370873,13432029484,36217.33,74.79,22.07,0.00,44.68,,74.43,100.00,9.60,1.94
BRN,2008,377793,15926456515,42156.57,74.81,23.58,0.00,46.00,,74.79,100.00,9.60,1.88
BRN,2009,384952,11912904510,30946.47,74.81,20.84,0.00,49.00,,75.07,100.00,9.70,2.39
BRN,2010,392332,13707121038,34937.56,74.82,18.81,0.00,53.00,,75.25,100.00,9.90,2.28
BRN,2011,399389,18524791063,46382.83,74.84,19.68,0.00,56.00,,75.31,100.00,10.00,1.86
BRN,2012,405557,19048443341,46968.60,74.84,18.79,0.00,60.27,,75.27,100.00,10.20,1.85
BRN,2013,411202,18094148099,44003.06,74.85,18.94,0.00,64.50,,75.18,100.00,10.40,1.90
BRN,2014,416750,17097797386,41026.51,74.86,19.45,0.00,68.77,,75.06,100.00,10.60,1.91
BRN,2015,422212,12930296870,30625.13,74.88,17.44,0.00,71.20,,74.95,100.00,10.70,2.39
BRN,2016,427564,11400266045,26663.30,74.91,18.48,0.00,90.00,,74.88,100.00,10.70,2.55
BRN,2017,432772,12128168045,28024.38,74.94,18.19,0.00,94.87,,74.85,100.00,10.70,2.27
BRN,2018,437810,13566908391,30988.12,74.99,18.34,0.00,95.00,,74.82,100.00,10.60,2.42
BRN,2019,442680,13469235365,30426.57,75.05,17.18,0.00,95.00,,74.79,100.00,10.50,2.23
BRN,2020,447404,12005799654,26834.36,75.11,22.64,0.00,96.31,,74.77,100.00,10.40,2.45
BRN,2021,451721,14006496617,31006.96,74.87,22.11,0.00,97.63,,74.77,100.00,10.30,2.15
BRN,2022,455370,16681536467,36632.93,72.92,20.94,,98.97,,74.78,100.00,10.20,1.77
BRN,2023,458949,15095084656,32890.55,75.33,21.14,,98.97,,74.82,100.00,10.10,2.23
BTN,2000,596863,460733418,771.92,61.84,0.68,91.40,0.40,,27.59,31.10,77.70,4.14
BTN,2001,610794,496110226,812.24,63.32,0.72,90.20,0.86,,28.28,40.20,73.20,4.60
BTN,2002,624409,559345264,895.80,63.98,0.76,89.70,1.68,,28.96,44.10,68.80,3.95
BTN,2003,637663,651935430,1022.38,64.66,0.78,89.70,2.44,40.90,29.63,41.10,64.60,3.83
BTN,2004,650544,735348490,1130.36,65.29,0.77,90.90,3.16,,30.29,51.90,60.60,4.26
BTN,2005,661865,860391000,1299.95,65.88,0.82,88.70,3.85,,30.94,59.80,56.70,3.83
BTN,2006,670799,942879879,1405.61,66.50,0.85,91.60,4.52,,31.57,59.70,52.90,4.09
BTN,2007,678641,1255767964,1850.42,67.15,0.85,92.00,5.92,38.10,32.17,71.80,49.50,3.84
BTN,2008,686351,1317517835,1919.60,67.73,0.84,87.80,6.55,,32.76,67.60,46.20,3.15
BTN,2009,693988,1331343798,1918.40,68.16,1.15,87.80,7.17,,33.34,71.50,43.30,3.30
BTN,2010,701632,1708880730,2435.58,68.77,1.29,84.80,13.60,,33.91,73.30,40.50,3.26
BTN,2011,709377,1977728659,2787.98,69.28,1.56,84.90,14.40,,34.46,81.80,37.90,3.02
BTN,2012,717279,1973387228,2751.21,69.76,1.47,82.80,15.60,38.80,35.02,91.50,35.50,3.26
BTN,2013,725273,1943696952,2679.95,70.16,1.53,81.70,22.40,,35.57,87.40,33.20,3.35
BTN,2014,733139,2089079571,2849.50,70.50,1.54,82.10,30.30,,36.13,91.40,31.20,3.23
BTN,2015,740618,2187815803,2954.04,70.80,1.77,81.60,39.80,,36.70,95.40,29.20,3.44
BTN,2016,747866,2357504761,3152.31,71.12,1.90,80.80,46.50,,37.27,99.30,27.40,3.28
BTN,2017,754335,2591358009,3435.29,71.41,1.95,79.70,54.34,37.40,37.86,97.70,25.80,3.11
BTN,2018,759759,2583335722,3400.20,71.71,2.30,80.00,63.49,,38.47,100.00,24.20,3.07
BTN,2019,764824,2735683570,3576.88,72.01,2.36,81.00,74.18,,39.07,100.00,22.70,3.38
BTN,2020,770006,2457604334,3191.67,72.25,1.84,83.90,76.85,,39.69,100.00,21.30,4.08
BTN,2021,775442,2768802960,3570.61,72.45,1.99,81.80,85.64,,40.31,100.00,20.00,4.79
BTN,2022,780914,2898227744,3711.33,72.75,1.94,82.50,88.36,28.50,40.94,100.00,19.00,3.92
BTN,2023,786385,3012896790,3831.33,72.98,1.98,,90.02,,41.74,100.00,18.00,4.42
BWA,2000,1677382,5788329609,3450.81,52.26,2.44,38.50,2.90,,53.20,26.50,79.80,6.11
BWA,2001,1712254,5489608300,3206.07,52.21,2.31,37.50,3.43,,54.05,24.80,79.30,6.37
BWA,2002,1744763,5438863983,3117.25,52.37,2.39,36.10,3.39,61.50,55.01,27.00,77.90,6.67
BWA,2003,1775736,7511582173,4230.12,52.85,2.33,36.20,3.35,,56.10,33.10,76.70,6.41
BWA,2004,1807146,8957467707,4956.69,53.57,2.24,34.30,3.30,,57.26,35.30,75.70,6.09
BWA,2005,1839877,9918907108,5391.07,54.39,2.39,33.00,3.26,,58.45,37.50,70.80,5.27
BWA,2006,1874516,9919158482,5291.58,55.11,2.21,31.80,4.29,,59.64,39.70,66.00,4.88
BWA,2007,1911201,10567270656,5529.13,56.74,2.31,29.00,5.28,,60.78,41.90,64.30,5.52
BWA,2008,1949970,10730829116,5503.07,57.66,2.31,27.80,6.25,,61.83,44.50,63.70,5.90
BWA,2009,1990673,10118459242,5082.93,58.30,2.07,28.90,6.15,56.90,62.75,43.40,60.60,6.62
BWA,2010,2033111,12637273429,6215.73,59.14,1.66,29.90,6.00,,63.49,52.00,58.40,6.27
BWA,2011,2073535,15110643612,7287.38,59.72,1.94,28.90,9.00,,64.02,53.20,58.80,5.87
BWA,2012,2108617,13907464500,6595.54,60.38,1.67,27.80,16.00,,64.40,56.00,53.90,6.35
BWA,2013,2140682,14271738933,6666.91,61.22,2.58,26.70,30.00,,64.76,58.00,50.30,6.50
BWA,2014,2172044,15470088501,7122.36,62.17,3.29,25.80,36.74,,65.10,60.00,49.00,5.88
BWA,2015,2203273,13530748845,6141.20,63.22,3.22,26.10,38.89,54.90,65.41,62.10,46.70,6.10
BWA,2016,2234776,15082637184,6749.06,64.32,3.02,26.70,41.17,,65.69,64.20,45.10,5.77
BWA,2017,2266747,16105155857,7104.96,65.42,3.28,26.70,43.58,,65.95,67.40,42.10,6.63
BWA,2018,2299141,17031943186,7407.96,66.37,3.57,25.60,46.13,,66.16,68.30,41.20,6.04
BWA,2019,2332083,16725908149,7172.09,67.17,3.15,26.20,48.82,,66.33,70.10,40.00,6.12
BWA,2020,2365894,14960251608,6323.30,67.64,2.57,27.70,51.68,,66.45,71.80,38.90,6.12
BWA,2021,2401441,18750182236,7807.89,63.30,2.73,27.40,54.70,,66.52,73.70,37.10,6.30
BWA,2022,2439892,20321150599,8328.71,68.75,2.80,,57.90,,66.59,75.90,35.70,5.74
BWA,2023,2480244,19413614555,7827.30,69.16,2.71,,,,67.02,76.00,34.60,6.26
CAF,2000,3833416,916777283,239.15,46.61,0.07,88.90,0.05,,37.70,6.00,165.50,4.38
CAF,2001,3919487,932648605,237.95,46.73,0.07,88.90,0.08,,37.76,5.70,162.50,4.01
CAF,2002,4006077,996068145,248.64,46.84,0.07,89.20,0.13,,37.82,6.10,159.00,4.24
CAF,2003,4103086,1142315523,278.40,47.31,0.06,90.20,0.15,,37.89,6.60,155.60,4.19
CAF,2004,4192826,1272360517,303.46,47.70,0.06,90.60,0.22,,37.96,7.00,151.80,4.14
CAF,2005,4288810,1337894379,311.95,48.21,0.06,91.00,0.27,,38.04,7.40,147.90,4.23
CAF,2006,4377579,1461859762,333.94,48.69,0.06,90.80,0.31,,38.13,7.80,143.50,4.31
CAF,2007,4462770,1699811295,380.89,49.33,0.06,90.90,0.38,,38.23,8.40,139.30,4.63
CAF,2008,4558984,1993407888,437.25,49.87,0.04,93.60,1.00,56.20,38.35,7.50,135.50,4.03
CAF,2009,4529047,2067381665,456.47,14.67,0.04,93.90,1.80,,38.48,9.40,489.30,4.68
CAF,2010,4492995,2142591540,476.87,46.87,0.04,93.80,2.00,,38.62,9.80,150.70,3.57
CAF,2011,4565021,2437982705,534.06,50.11,0.05,93.30,2.20,,38.80,10.40,125.10,3.68
CAF,2012,4610848,2510126512,544.40,51.34,0.05,93.10,2.40,,39.03,11.00,121.90,3.92
CAF,2013,4642419,1691544110,364.37,49.49,0.03,95.10,2.50,,39.30,11.50,134.20,4.77
CAF,2014,4623182,1894813389,409.85,40.27,0.03,94.80,2.70,,39.62,12.00,186.80,4.57
CAF,2015,4629320,1695825714,366.32,51.93,0.05,92.90,2.90,,39.98,12.70,113.70,5.03
CAF,2016,4713663,1825018145,387.18,51.00,0.05,92.10,3.10,,40.38,13.40,126.80,5.44
CAF,2017,4793511,2072349973,432.32,45.23,0.06,91.60,4.00,,40.82,14.10,155.20,6.67
CAF,2018,4878657,2220979146,455.24,52.30,0.06,91.40,5.10,,41.28,14.60,120.20,10.99
CAF,2019,4944703,2221301351,449.23,31.53,0.06,91.30,7.51,,41.78,14.30,254.70,7.76
CAF,2020,5026628,2326720900,462.88,50.60,0.06,90.90,,,42.31,15.40,124.20,8.98
CAF,2021,5112100,2516498412,492.26,40.28,0.06,90.90,,43.00,42.85,15.70,178.70,9.15
CAF,2022,5098039,2382618615,467.36,18.82,0.06,90.90,13.75,,43.28,15.70,424.60,9.95
CAF,2023,5152421,2555492086,495.98,57.41,0.06,,13.84,,43.70,17.60,92.60,10.66
CAN,2000,30685730,744773415932,24271.00,79.17,17.70,20.30,51.30,33.40,78.63,100.00,6.20,8.25
CAN,2001,31020855,738981792355,23822.10,79.40,17.23,19.80,60.20,33.60,78.84,100.00,6.20,8.62
CAN,2002,31359199,760650608552,24256.06,79.53,17.67,20.10,61.59,33.60,79.10,100.00,6.20,8.86
CAN,2003,31642461,895542074085,28301.91,79.72,18.13,19.70,64.20,33.80,79.39,100.00,6.20,9.01
CAN,2004,31938807,1026691006918,32145.57,79.99,17.53,20.40,65.96,33.80,79.69,100.00,6.10,9.07
CAN,2005,32242732,1173118501403,36383.97,80.11,18.06,21.60,71.66,33.60,79.98,100.00,6.10,9.04
CAN,2006,32571193,1319291255289,40504.85,80.54,17.64,21.50,72.40,34.10,80.22,100.00,6.00,9.33
CAN,2007,32888886,1468820407783,44660.08,80.54,18.08,21.60,73.20,33.80,80.44,100.00,6.00,9.43
CAN,2008,33247298,1552993439550,46710.37,80.72,17.31,21.60,76.70,33.90,80.66,100.00,5.90,9.59
CAN,2009,33630069,1374627766600,40874.96,81.07,16.14,22.20,80.30,34.00,80.86,100.00,5.80,10.70
CAN,2010,34005902,1617349192091,47560.84,81.32,16.53,21.40,80.30,33.60,81.01,100.00,5.70,10.70
CAN,2011,34339221,1793335727901,52224.12,81.48,16.77,21.50,83.00,32.70,81.10,100.00,5.60,10.41
CAN,2012,34713395,1828359477072,52670.14,81.66,16.34,21.80,83.00,33.50,81.15,100.00,5.60,10.54
CAN,2013,35080992,1846583831414,52637.73,81.74,16.40,22.20,85.80,33.80,81.18,100.00,5.50,10.44
CAN,2014,35434066,1805751688809,50960.89,81.78,16.38,22.20,87.12,33.20,81.21,100.00,5.40,10.28
CAN,2015,35704498,1556510380200,43594.24,81.83,16.09,22.30,90.00,33.70,81.25,100.00,5.30,10.76
CAN,2016,36110803,1527996250641,42314.10,81.94,15.90,22.10,91.16,32.70,81.30,100.00,5.30,11.06
CAN,2017,36545075,1649269496515,45129.73,81.81,16.20,22.80,92.70,33.30,81.40,100.00,5.20,10.92
CAN,2018,37072620,1725330736238,46539.22,81.80,16.52,22.30,94.64,32.50,81.55,100.00,5.20,10.92
CAN,2019,37618495,1743728952157,46352.97,82.16,16.19,22.40,91.91,31.80,81.74,100.00,5.20,11.05
CAN,2020,38028638,1655686966882,43537.90,81.53,14.42,23.90,92.30,29.90,81.95,100.00,5.20,13.02
CAN,2021,38239864,2022377950897,52886.64,81.45,14.69,23.80,93.94,31.10,82.18,100.00,5.20,12.38
CAN,2022,38950132,2200562785046,56496.93,81.09,14.78,,94.00,31.50,82.35,100.00,5.30,11.08
CAN,2023,40049088,2196593836347,54847.54,81.63,14.16,,94.15,,82.53,100.00,5.40,11.19
CHE,2000,7184250,282327351966,39298.10,79.68,6.23,18.20,47.10,33.40,73.30,100.00,5.60,9.13
CHE,2001,7229854,290160142214,40133.61,80.18,6.39,18.70,55.10,,73.38,100.00,5.50,9.46
CHE,2002,7284753,313930961761,43094.25,80.39,6.12,18.20,61.40,31.70,73.42,100.00,5.40,9.88
CHE,2003,7339001,366563952625,49947.39,80.54,6.25,18.00,65.10,,73.45,100.00,5.30,10.14
CHE,2004,7389625,409012909530,55349.62,81.09,6.28,18.10,67.80,31.60,73.48,100.00,5.20,10.23
CHE,2005,7437115,424511048024,57080.07,81.24,6.32,18.70,70.10,,73.50,100.00,5.10,10.06
CHE,2006,7483934,448364681767,59910.29,81.49,6.23,18.10,75.70,33.90,73.51,100.00,4.90,9.58
CHE,2007,7551117,498993845385,66082.12,81.74,5.91,19.30,77.20,34.30,73.53,100.00,4.80,9.42
CHE,2008,7647675,574703945157,75147.54,81.99,6.01,19.60,79.20,33.80,73.55,100.00,4.70,9.53
CHE,2009,7743831,563659557945,72788.20,82.04,5.76,20.00,81.30,32.90,73.57,100.00,4.60,10.14
CHE,2010,7824909,609999593542,77956.13,82.25,5.92,20.60,83.90,32.60,73.61,100.00,4.60,9.99
CHE,2011,7912398,727231637102,91910.40,82.70,5.34,20.60,85.19,31.70,73.65,100.00,4.50,10.10
CHE,2012,7996861,697882536677,87269.56,82.70,5.45,21.90,85.20,31.60,73.75,100.00,4.40,10.34
CHE,2013,8089346,718748402260,88851.24,82.80,5.51,21.80,86.34,32.50,74.11,100.00,4.40,10.59
CHE,2014,8188649,741168119617,90511.65,83.20,4.99,22.20,83.62,32.50,74.74,100.00,4.30,10.68
CHE,2015,8282396,706199008879,85265.06,82.90,4.86,23.90,87.48,32.30,75.60,100.00,4.30,10.98
CHE,2016,8373338,698607778795,83432.41,83.60,4.87,24.10,89.13,33.00,76.67,100.00,4.20,11.20
CHE,2017,8451840,706660443624,83610.25,83.55,4.71,25.00,89.69,32.70,77.91,100.00,4.10,11.37
CHE,2018,8514329,740766531454,87002.34,83.75,4.52,24.20,91.80,33.10,79.29,100.00,4.10,11.20
CHE,2019,8575280,736384764157,85872.97,83.90,4.48,24.80,93.15,34.00,80.78,100.00,4.00,11.43
CHE,2020,8638167,756096180222,87529.70,83.00,4.16,26.40,94.35,33.70,82.34,100.00,4.00,11.99
CHE,2021,8704546,840710023481,96582.87,83.75,4.32,27.70,95.57,33.80,84.20,100.00,4.00,11.96
CHE,2022,8777088,858479038994,97809.10,83.60,3.93,,96.45,33.80,84.92,100.00,3.90,11.60
CHE,2023,8888822,928435275852,104449.75,84.16,3.79,,97.34,,85.19,100.00,3.90,11.69
CHI,2000,148110,6439703435,43479.19,78.80,,,,,30.46,100.00,,
CHI,2001,148850,6232906290,41873.74,79.00,,,,,30.49,100.00,,
CHI,2002,149881,6663669065,44459.73,79.10,,,,,30.58,100.00,,
CHI,2003,150960,7332244898,48570.78,79.40,,,,,30.71,100.00,,
CHI,2004,152039,8553643354,56259.53,79.80,,,,,30.90,100.00,,
CHI,2005,153126,8827272727,57647.12,80.10,,,,,31.11,100.00,,
CHI,2006,154214,9676172953,62745.10,80.40,,,,,31.34,100.00,,
CHI,2007,155309,11514605842,74139.98,80.60,,,,,31.57,100.00,,
CHI,2008,156408,,,80.80,,,,,31.80,100.00,,
CHI,2009,157511,9100755725,57778.54,81.00,,,,,32.01,100.00,,
CHI,2010,158621,8902359316,56123.46,81.20,,,,,32.19,100.00,,
CHI,2011,159706,9648680026,60415.26,81.40,,,,,32.33,100.00,,
CHI,2012,160767,9454638123,58809.57,81.30,,,,,32.44,100.00,,
CHI,2013,161777,9594745811,59308.47,81.50,,,,,32.54,100.00,,
CHI,2014,162726,10527973278,64697.55,81.60,,,,,32.63,100.00,,
CHI,2015,163454,10109273770,61847.82,81.40,,,,,32.69,100.00,,
CHI,2016,163883,9168857222,55947.58,81.20,,,,,32.74,100.00,,
CHI,2017,164319,9170044517,55806.36,81.00,,,,,32.79,100.00,,
CHI,2018,164949,10026394044,60784.81,81.10,,,,,32.81,100.00,,
CHI,2019,165639,10031864649,60564.63,81.20,,,,,32.82,100.00,,
CHI,2020,166235,9439810769,56785.94,80.90,,,,,32.82,100.00,,
CHI,2021,166741,11157540110,66915.40,80.30,,,,,32.81,100.00,,
CHI,2022,167215,11308272505,67627.14,81.00,,,,,32.79,100.00,,
CHI,2023,167691,12507320838,74585.52,81.10,,,,,32.76,100.00,,
CHL,2000,15503635,78339750721,5052.99,77.13,3.47,31.40,16.60,52.80,86.27,97.90,10.90,7.00
CHL,2001,15683849,71574739561,4563.60,77.58,3.29,32.10,19.10,,86.49,97.10,10.30,7.10
CHL,2002,15857925,70264045939,4430.85,77.84,3.29,33.10,22.10,,86.61,97.30,9.80,7.21
CHL,2003,16024752,76492579644,4773.40,77.88,3.38,31.60,25.47,51.50,86.68,98.80,9.40,7.25
CHL,2004,16187322,99075985774,6120.59,78.28,3.61,31.40,28.18,,86.73,97.50,9.20,6.91
CHL,2005,16348778,122294145163,7480.32,78.46,3.62,32.30,31.18,,86.78,97.70,9.10,6.62
CHL,2006,16509195,153843518171,9318.66,78.53,3.66,32.90,34.50,47.70,86.81,99.40,9.00,6.07
CHL,2007,16671581,172491076034,10346.41,78.65,4.06,30.50,35.90,,86.84,98.00,8.90,6.21
CHL,2008,16838988,179894594475,10683.22,78.75,4.24,30.80,37.30,,86.88,98.20,8.80,6.74
CHL,2009,17009731,171777900624,10098.80,78.89,4.01,31.50,41.56,47.40,86.91,99.60,8.80,7.25
CHL,2010,17181464,217051209239,12632.87,79.10,4.21,27.00,45.00,,86.96,99.50,8.70,6.82
CHL,2011,17351816,251382573894,14487.39,79.24,4.56,28.80,52.25,46.90,87.01,99.60,8.60,6.80
CHL,2012,17519119,267024782487,15241.91,79.22,4.64,30.30,55.05,,87.08,100.00,8.40,7.02
CHL,2013,17687006,277395018842,15683.55,79.55,4.83,30.20,58.00,46.80,87.18,99.60,8.30,7.48
CHL,2014,17864195,259560978224,14529.68,79.71,4.41,27.00,61.11,,87.31,100.00,8.10,7.84
CHL,2015,18047625,242450355831,13433.92,80.01,4.68,25.10,76.63,45.30,87.47,99.70,7.90,8.35
CHL,2016,18267221,249344863928,13649.85,80.30,4.86,24.60,83.56,,87.63,100.00,7.70,8.56
CHL,2017,18558868,276154259981,14879.91,80.61,4.84,24.10,82.33,45.30,87.80,99.70,7.60,9.09
CHL,2018,18893191,295857562992,15659.48,80.56,4.75,25.50,84.90,,87.96,100.00,7.30,9.15
CHL,2019,19197744,278308438545,14496.93,80.32,4.96,25.30,85.02,,88.13,100.00,7.00,9.31
CHL,2020,19370624,254103710483,13117.99,79.35,4.52,26.70,87.46,47.00,88.30,100.00,6.80,9.70
CHL,2021,19456334,315507493783,16216.18,78.88,4.58,24.20,90.23,,88.47,100.00,6.70,9.72
CHL,2022,19553036,301099244104,15399.10,79.18,4.62,,92.32,43.20,88.64,100.00,6.80,10.01
CHL,2023,19658835,335802745366,17081.52,81.17,3.92,,94.46,,88.82,100.00,6.90,10.17
CHN,2000,1262645000,1223754919971,969.20,72.29,2.89,29.60,1.78,,36.43,96.70,36.60,4.45
CHN,2001,1271850000,1355036590252,1065.41,72.68,3.01,28.40,2.64,,37.66,97.00,34.10,4.20
CHN,2002,1280400000,1489821682051,1163.56,73.03,3.23,27.00,4.60,42.00,39.09,97.20,31.40,4.32
CHN,2003,1288400000,1683903309844,1306.97,73.39,3.70,23.90,6.20,,40.53,97.40,28.80,4.35
CHN,2004,1296075000,1984196551300,1530.93,73.73,4.24,20.20,7.30,,41.76,97.70,26.30,4.23
CHN,2005,1303720000,2317551298052,1777.64,74.09,4.78,17.40,8.52,40.90,42.99,97.90,24.00,4.11
CHN,2006,1311020000,2791498472804,2129.26,74.40,5.28,16.40,10.52,,44.34,98.20,21.90,3.89
CHN,2007,1317885000,3604055822572,2734.73,74.79,5.71,14.90,16.00,,45.89,98.50,20.10,3.62
CHN,2008,1324655000,4667346414522,3523.44,74.83,5.85,14.10,22.60,43.00,46.99,98.80,18.50,3.84
CHN,2009,1331260000,5189577094998,3898.24,75.32,6.25,13.40,28.90,,48.34,99.10,17.10,4.28
CHN,2010,1337705000,6192564874453,4629.25,75.67,6.81,12.30,34.30,43.70,49.23,99.70,15.70,4.16
CHN,2011,1345035000,7671757207851,5703.76,75.89,7.40,11.30,38.30,42.40,51.83,99.90,14.60,4.27
CHN,2012,1354190000,8673664713189,6405.06,76.20,7.58,11.50,42.30,42.20,53.10,99.90,13.50,4.49
CHN,2013,1363240000,9743124247267,7147.04,76.45,7.89,11.50,45.80,39.70,54.49,100.00,12.50,4.64
CHN,2014,1371860000,10674533168257,7781.07,76.71,7.93,11.90,47.90,39.20,55.75,100.00,11.60,4.70
CHN,2015,1379860000,11280814787469,8175.33,76.98,7.79,12.20,50.30,38.60,57.33,100.00,10.70,4.85
CHN,2016,1387790000,11456024084962,8254.87,77.21,7.76,12.60,53.20,38.50,58.84,100.00,10.00,4.88
CHN,2017,1396215000,12537559062283,8979.68,77.24,7.88,13.10,54.30,39.10,60.24,100.00,9.30,4.97
CHN,2018,1402760000,14147765772964,10085.66,77.71,8.22,13.50,65.36,38.50,61.50,100.00,8.60,5.07
CHN,2019,1407745000,14560167101283,10342.90,77.94,8.39,14.30,64.08,38.20,62.71,100.00,8.00,5.27
CHN,2020,1411100000,14996414166715,10627.46,78.02,8.48,14.90,70.05,37.10,63.52,100.00,7.50,5.50
CHN,2021,1412360000,18201698719564,12887.44,78.12,8.89,15.20,73.05,35.70,64.72,100.00,7.00,5.26
CHN,2022,1412175000,18316765021690,12970.61,78.20,8.86,,75.61,36.00,65.22,100.00,6.60,5.88
CHN,2023,1410710000,18270356654533,12951.18,77.95,9.23,,90.60,,65.53,100.00,6.10,5.94
CIV,2000,17699004,16577533892,936.64,51.39,0.39,63.70,0.23,,43.08,48.70,140.40,3.61
CIV,2001,18178913,16810537044,924.73,51.43,0.38,64.70,0.40,,43.47,49.70,136.90,3.59
CIV,2002,18654771,18054383321,967.82,51.54,0.40,65.30,0.50,41.30,43.86,51.40,133.10,3.54
CIV,2003,19125542,21251754340,1111.17,51.44,0.30,70.30,0.76,,44.26,51.50,129.20,3.95
CIV,2004,19595000,23510575681,1199.83,51.94,0.31,75.40,0.85,,44.67,52.40,125.30,4.02
CIV,2005,20068458,24036918703,1197.75,52.43,0.32,77.90,1.04,,45.08,58.90,121.20,3.97
CIV,2006,20546802,25281413263,1230.43,52.89,0.31,74.80,1.52,,45.50,60.20,117.40,3.93
CIV,2007,21030558,28760090953,1367.54,53.45,0.30,76.30,1.80,,45.93,55.30,113.50,4.19
CIV,2008,21514439,34078240293,1583.97,54.18,0.32,74.20,1.90,43.20,46.36,60.30,109.00,4.14
CIV,2009,21997940,33886813250,1540.45,54.74,0.29,73.70,2.00,,46.80,57.30,105.20,4.64
CIV,2010,22488065,34936307980,1553.55,55.28,0.33,75.40,2.70,,47.24,58.40,101.60,4.57
CIV,2011,22982000,36693710801,1596.63,55.97,0.31,79.10,2.90,,47.68,55.80,98.40,4.40
CIV,2012,23467078,36302302877,1546.95,56.57,0.38,74.90,4.40,,48.12,55.80,95.30,4.43
CIV,2013,23939775,42760235485,1786.16,57.06,0.41,72.20,6.60,,48.57,61.50,92.00,3.72
CIV,2014,24527395,48843005614,1991.37,57.77,0.43,71.90,10.00,,49.02,61.90,88.60,3.73
CIV,2015,25246342,45815005169,1814.72,58.28,0.45,64.50,38.44,41.50,49.47,62.60,85.50,3.22
CIV,2016,25989405,48407761037,1862.60,58.81,0.44,64.00,41.21,,49.93,64.30,83.00,3.32
CIV,2017,26733372,52512343997,1964.30,59.32,0.46,62.50,43.84,,50.40,65.60,80.50,3.25
CIV,2018,27464173,58522477787,2130.87,59.80,0.45,60.50,37.55,37.20,50.87,67.10,77.90,3.09
CIV,2019,28193009,60382894697,2141.77,60.27,0.47,61.10,36.29,,51.35,68.60,75.30,3.19
CIV,2020,28915449,63027852805,2179.73,60.14,0.46,61.80,36.02,,51.84,69.90,73.00,3.62
CIV,2021,29639736,72794636654,2455.98,60.29,0.58,58.20,35.95,35.30,52.32,71.10,70.80,3.76
CIV,2022,30395002,70922824814,2333.37,61.56,0.61,,38.41,,52.85,70.40,68.70,3.64
CIV,2023,31165654,80780312569,2591.97,61.94,0.58,,40.65,,53.41,72.40,66.50,3.43
CMR,2000,14912631,10566579295,708.57,53.34,0.38,84.60,0.25,,46.24,41.00,143.90,4.30
CMR,2001,15309490,10953485349,715.47,53.60,0.37,85.30,0.28,42.10,46.76,46.20,141.00,4.17
CMR,2002,15725528,12417251350,789.62,53.92,0.36,85.20,0.36,,47.26,44.00,137.60,4.03
CMR,2003,16160340,15970315035,988.24,54.25,0.35,85.30,0.59,,47.73,45.10,134.30,3.90
CMR,2004,16610487,18826214136,1133.39,54.58,0.34,85.50,0.98,,48.18,47.10,130.90,3.73
CMR,2005,17074594,19509852207,1142.62,54.90,0.32,86.30,1.40,,48.58,47.20,127.60,3.77
CMR,2006,17550407,20910512975,1191.45,55.30,0.32,85.50,2.03,,49.20,49.00,124.20,3.74
CMR,2007,18049896,23928250433,1325.67,55.71,0.37,80.80,2.93,42.80,49.70,48.20,120.80,3.79
CMR,2008,18574056,27715142033,1492.14,56.12,0.38,80.80,3.40,,50.09,50.60,117.20,3.66
CMR,2009,19113974,27932970317,1461.39,56.49,0.40,79.20,3.84,,50.47,51.70,113.70,3.50
CMR,2010,19668066,27507501821,1398.59,56.97,0.40,78.70,4.30,,50.85,52.80,109.50,3.58
CMR,2011,20232304,30630910495,1513.96,57.48,0.37,78.60,5.00,,51.22,53.70,105.20,3.85
CMR,2012,20809529,30155062329,1449.10,58.17,0.36,78.60,7.50,,51.59,55.20,100.80,3.93
CMR,2013,21402376,33728621180,1575.93,58.73,0.38,77.70,10.00,,51.95,56.30,96.50,3.63
CMR,2014,22059893,36386544706,1649.44,59.13,0.40,76.90,16.21,46.60,52.30,56.80,92.40,4.34
CMR,2015,22763414,32210233020,1415.00,59.69,0.40,78.10,18.30,,52.64,58.60,88.50,4.13
CMR,2016,23454161,33814337044,1441.72,60.29,0.41,78.80,20.60,,52.98,59.80,85.10,4.02
CMR,2017,24128601,36098547033,1496.09,60.82,0.41,79.20,23.20,,53.31,60.90,81.90,3.79
CMR,2018,24806383,39955552190,1610.70,61.19,0.43,78.70,29.70,,53.63,62.20,78.90,3.62
CMR,2019,25506095,39667757528,1555.23,61.70,0.40,78.90,36.54,,53.95,63.20,76.60,3.65
CMR,2020,26210558,40773241177,1555.60,61.67,0.40,78.90,37.70,,54.26,64.30,74.40,4.25
CMR,2021,26915758,45011937347,1672.33,61.15,0.38,79.20,38.89,42.20,54.55,65.40,71.90,4.34
CMR,2022,27632771,44347206073,1604.88,62.44,0.38,,40.13,,54.85,71.00,69.40,4.49
CMR,2023,28372687,48814501547,1720.48,63.70,0.36,,42.24,,55.13,72.00,67.00,4.55
COD,2000,50507442,19088046306,377.93,51.89,0.04,97.90,0.01,,34.90,6.70,184.60,1.47
COD,2001,52132646,7438189100,142.68,52.21,0.04,98.30,0.01,,35.42,7.10,178.40,2.62
COD,2002,53750524,8728038525,162.38,52.37,0.04,98.30,0.09,,35.94,7.70,172.20,2.57
COD,2003,55343867,8937567060,161.49,52.95,0.04,98.00,0.13,,36.47,8.30,165.90,3.73
COD,2004,56997741,10297483481,180.66,53.53,0.04,97.90,0.20,41.60,37.00,9.00,159.40,4.34
COD,2005,58775724,12609728573,214.54,54.00,0.04,97.40,0.24,,37.40,6.00,124.40,3.99
COD,2006,60615908,15484044535,255.45,54.50,0.04,97.30,0.30,,37.80,10.20,118.90,4.06
COD,2007,62477752,18374807773,294.10,54.95,0.05,97.20,0.37,,38.20,15.20,113.80,3.89
COD,2008,64390664,22723488723,352.90,55.39,0.04,97.00,0.44,,38.60,11.60,109.20,4.31
COD,2009,66412044,18607259481,280.18,55.80,0.04,97.00,0.56,,39.00,12.30,105.00,4.51
COD,2010,68563038,24161641931,352.40,56.41,0.04,96.80,0.72,,39.39,13.00,101.40,3.72
COD,2011,70849311,26392379642,372.51,56.91,0.05,96.20,1.20,,39.78,13.70,98.30,3.19
COD,2012,73254618,30029369929,409.93,57.35,0.04,95.50,1.68,42.10,40.18,15.40,95.90,3.22
COD,2013,75789395,34891189160,460.37,57.80,0.04,93.90,2.20,,40.57,15.20,94.10,3.34
COD,2014,78403242,38352980553,489.18,58.24,0.05,92.90,3.00,,40.96,13.50,92.70,3.73
COD,2015,81035531,40179574490,495.83,58.66,0.04,95.80,3.80,,41.34,16.60,91.90,3.75
COD,2016,83956415,38600224214,459.77,59.08,0.04,97.00,10.10,,41.73,17.30,91.50,4.20
COD,2017,87083398,37537521566,431.05,59.50,0.04,96.70,,,42.11,18.00,91.50,4.00
COD,2018,90047644,46659954092,518.17,59.93,0.05,96.40,11.70,,42.49,18.70,91.70,3.24
COD,2019,92947442,46845900350,504.00,60.24,0.05,96.30,13.03,,42.87,19.10,92.20,3.51
COD,2020,95989998,46691989749,486.43,60.43,0.05,96.20,14.51,44.70,43.25,20.10,92.70,3.98
COD,2021,99148932,59067289574,595.74,60.04,0.05,96.30,16.16,,43.63,20.80,92.90,3.87
COD,2022,102396968,70422346142,687.74,60.98,0.06,,18.00,,44.00,21.50,92.50,3.94
COD,2023,105789731,69843655425,660.21,61.90,0.06,,18.97,,44.38,22.10,91.30,3.68
COG,2000,3151345,3227927698,1024.30,55.37,1.43,64.90,0.03,,58.89,29.40,112.50,1.51
COG,2001,3272537,2796704604,854.60,55.89,1.34,61.20,0.03,,59.44,30.30,109.30,2.19
COG,2002,3350771,3034250924,905.54,56.41,0.85,68.60,0.16,,59.97,31.20,104.60,1.70
COG,2003,3445753,3503723088,1016.82,57.13,1.04,62.10,0.46,,60.47,32.10,98.90,1.92
COG,2004,3565554,4656974940,1306.10,57.96,1.02,63.10,1.08,,60.92,33.00,92.30,1.92
COG,2005,3696393,6650001680,1799.05,58.73,1.17,63.10,1.46,47.30,61.31,33.80,85.70,1.72
COG,2006,3837409,8072305029,2103.58,59.47,1.26,69.30,2.01,,61.62,34.90,79.50,1.71
COG,2007,3980430,8782703437,2206.47,60.05,1.07,60.20,2.76,,61.85,35.80,73.90,1.90
COG,2008,4113517,11649857673,2832.09,60.79,1.08,56.80,4.29,,62.04,36.80,69.20,2.24
COG,2009,4281219,9723299915,2271.15,61.22,1.15,55.90,4.50,,62.22,37.10,65.30,2.14
COG,2010,4462290,13148396212,2946.56,61.73,1.19,54.50,5.00,,62.39,40.00,62.40,1.85
COG,2011,4609724,15655383577,3396.17,62.29,1.05,64.30,5.60,48.90,62.56,40.80,60.00,1.75
COG,2012,4740450,17692911296,3732.33,62.66,0.94,65.10,6.11,,62.72,41.60,57.90,1.91
COG,2013,4857099,17958720699,3697.42,62.97,1.12,62.30,6.60,,62.87,42.50,56.20,1.94
COG,2014,4975880,17919321078,3601.24,63.35,1.06,62.10,7.11,,63.01,43.40,54.50,1.97
COG,2015,5097581,12434793867,2439.35,63.66,1.13,64.20,7.62,,63.14,44.30,52.70,2.46
COG,2016,5222536,10931328151,2093.11,63.91,1.07,67.70,8.12,,63.25,45.30,51.00,2.59
COG,2017,5351011,11834473039,2211.63,64.20,1.03,69.80,8.65,,63.35,46.20,49.30,2.36
COG,2018,5483118,14773900289,2694.43,64.47,1.17,70.60,11.81,,63.44,47.00,47.60,1.76
COG,2019,5616661,13976637780,2488.42,63.15,1.29,69.80,16.12,,63.52,47.70,52.20,2.35
COG,2020,5752791,11468687464,1993.59,64.39,1.29,71.40,22.00,,63.58,48.70,44.50,4.02
COG,2021,5892183,14825690211,2516.16,64.19,1.21,71.40,30.03,,63.62,49.70,43.00,3.46
COG,2022,6035104,15817030155,2620.84,65.00,1.38,,40.99,,63.64,50.60,41.50,2.30
COG,2023,6182885,15321055823,2477.98,65.77,1.27,,43.15,,63.66,51.30,40.30,3.30
COL,2000,39089934,99875074951,2555.01,70.91,1.62,27.90,2.21,58.40,74.35,95.20,25.00,5.64
COL,2001,39709262,98200641203,2472.99,71.19,1.59,27.10,2.85,57.30,74.79,98.50,24.20,5.94
COL,2002,40324680,97945812803,2428.93,71.54,1.50,28.60,4.60,56.00,75.19,94.90,23.50,5.73
COL,2003,40937429,94644969157,2311.94,72.31,1.47,30.60,7.39,53.60,75.53,95.10,22.70,5.78
COL,2004,41543171,117092416666,2818.57,72.76,1.45,29.00,9.12,55.00,75.81,95.30,22.10,5.80
COL,2005,42128977,145600529606,3456.07,73.16,1.47,28.90,11.01,53.90,76.00,96.80,21.40,6.07
COL,2006,42691084,161792958905,3789.85,73.50,1.38,30.60,15.34,,76.16,95.70,20.70,6.34
COL,2007,43235374,206229540926,4769.93,73.75,1.42,31.00,21.80,,76.31,96.00,20.10,6.49
COL,2008,43758808,242504150473,5541.84,74.21,1.40,30.80,25.60,55.00,76.46,96.80,19.50,6.84
COL,2009,44271541,232468663110,5250.97,74.53,1.48,31.40,30.00,54.10,76.60,96.10,18.80,7.31
COL,2010,44777319,286498534095,6398.30,74.88,1.52,30.60,36.50,54.40,76.72,96.80,18.20,7.07
COL,2011,45259614,334966134805,7400.99,75.18,1.62,29.60,40.35,53.30,76.84,96.70,17.60,6.78
COL,2012,45715810,370691143018,8108.60,75.61,1.61,29.60,48.98,53.60,76.94,97.00,17.10,6.75
COL,2013,46151584,382093697078,8279.10,75.83,1.81,32.00,51.70,53.50,77.03,97.80,16.50,7.02
COL,2014,46565429,381240864422,8187.21,75.95,1.82,32.10,52.57,53.60,77.11,97.80,16.00,7.19
COL,2015,46969940,293492370193,6248.51,76.07,1.84,31.10,55.90,52.00,77.16,98.20,15.50,7.52
COL,2016,47437512,282720100286,5959.84,76.23,1.87,30.50,58.14,51.70,77.20,98.40,15.00,7.53
COL,2017,48131078,311866875157,6479.53,76.42,1.68,32.20,62.26,50.90,77.22,98.50,14.50,7.68
COL,2018,49024465,334198218098,6816.97,76.58,1.74,30.40,64.13,51.60,77.28,98.50,14.00,7.72
COL,2019,49907985,323031701193,6472.55,76.79,1.72,31.50,65.01,52.50,77.46,99.40,13.50,7.83
COL,2020,50629997,270348342541,5339.69,74.76,1.67,32.00,69.80,54.40,77.64,99.70,13.10,8.70
COL,2021,51188173,318524633225,6222.62,72.70,1.80,29.70,73.03,55.10,77.83,100.00,12.70,9.14
COL,2022,51737944,345632492851,6680.45,76.51,1.71,,72.80,54.80,78.05,100.00,12.30,7.59
COL,2023,52321152,366901643683,7012.49,77.73,1.77,,77.34,54.60,78.28,98.70,11.90,8.16
COM,2000,536080,339504306,633.31,58.94,0.17,69.90,0.27,,28.04,39.80,79.90,7.52
COM,2001,547220,372746486,681.16,59.59,0.18,69.50,0.44,,27.99,42.00,76.80,6.66
COM,2002,558923,427360070,764.61,59.72,0.18,70.30,0.55,,27.96,44.80,73.80,6.69
COM,2003,569798,546830041,959.69,60.24,0.23,64.40,0.85,,27.94,46.50,71.00,6.66
COM,2004,580704,622679660,1072.28,60.56,0.24,63.50,1.33,55.90,27.96,48.70,68.30,6.59
COM,2005,592677,655375096,1105.79,60.88,0.23,65.70,2.00,,28.02,51.00,65.80,6.13
COM,2006,604753,688498642,1138.48,61.23,0.27,61.80,2.20,,28.11,53.20,63.40,5.77
COM,2007,616927,795673153,1289.74,61.48,0.17,74.40,2.50,,28.25,55.50,61.20,5.42
COM,2008,629307,915659108,1455.03,61.96,0.17,73.40,3.00,,28.42,57.80,59.20,5.07
COM,2009,641947,905341173,1410.31,62.30,0.21,68.50,3.50,,28.62,60.10,57.30,4.93
COM,2010,654836,907979446,1386.58,62.75,0.24,66.00,5.10,,28.85,69.70,55.60,4.99
COM,2011,668056,1023087476,1531.44,63.11,0.21,69.00,5.50,,29.11,69.30,54.00,5.30
COM,2012,681630,1015842907,1490.31,63.46,0.21,68.30,5.98,,29.40,69.30,52.50,5.17
COM,2013,696192,1116223107,1603.33,63.84,0.25,63.60,6.50,,29.70,69.40,51.20,5.10
COM,2014,711503,1149587562,1615.72,64.14,0.22,68.00,6.98,45.30,30.03,71.80,50.00,5.24
COM,2015,726682,966029601,1329.37,64.47,0.24,67.00,7.46,,30.37,74.10,48.90,4.60
COM,2016,741741,1012835493,1365.48,64.79,0.27,64.00,7.94,,30.73,76.40,47.90,4.65
COM,2017,756669,1077439757,1423.92,65.13,0.34,59.50,8.48,,31.10,78.70,46.90,5.27
COM,2018,771590,1188797449,1540.71,65.40,0.27,57.70,,,31.41,81.00,45.80,4.90
COM,2019,786578,1195019532,1519.26,65.66,0.29,55.30,16.38,,31.73,83.30,44.80,5.18
COM,2020,802163,1225039197,1527.17,65.76,0.33,50.80,22.42,34.20,32.06,85.60,43.70,5.90
COM,2021,818174,1299039312,1587.73,65.20,0.49,41.20,30.68,,32.41,87.90,42.60,6.46
COM,2022,834188,1279542249,1533.88,66.48,0.52,39.30,31.37,,32.77,89.90,41.40,8.47
COM,2023,850387,1465977684,1723.89,66.78,0.52,,31.93,,33.15,89.80,40.20,6.55
CPV,2000,453317,539227278,1189.51,68.12,0.62,27.90,1.82,,53.93,58.60,36.00,3.86
CPV,2001,460293,563090490,1223.33,68.71,0.71,26.00,2.69,52.50,54.78,60.30,32.80,3.70
CPV,2002,467046,620507387,1328.58,69.45,0.77,26.00,3.52,,55.57,58.60,30.50,3.72
CPV,2003,473383,813260469,1717.98,70.01,0.77,24.80,4.32,,56.33,63.70,29.00,3.63
CPV,2004,479370,924940012,1929.49,70.50,0.81,24.40,5.32,,57.07,65.40,28.20,3.55
CPV,2005,485115,972241677,2004.15,70.94,1.25,23.90,6.07,,57.80,67.00,28.00,3.34
CPV,2006,490728,1107571458,2257.00,71.34,1.35,21.20,6.81,,58.53,68.80,28.00,3.82
CPV,2007,496190,1649621739,3324.58,71.49,1.51,21.00,8.28,47.20,59.29,70.50,28.10,3.84
CPV,2008,501355,1959620648,3908.65,71.89,1.45,23.80,14.00,,60.07,72.30,27.90,3.27
CPV,2009,506141,1852334575,3659.72,72.14,1.40,22.10,21.00,,60.91,74.10,27.50,3.56
CPV,2010,509784,1824751468,3579.46,72.51,1.47,21.20,30.00,,61.80,81.10,26.70,4.08
CPV,2011,511447,2046817987,4002.01,72.91,1.70,20.80,32.00,,62.74,82.30,25.60,3.93
CPV,2012,511955,1913081210,3736.82,73.32,1.46,24.30,34.74,,63.73,83.20,24.20,4.67
CPV,2013,512225,2028910915,3960.98,73.48,1.43,25.90,37.50,,64.75,84.30,22.60,4.82
CPV,2014,512326,2041930125,3985.61,73.79,1.51,26.10,40.26,,65.81,85.30,20.90,4.85
CPV,2015,512394,1749857620,3415.06,74.10,1.54,26.40,42.68,42.40,66.90,86.40,19.20,4.40
CPV,2016,512554,1849789986,3608.97,74.35,1.62,23.90,50.32,,68.04,87.50,17.60,4.36
CPV,2017,512893,1996741540,3893.10,74.71,1.73,21.80,57.16,,69.20,88.60,16.20,4.48
CPV,2018,513415,2205099507,4294.97,74.84,1.55,21.90,59.50,,70.40,90.20,15.10,4.79
CPV,2019,514104,2252177124,4380.78,75.45,1.63,19.70,61.94,,71.63,91.40,14.10,4.82
CPV,2020,514679,1821565614,3539.23,73.82,1.22,23.40,69.37,,72.88,93.70,13.30,7.03
CPV,2021,516649,2051842619,3971.44,74.42,1.25,22.60,70.28,,74.16,95.50,12.70,6.61
CPV,2022,519741,2247003344,4323.31,75.91,1.31,21.80,73.33,,75.03,97.10,12.10,6.70
CPV,2023,522331,2504525538,4794.90,76.06,1.25,,74.60,,75.91,98.60,11.60,5.85
CRI,2000,3937739,15013629579,3812.75,77.32,1.30,33.00,5.80,47.40,59.05,96.90,13.10,6.56
CRI,2001,4008947,15976174476,3985.13,77.61,1.38,32.10,9.56,51.50,60.14,98.20,12.60,6.47
CRI,2002,4075705,16578820799,4067.72,77.94,1.39,32.50,19.89,51.80,61.28,98.50,12.20,6.87
CRI,2003,4138784,17271760397,4173.15,78.21,1.47,33.30,20.33,49.30,62.45,98.70,11.80,6.97
CRI,2004,4200078,18610594844,4431.01,78.51,1.47,39.20,20.79,48.40,63.66,99.00,11.50,6.63
CRI,2005,4261240,20040642421,4703.01,78.88,1.49,41.70,22.07,47.50,64.90,99.10,11.30,6.66
CRI,2006,4321340,22715540342,5256.60,79.05,1.60,42.40,25.10,49.30,66.17,99.10,11.20,6.94
CRI,2007,4380248,26884700688,6137.71,79.10,1.76,41.20,28.40,49.30,67.47,99.20,11.10,7.00
CRI,2008,4440056,30801745703,6937.24,79.18,1.72,40.70,32.29,48.60,68.79,99.30,10.90,7.47
CRI,2009,4499791,30745714234,6832.70,79.37,1.63,40.70,34.33,50.60,70.14,99.40,10.70,7.86
CRI,2010,4555962,37658616966,8265.79,79.35,1.59,40.40,36.50,48.00,71.51,99.00,10.50,8.03
CRI,2011,4609833,42762613785,9276.39,79.62,1.67,38.00,39.21,48.80,72.84,99.20,10.20,8.12
CRI,2012,4663934,47231655493,10127.00,79.93,1.64,38.10,47.50,48.40,73.39,99.50,9.80,7.79
CRI,2013,4716147,50949668763,10803.24,80.19,1.68,37.80,45.96,49.20,73.94,99.60,9.50,7.68
CRI,2014,4767119,52016408816,10911.50,80.23,1.69,37.60,53.00,48.60,74.49,99.40,9.20,7.66
CRI,2015,4818038,56441920888,11714.71,80.41,1.61,38.30,59.76,48.40,75.02,99.40,9.00,7.59
CRI,2016,4866998,58847019588,12091.03,79.99,1.69,34.10,65.88,48.70,75.54,99.50,8.90,7.32
CRI,2017,4913177,60516044661,12317.09,79.99,1.71,33.30,71.58,48.30,76.05,99.60,8.90,7.05
CRI,2018,4957818,62567765946,12620.02,80.09,1.70,33.10,73.48,48.00,76.55,99.70,9.00,7.29
CRI,2019,4999553,64753504730,12951.86,80.30,1.64,33.40,81.20,48.20,77.04,99.70,9.10,7.22
CRI,2020,5034320,62806591555,12475.69,79.73,1.43,36.40,80.53,49.20,77.52,99.90,9.30,7.83
CRI,2021,5059988,65588938787,12962.27,78.05,1.59,34.20,82.75,48.70,77.99,100.00,9.60,7.61
CRI,2022,5081765,71001226361,13971.76,79.32,1.61,,82.60,47.20,78.44,100.00,9.90,7.18
CRI,2023,5105525,87512637056,17140.77,80.80,1.59,,85.40,46.70,78.88,100.00,10.10,6.87
CUB,2000,11109109,30565400000,2751.38,75.92,2.61,34.40,0.54,,75.64,97.00,8.60,6.58
CUB,2001,11144132,31682400000,2842.97,76.43,2.50,34.00,1.08,,75.89,96.20,8.20,6.98
CUB,2002,11177418,33590500000,3005.21,76.77,2.38,34.80,3.77,,75.85,95.50,7.90,7.11
CUB,2003,11209383,35901200000,3202.78,77.41,2.30,33.60,5.24,,75.86,96.50,7.60,7.10
CUB,2004,11238756,38203000000,3399.22,77.33,2.25,33.80,8.41,,75.92,96.60,7.30,6.83
CUB,2005,11262554,42643836100,3786.34,77.54,2.33,26.30,9.74,,76.00,96.80,7.10,8.76
CUB,2006,11278550,48835925926,4329.98,77.41,2.38,22.00,11.16,,76.11,96.90,6.80,8.27
CUB,2007,11287272,54262870370,4807.44,77.55,2.45,18.60,11.69,,76.24,97.10,6.60,10.97
CUB,2008,11291762,56302129630,4986.12,77.59,2.36,18.70,12.94,,76.37,97.30,6.50,11.31
CUB,2009,11294719,57481481481,5089.24,77.58,2.39,19.00,14.33,,76.49,97.60,6.30,12.29
CUB,2010,11297409,59562962963,5272.27,77.88,2.49,15.60,15.90,,76.61,97.80,6.20,10.69
CUB,2011,11301571,68990000000,6104.46,78.05,2.46,19.20,16.02,,76.71,98.00,6.10,11.31
CUB,2012,11303175,73141000000,6470.84,78.16,2.56,19.40,21.20,,76.78,98.30,6.10,9.30
CUB,2013,11298167,77148000000,6828.36,78.03,2.57,18.20,27.93,,76.82,98.50,6.00,10.43
CUB,2014,11285775,80656100000,7146.70,77.83,2.38,23.20,29.07,,76.84,98.70,6.10,12.14
CUB,2015,11275065,87132800000,7727.92,77.75,2.61,21.10,37.31,,76.87,99.00,6.10,12.81
CUB,2016,11265612,91370407900,8110.56,77.57,2.42,19.20,42.98,,76.91,99.20,6.30,12.22
CUB,2017,11247829,96850649700,8610.61,77.30,2.36,22.00,57.15,,76.96,99.40,6.40,11.47
CUB,2018,11227118,100050036100,8911.46,77.43,2.39,24.00,62.68,,77.02,99.60,6.60,11.02
CUB,2019,11202846,103427600000,9232.26,77.41,1.99,23.10,67.97,,77.07,99.80,6.90,11.09
CUB,2020,11176354,107352000000,9605.28,77.41,1.65,24.50,71.12,,77.11,99.90,7.20,12.49
CUB,2021,11122168,,,73.20,1.96,20.90,67.64,,77.10,100.00,7.50,13.79
CUB,2022,11059820,,,77.63,1.79,,67.88,,77.11,100.00,7.80,11.79
CUB,2023,11019931,,,78.09,1.82,,69.56,,77.13,100.00,8.20,9.38
CUW,2000,133860,2120511229,15841.26,73.28,,0.10,,,90.87,100.00,,
CUW,2001,129047,2143450726,16609.85,73.36,,0.60,,,91.06,99.90,,
CUW,2002,129205,2160784693,16723.69,73.47,,0.60,,,91.10,99.90,,
CUW,2003,131897,2202117374,16695.74,73.60,,0.60,,,91.13,99.80,,
CUW,2004,134192,2237160503,16671.34,73.74,,0.60,,,91.15,99.80,,
CUW,2005,137658,2344637263,17032.34,73.87,,0.60,,,91.17,99.70,,
CUW,2006,141239,2457581732,17400.16,73.98,,0.60,,,91.19,99.70,,
CUW,2007,144056,2593831508,18005.72,74.14,,0.60,,,91.21,99.70,,
CUW,2008,145880,2833476145,19423.34,74.31,,0.50,,,91.22,99.70,,
CUW,2009,146833,2869153184,19540.25,74.49,,0.50,,,91.24,99.70,,
CUW,2010,148703,2951342793,19847.23,75.12,,0.50,,,91.25,100.00,,
CUW,2011,150831,2930092235,19426.33,75.58,,0.50,,,91.26,100.00,,
CUW,2012,152088,3012836257,19809.82,75.96,,0.60,,,91.28,100.00,,
CUW,2013,153822,3033568603,19721.29,76.24,,1.10,,,91.29,100.00,,
CUW,2014,155909,3059406983,19623.03,76.38,,1.40,,,91.31,100.00,,
CUW,2015,157980,3058779218,19361.81,76.48,,1.30,,,91.32,100.00,,
CUW,2016,159664,3024690168,18944.10,76.32,,1.40,61.86,,91.34,100.00,,
CUW,2017,160175,3033433240,18938.24,76.42,,1.90,68.13,,91.35,100.00,,
CUW,2018,159336,3046364804,19119.12,76.49,,2.50,,,91.36,100.00,,
CUW,2019,157441,3026124134,19220.69,76.49,,2.50,,,91.37,100.00,,
CUW,2020,155482,2534327598,16299.81,76.50,,2.80,,,91.38,100.00,,
CUW,2021,153948,2739594358,17795.58,75.69,,2.80,,,91.39,100.00,,
CUW,2022,153321,3075180838,20057.14,76.73,,,,,91.40,100.00,,
CUW,2023,154654,3281419330,21217.81,76.80,,,,,91.41,100.00,,
CYM,2000,39674,,,74.38,3.33,0.00,,,100.00,100.00,,
CYM,2001,41089,,,74.53,3.18,0.00,,,100.00,100.00,,
CYM,2002,42514,,,74.61,3.37,0.00,,,100.00,100.00,,
CYM,2003,43934,,,74.64,3.43,0.00,,,100.00,100.00,,
CYM,2004,45352,,,74.60,3.08,0.00,,,100.00,100.00,,
CYM,2005,46788,,,74.86,3.14,0.00,38.03,,100.00,100.00,,
CYM,2006,48232,4200288241,87085.09,75.00,3.41,0.00,44.50,,100.00,100.00,,
CYM,2007,49687,4466278065,89888.26,75.15,4.13,0.00,52.00,,100.00,100.00,,
CYM,2008,51151,4585949024,89655.12,75.39,4.36,0.00,61.00,,100.00,100.00,,
CYM,2009,52618,4281714567,81373.57,75.67,4.33,0.00,64.50,,100.00,100.00,,
CYM,2010,54099,4156841107,76837.67,76.07,4.57,0.00,66.00,,100.00,100.00,,
CYM,2011,55606,4186073104,75280.96,76.56,3.59,0.00,69.47,,100.00,100.00,,
CYM,2012,57136,4291004524,75101.59,77.12,3.34,0.00,69.70,,100.00,100.00,,
CYM,2013,58655,4405796023,75113.73,77.65,3.69,0.00,71.40,,100.00,100.00,,
CYM,2014,60160,4562853611,75845.31,77.87,3.86,0.00,74.10,,100.00,100.00,,
CYM,2015,61642,4708167233,76379.21,78.12,4.07,0.00,77.00,,100.00,100.00,,
CYM,2016,63100,4909322237,77802.25,78.37,4.17,0.00,79.00,,100.00,100.00,,
CYM,2017,64535,5166281305,80053.94,78.62,4.35,0.00,81.07,,100.00,100.00,,
CYM,2018,65941,5530178441,83865.55,78.84,4.69,0.00,,,100.00,100.00,,
CYM,2019,67327,5941896608,88254.29,79.05,5.84,0.00,,,100.00,100.00,,
CYM,2020,68684,5655357984,82338.80,79.23,4.83,0.00,,,100.00,100.00,,
CYM,2021,70108,6060813808,86449.67,79.30,4.48,0.00,,,100.00,100.00,,
CYM,2022,71591,6653516041,92937.88,79.98,5.00,0.00,,,100.00,100.00,,
CYM,2023,73038,7308564549,100065.23,80.36,4.92,,,,100.00,100.00,,
CYP,2000,947667,9985847314,14388.35,77.90,7.53,3.10,15.26,,68.77,100.00,6.60,5.31
CYP,2001,964127,10397898907,14821.45,78.19,7.26,3.00,18.82,,68.80,100.00,6.20,5.34
CYP,2002,981440,11420228846,16093.22,78.76,7.31,3.20,28.32,,68.79,100.00,5.80,5.62
CYP,2003,999590,14547329558,20252.25,78.91,7.85,3.20,30.09,,68.71,100.00,5.40,5.64
CYP,2004,1017875,17320551250,23792.62,79.01,7.65,3.30,33.83,30.10,68.59,100.00,5.10,5.41
CYP,2005,1036151,18433412511,24959.26,79.20,7.63,3.40,32.81,30.30,68.43,100.00,4.70,5.44
CYP,2006,1054418,20072754987,26729.28,79.46,7.60,3.50,35.83,31.10,68.25,100.00,4.40,5.46
CYP,2007,1072714,23968727074,31244.88,79.80,7.75,4.30,40.77,31.10,68.06,100.00,4.10,5.36
CYP,2008,1091026,27958384913,35541.89,79.91,7.79,5.70,42.31,31.70,67.87,100.00,3.80,6.01
CYP,2009,1109371,26048190775,32236.46,80.38,7.47,6.30,49.81,32.10,67.68,100.00,3.50,6.47
CYP,2010,1127816,25799940416,31105.03,80.63,7.02,6.50,52.99,31.50,67.52,100.00,3.20,6.50
CYP,2011,1146493,27641553201,32485.80,80.86,6.68,7.60,56.86,32.60,67.40,100.00,3.00,6.43
CYP,2012,1165397,25047433100,28991.93,81.13,6.11,8.60,60.69,34.30,67.30,100.00,2.80,6.54
CYP,2013,1183895,23959708956,27764.73,81.32,5.44,9.70,65.45,37.00,67.21,100.00,2.70,6.93
CYP,2014,1201801,23225912183,26993.10,81.34,5.67,9.50,69.33,35.60,67.12,100.00,2.60,6.93
CYP,2015,1219502,19909269065,23088.43,81.46,5.62,10.40,71.72,34.00,67.04,100.00,2.50,6.79
CYP,2016,1237112,21046452117,24280.04,81.53,5.84,10.30,75.90,32.90,66.96,100.00,2.50,6.65
CYP,2017,1254275,22946583376,26247.46,81.54,5.87,10.90,80.74,31.40,66.89,100.00,2.60,6.62
CYP,2018,1270737,25754011492,29120.39,81.56,5.68,12.00,84.43,32.70,66.83,100.00,2.70,6.78
CYP,2019,1286671,26196660680,29227.17,81.45,5.61,12.00,86.06,31.20,66.77,100.00,3.00,7.00
CYP,2020,1302247,25555082267,28130.33,81.23,5.22,15.00,90.80,31.70,66.72,100.00,3.30,8.65
CYP,2021,1317309,30372637513,32937.84,80.57,5.25,15.60,90.76,31.30,66.67,100.00,3.70,8.87
CYP,2022,1331370,31218047044,33231.05,80.43,5.43,,89.60,31.50,66.67,100.00,4.10,8.27
CYP,2023,1344976,35075440603,36623.71,81.65,5.36,,91.22,31.80,66.67,100.00,4.60,8.12
CZE,2000,10255063,62175642238,6062.92,74.97,12.90,5.90,9.78,,74.00,100.00,5.50,5.67
CZE,2001,10216605,68135304464,6669.07,75.17,12.94,6.30,14.70,,73.91,100.00,5.20,5.83
CZE,2002,10196916,82607869610,8101.26,75.22,12.49,7.30,23.93,26.60,73.84,100.00,5.00,6.15
CZE,2003,10193998,100435924705,9852.46,75.17,12.82,6.70,34.30,,73.76,100.00,4.80,6.50
CZE,2004,10197101,120147899984,11782.55,75.72,12.90,7.10,35.50,27.50,73.70,100.00,4.60,6.33
CZE,2005,10211216,137264185596,13442.49,75.92,12.64,7.50,35.27,26.90,73.64,100.00,4.40,6.34
CZE,2006,10238905,156236258387,15259.08,76.52,12.77,7.90,47.93,26.70,73.58,100.00,4.10,6.16
CZE,2007,10298828,190040702287,18452.65,76.72,12.85,8.30,51.93,26.00,73.52,100.00,3.90,5.99
CZE,2008,10384603,236506264754,22774.70,76.98,12.14,9.00,62.97,26.30,73.47,100.00,3.70,6.34
CZE,2009,10443936,206971882705,19817.42,77.08,11.46,10.20,64.43,26.20,73.41,100.00,3.50,7.27
CZE,2010,10474410,211168667286,20160.44,77.42,11.55,10.90,68.82,26.60,73.35,100.00,3.40,7.48
CZE,2011,10496088,231429378717,22049.11,77.87,11.25,12.20,70.49,26.40,73.29,100.00,3.30,7.47
CZE,2012,10510785,210363223088,20014.04,78.08,10.85,12.80,73.43,26.10,73.22,100.00,3.20,7.54
CZE,2013,10514272,213024360541,20260.50,78.18,10.42,13.90,74.11,26.50,73.16,100.00,3.10,7.45
CZE,2014,10525347,210911285078,20038.42,78.82,10.19,14.80,74.23,25.90,73.10,100.00,3.10,7.54
CZE,2015,10546059,189107698562,17931.60,78.58,10.27,14.80,75.67,25.90,73.04,100.00,3.20,7.29
CZE,2016,10566332,198160659304,18753.97,79.03,10.39,14.80,76.48,25.40,72.97,100.00,3.20,7.32
CZE,2017,10594438,221563575696,20913.20,78.98,10.42,14.50,78.72,24.90,72.91,100.00,3.20,7.24
CZE,2018,10629928,251992360762,23705.93,79.03,10.29,14.70,80.69,25.00,72.85,100.00,3.10,7.37
CZE,2019,10671870,256794209029,24062.72,79.23,9.72,15.90,80.87,25.30,72.79,100.00,3.00,7.49
CZE,2020,10697858,251109660603,23472.89,78.23,8.87,17.00,81.34,26.20,72.73,100.00,2.90,8.97
CZE,2021,10505772,290972714482,27696.46,77.22,9.47,17.20,82.67,26.20,72.68,100.00,2.80,9.15
CZE,2022,10672118,301831228326,28282.22,78.93,9.15,,84.54,25.90,72.70,100.00,2.70,8.47
CZE,2023,10864042,345059295660,31761.59,79.83,7.88,,85.99,25.70,72.74,100.00,2.60,8.43
DEU,2000,82211508,1966980701145,23925.86,77.93,10.60,3.70,30.22,28.70,80.09,100.00,5.40,9.76
DEU,2001,82349925,1966381496642,23878.36,78.33,10.75,3.90,31.65,29.90,80.11,100.00,5.20,9.78
DEU,2002,82488495,2102350798306,25486.59,78.23,10.55,4.40,48.82,29.90,80.12,100.00,5.10,10.03
DEU,2003,82534176,2534715518349,30711.10,78.38,10.64,5.40,55.90,29.90,80.14,100.00,5.00,10.22
DEU,2004,82516260,2852317768062,34566.74,78.68,10.46,6.30,64.73,30.10,80.15,100.00,4.90,9.97
DEU,2005,82469422,2893393187362,35084.44,78.93,10.21,7.30,68.71,31.60,80.17,100.00,4.70,10.11
DEU,2006,82376451,3046308753671,36980.33,79.13,10.38,8.60,72.16,31.00,80.20,100.00,4.60,9.96
DEU,2007,82266372,3484056680855,42350.92,79.53,10.05,10.50,75.16,31.20,80.22,100.00,4.50,9.83
DEU,2008,82110097,3808197720125,46379.16,79.74,10.11,10.20,78.00,30.60,80.25,100.00,4.40,10.03
DEU,2009,81902307,3478545516684,42471.89,79.84,9.38,10.70,79.00,30.40,80.27,100.00,4.30,10.97
DEU,2010,81776930,3467093769667,42396.97,79.99,9.97,11.60,82.00,30.20,80.31,100.00,4.20,10.83
DEU,2011,80274983,3823575803794,47630.98,80.44,9.82,12.50,81.27,30.40,80.34,100.00,4.10,10.52
DEU,2012,80425823,3596483233406,44718.02,80.54,9.95,13.60,82.35,30.90,80.39,100.00,4.00,10.59
DEU,2013,80645605,3807023797051,47206.84,80.49,10.14,13.60,84.17,31.40,80.47,100.00,4.00,10.74
DEU,2014,80982500,3964870735761,48959.60,81.09,9.62,14.00,86.19,30.80,80.58,100.00,4.00,10.77
DEU,2015,81686611,3425099578746,41929.75,80.64,9.61,14.60,87.59,31.40,80.70,100.00,3.90,10.92
DEU,2016,82348669,3536787895179,42948.94,80.99,9.58,14.20,84.17,31.30,80.83,100.00,3.90,10.97
DEU,2017,82657002,3765351626106,45553.93,80.99,9.37,15.20,84.39,31.30,80.98,100.00,3.80,11.05
DEU,2018,82905782,4055433215302,48916.17,80.89,9.01,16.00,87.04,31.90,81.14,100.00,3.80,11.18
DEU,2019,83092962,3959894794039,47656.20,81.29,8.38,17.10,88.13,32.20,81.31,100.00,3.70,11.43
DEU,2020,83160871,3941398957074,47394.87,81.04,7.72,18.50,89.81,32.50,81.47,100.00,3.70,12.47
DEU,2021,83196078,4355251953411,52349.25,80.79,8.06,17.60,91.43,33.60,81.63,100.00,3.70,12.72
DEU,2022,83177813,4201021706479,50506.52,80.61,7.91,,91.63,33.70,81.79,100.00,3.70,12.45
DEU,2023,83287273,4562207532490,54776.77,81.04,7.08,,92.48,,81.90,100.00,3.70,11.74
DJI,2000,747318,551230862,737.61,56.73,0.98,31.40,0.19,,73.35,56.00,98.50,3.40
DJI,2001,771313,572417441,742.13,57.51,0.98,31.70,0.34,,72.89,56.10,96.30,3.20
DJI,2002,795574,591122040,743.01,57.82,0.98,32.40,0.49,40.00,72.45,49.70,94.00,3.75
DJI,2003,813519,622044666,764.63,58.04,1.02,32.90,0.63,,72.03,56.40,91.60,4.27
DJI,2004,826124,666072102,806.26,58.10,0.96,33.60,0.78,,71.65,56.60,89.30,3.54
DJI,2005,839167,708633195,844.45,58.55,0.90,33.10,0.95,,71.31,56.80,86.90,3.80
DJI,2006,855764,768873684,898.46,58.96,0.85,33.00,1.27,,71.02,55.50,84.60,4.22
DJI,2007,874528,847918929,969.57,59.36,0.86,32.50,1.62,,70.81,57.20,82.30,4.05
DJI,2008,892734,999105339,1119.15,59.82,0.90,33.10,2.26,,70.68,57.40,79.90,3.61
DJI,2009,911527,1049110685,1150.94,60.35,0.80,34.40,4.00,,70.64,57.60,77.70,3.64
DJI,2010,930251,1128611700,1213.23,60.74,0.87,32.50,6.50,,70.65,57.90,75.50,3.36
DJI,2011,948558,1239144502,1306.35,61.34,0.66,32.00,7.00,,70.68,58.10,73.40,3.37
DJI,2012,966747,1353632942,1400.19,61.72,0.82,32.30,9.40,45.10,70.73,54.60,71.30,3.30
DJI,2013,984824,2044440443,2075.94,62.12,0.89,29.90,12.70,44.10,70.80,58.60,69.20,2.92
DJI,2014,1002717,2220637966,2214.62,62.43,0.88,29.40,17.00,,70.89,58.90,67.20,2.96
DJI,2015,1020313,2424391785,2376.13,62.83,0.80,24.80,22.90,,71.01,59.10,65.20,3.35
DJI,2016,1037653,2604955229,2510.43,63.34,0.72,23.60,30.80,,71.15,59.80,63.20,2.74
DJI,2017,1054841,2762581334,2618.96,63.71,0.64,23.30,55.68,41.60,71.32,60.20,61.20,2.48
DJI,2018,1071882,2913464658,2718.08,64.11,0.69,24.70,57.06,,71.52,62.40,59.40,2.53
DJI,2019,1088709,3088851450,2837.17,64.38,0.77,23.40,58.48,,71.74,64.70,57.50,2.41
DJI,2020,1105188,3144136197,2844.89,64.20,0.67,27.50,59.93,,72.00,64.50,55.70,2.34
DJI,2021,1121248,3392796953,3025.91,63.83,0.73,26.60,61.41,,72.29,65.40,54.00,2.87
DJI,2022,1137096,3562814909,3133.26,65.54,0.76,26.90,63.78,,72.61,65.00,52.10,2.53
DJI,2023,1152944,3898447007,3381.30,65.99,0.76,,64.76,,72.84,65.20,50.50,2.28
DMA,2000,68511,333470370,4867.40,71.72,0.79,11.10,8.81,,65.24,81.10,19.40,5.32
DMA,2001,68288,377462963,5527.52,71.86,0.80,9.40,13.25,,65.36,82.10,19.70,4.65
DMA,2002,68367,375200000,5488.03,71.93,0.72,13.60,18.42,,65.52,87.70,20.10,4.65
DMA,2003,68531,373318519,5447.44,71.94,0.82,10.60,23.62,,65.72,84.00,20.60,4.85
DMA,2004,68649,396711111,5778.83,71.99,0.87,11.40,30.32,,65.97,85.00,21.10,4.75
DMA,2005,68734,391455556,5695.22,72.02,0.86,10.00,38.54,,66.24,86.00,21.60,4.98
DMA,2006,68806,416674074,6055.78,72.01,0.91,9.80,39.40,,66.55,87.00,22.20,4.78
DMA,2007,68847,444685185,6459.04,71.90,1.10,7.80,40.27,,66.88,88.10,22.80,4.79
DMA,2008,68854,480003704,6971.33,71.95,1.07,8.00,41.16,,67.23,90.90,23.50,5.05
DMA,2009,68864,515618519,7487.49,71.84,1.09,7.50,42.02,,67.61,90.20,24.20,4.98
DMA,2010,68859,519859259,7549.62,71.68,1.12,10.30,47.45,,68.00,91.30,24.90,5.16
DMA,2011,69053,532081481,7705.41,71.52,0.86,13.80,48.60,,68.40,90.10,25.70,5.33
DMA,2012,69118,520355556,7528.51,71.39,0.79,11.30,49.80,,68.75,93.50,26.50,5.80
DMA,2013,69715,545325926,7822.22,71.23,0.86,11.40,51.00,,69.12,94.60,27.40,5.35
DMA,2014,70373,572255556,8131.75,71.19,0.95,9.90,57.50,,69.49,95.70,28.30,5.26
DMA,2015,70410,583177778,8282.60,69.97,1.03,8.70,65.00,,69.87,96.70,29.20,5.16
DMA,2016,69606,612711111,8802.56,71.19,1.12,10.70,67.03,,70.25,97.80,30.20,5.12
DMA,2017,68496,563355556,8224.65,68.62,1.01,9.70,69.62,,70.64,98.90,31.10,5.46
DMA,2018,68174,628244444,9215.31,71.38,1.05,7.90,,,71.04,99.60,32.10,6.18
DMA,2019,67880,644259259,9491.15,71.31,1.27,7.60,73.38,,71.44,99.90,33.00,5.17
DMA,2020,67573,528944444,7827.75,71.27,1.14,8.60,75.66,,71.85,100.00,33.80,6.07
DMA,2021,67202,562911111,8376.40,69.83,1.14,8.80,78.08,,72.26,100.00,34.40,6.31
DMA,2022,66826,623062963,9323.66,71.08,1.22,8.90,80.58,,72.68,100.00,35.00,5.97
DMA,2023,66510,659311111,9912.96,71.13,1.22,,81.34,,73.11,100.00,35.40,5.01
DNK,2000,5339616,164043817224,30722.03,76.59,9.95,10.70,39.17,23.80,85.10,100.00,5.60,8.11
DNK,2001,5358783,164881594415,30768.48,76.79,10.22,11.10,42.96,,85.19,100.00,5.50,8.44
DNK,2002,5375931,178788209558,33257.16,76.90,10.09,11.90,64.25,,85.30,100.00,5.40,8.70
DNK,2003,5390574,218421193436,40519.10,77.14,11.07,12.70,76.26,25.60,85.42,100.00,5.20,8.89
DNK,2004,5404523,251986155631,46625.05,77.49,10.01,14.40,80.93,24.90,85.71,100.00,5.00,8.99
DNK,2005,5419432,265150087712,48925.81,77.84,9.35,16.10,82.74,25.20,86.01,100.00,4.80,9.07
DNK,2006,5437272,283386151544,52119.18,78.10,10.78,15.30,86.65,25.90,86.25,100.00,4.60,9.15
DNK,2007,5461438,320213157595,58631.66,78.20,9.86,17.70,85.03,26.20,86.43,100.00,4.50,9.30
DNK,2008,5493621,354979471960,64616.67,78.45,9.21,18.50,85.02,25.20,86.58,100.00,4.30,9.47
DNK,2009,5523095,322619152195,58412.75,78.60,8.76,19.30,86.84,26.70,86.76,100.00,4.20,10.63
DNK,2010,5547683,322345594075,58104.54,79.10,8.75,21.20,88.72,27.20,86.87,100.00,4.10,10.60
DNK,2011,5570572,344315595263,61809.74,79.80,7.81,23.80,89.81,27.30,87.16,100.00,4.10,10.40
DNK,2012,5591572,326792574245,58443.77,80.05,6.90,26.90,92.26,27.80,87.23,100.00,4.10,10.53
DNK,2013,5614932,344631016965,61377.59,80.30,7.18,27.00,94.63,28.50,87.54,100.00,4.10,10.30
DNK,2014,5643475,352832602064,62520.45,80.70,6.41,30.20,95.99,28.40,87.68,100.00,4.10,10.31
DNK,2015,5683483,301758922338,53094.01,80.70,5.99,32.50,96.33,28.20,87.73,100.00,4.10,10.38
DNK,2016,5728010,312181849372,54500.93,80.85,6.23,32.00,96.97,28.20,87.70,100.00,4.00,10.28
DNK,2017,5764980,331610593962,57521.55,81.10,5.82,35.00,97.10,28.70,88.02,100.00,3.90,10.11
DNK,2018,5793636,355293374912,61324.77,80.95,5.79,34.60,97.32,28.20,88.11,100.00,3.90,10.14
DNK,2019,5814422,345401473013,59404.27,81.45,5.17,37.20,98.05,27.70,88.21,100.00,3.80,10.18
DNK,2020,5831404,355631021932,60985.49,81.60,4.77,39.50,96.55,27.50,88.24,100.00,3.70,10.69
DNK,2021,5856733,406110162088,69340.73,81.40,5.05,39.50,98.87,28.30,88.26,100.00,3.70,10.66
DNK,2022,5903037,400114306337,67781.09,81.30,4.83,,97.86,29.30,88.39,100.00,3.80,9.47
DNK,2023,5946952,404651706118,68043.55,81.75,4.41,,98.78,29.90,88.55,100.00,3.90,9.56
DOM,2000,8584190,24305780629,2831.46,70.37,2.21,19.10,3.70,51.50,61.31,88.80,39.60,4.88
DOM,2001,8720283,25601823688,2935.89,70.55,2.20,18.90,4.43,50.00,62.30,89.80,38.60,4.88
DOM,2002,8852235,27137440786,3065.60,70.72,2.37,17.90,6.82,49.70,63.29,89.70,37.70,4.99
DOM,2003,8980620,21403167848,2383.26,70.86,2.09,18.90,7.90,52.10,64.43,89.20,37.00,4.39
DOM,2004,9104892,22322387382,2451.69,70.73,1.91,20.70,8.87,52.10,65.89,90.30,36.40,4.29
DOM,2005,9225034,35777560684,3878.31,71.04,2.04,19.40,11.48,50.00,67.58,90.10,36.00,4.35
DOM,2006,9341183,37879830084,4055.14,71.05,2.20,18.00,14.84,52.00,69.33,90.10,35.60,3.99
DOM,2007,9455658,43965458509,4649.65,71.10,2.19,17.90,17.66,48.90,71.02,96.90,35.30,4.09
DOM,2008,9573130,48091433554,5023.59,71.33,2.16,17.70,20.82,48.10,72.49,97.60,35.10,4.56
DOM,2009,9695265,48223781477,4973.95,71.59,2.05,17.30,27.72,48.90,73.59,97.90,34.90,4.77
DOM,2010,9820175,53801053353,5478.62,72.04,2.13,16.90,31.40,47.30,74.16,98.10,34.90,4.93
DOM,2011,9945621,57948261616,5826.51,72.50,2.12,16.80,38.00,47.70,74.24,97.90,34.80,5.05
DOM,2012,10070411,60561635556,6013.82,72.82,2.17,16.50,42.32,46.10,74.24,97.90,34.80,5.06
DOM,2013,10193833,62555417415,6136.59,73.04,2.11,16.60,45.90,47.70,74.23,98.40,34.80,4.93
DOM,2014,10315528,67014329100,6496.45,73.15,2.10,17.30,49.58,44.30,74.19,98.50,34.90,4.81
DOM,2015,10434829,70966782572,6800.95,72.98,2.29,14.90,54.22,45.20,74.14,98.60,34.90,4.74
DOM,2016,10551430,75552902636,7160.44,72.89,2.36,15.30,63.87,45.70,74.05,98.90,34.90,4.59
DOM,2017,10666843,79070274743,7412.72,73.37,2.23,16.90,67.57,42.20,73.93,100.00,34.90,4.45
DOM,2018,10782053,84994732049,7882.98,73.56,2.38,15.90,74.82,43.70,73.76,98.90,34.70,4.22
DOM,2019,10894043,89146130745,8183.02,73.11,2.61,14.40,79.72,41.90,73.54,99.00,34.40,4.37
DOM,2020,11008300,78546672407,7135.22,72.64,2.45,16.00,81.62,39.60,73.26,100.00,33.80,4.96
DOM,2021,11123476,94850719517,8527.08,71.76,2.67,14.80,85.24,38.50,72.92,98.10,33.00,5.09
DOM,2022,11230734,113478103598,10104.25,74.21,2.86,,81.51,37.00,72.42,98.10,32.30,4.65
DOM,2023,11331265,120456239154,10630.43,73.72,2.89,,86.13,38.40,72.36,99.60,31.50,4.60
DZA,2000,30903893,54790398570,1772.93,70.58,2.85,0.40,0.49,,59.85,98.60,41.70,3.21
DZA,2001,31331221,59413400924,1896.30,71.03,2.74,0.40,0.65,,60.62,98.60,40.20,3.54
DZA,2002,31750835,61516103406,1937.46,71.64,2.82,0.50,1.59,,61.38,98.60,38.60,3.44
DZA,2003,32175818,73482264191,2283.77,71.91,3.00,0.50,2.20,,62.14,98.60,37.00,3.33
DZA,2004,32628286,91913680985,2816.99,72.54,2.96,0.40,4.63,,62.90,98.60,35.40,3.29
DZA,2005,33109249,107046618670,3233.13,72.84,3.06,0.60,5.84,,63.66,98.60,33.90,3.12
DZA,2006,33623506,123084258693,3660.66,73.12,3.14,0.40,7.38,,64.42,98.70,32.50,3.19
DZA,2007,34189416,142482739810,4167.45,73.35,3.19,0.40,9.45,,65.17,98.70,31.20,3.62
DZA,2008,34816961,180383848331,5180.92,73.62,3.27,0.30,10.18,,65.90,99.30,30.10,3.98
DZA,2009,35490445,150317292079,4235.43,73.87,3.27,0.30,11.23,,66.51,98.80,29.00,4.89
DZA,2010,36188236,177785053940,4912.79,74.14,3.28,0.30,12.50,,67.12,98.90,28.10,4.64
DZA,2011,36903376,218331946925,5916.31,74.38,3.38,0.20,14.90,27.60,67.73,99.00,27.30,4.83
DZA,2012,37646166,227143746076,6033.65,74.61,3.73,0.20,18.20,,68.34,98.80,26.60,5.64
DZA,2013,38414171,229701430292,5979.60,74.81,3.79,0.10,22.50,,68.95,99.20,25.90,5.65
DZA,2014,39205031,238942664193,6094.69,74.99,3.95,0.10,29.50,,69.55,99.30,25.40,6.01
DZA,2015,40019529,187493855609,4685.06,75.16,4.11,0.10,38.20,,70.14,99.40,24.90,6.33
DZA,2016,40850721,180763839522,4424.99,75.31,3.93,0.10,42.95,,70.74,99.40,24.50,6.00
DZA,2017,41689299,189880896903,4554.67,75.43,3.99,0.10,47.69,,71.32,99.50,24.00,5.95
DZA,2018,42505035,194554483656,4577.21,75.56,4.11,0.20,49.04,,71.91,99.60,23.70,5.93
DZA,2019,43294546,193459662091,4468.45,75.68,4.20,0.20,55.79,,72.48,99.50,23.30,5.42
DZA,2020,44042091,164873415325,3743.54,73.26,3.90,0.10,63.47,,73.05,99.70,22.90,5.64
DZA,2021,44761099,186231205262,4160.56,75.21,4.05,0.10,72.21,,73.62,99.80,22.60,5.02
DZA,2022,45477389,225581644703,4960.30,76.13,4.16,,74.78,,74.18,100.00,22.30,3.63
DZA,2023,46164219,247923887215,5370.48,76.26,4.13,,76.20,,74.73,100.00,22.00,4.35
EAS,2000,2050149617,8486535433030,4139.47,71.70,3.29,22.47,,,41.63,92.06,39.60,6.09
EAS,2001,2068682053,7890593533287,3814.31,72.04,3.38,21.79,,,42.62,92.54,37.50,6.11
EAS,2002,2086144389,8019320137888,3844.09,72.36,3.54,21.17,,,43.77,92.96,35.50,6.08
EAS,2003,2102761941,8807340167908,4188.46,72.73,3.86,19.84,,,44.95,93.16,32.60,6.20
EAS,2004,2118747885,9868085960845,4657.51,72.81,4.21,17.98,,,46.01,93.96,31.50,6.17
EAS,2005,2134573057,10526916106060,4931.63,73.30,4.55,16.43,14.70,,47.04,93.58,28.70,6.12
EAS,2006,2150688938,11166176306011,5191.91,73.56,4.85,15.97,16.60,,48.12,94.65,27.00,5.93
EAS,2007,2167046538,12482468447983,5760.13,73.89,5.15,15.08,20.80,,49.30,94.65,25.40,5.71
EAS,2008,2183472438,14397041627177,6593.64,73.85,5.20,14.74,25.20,,50.22,95.21,24.90,5.86
EAS,2009,2199148703,14811619687571,6735.16,74.37,5.40,14.26,29.50,,51.27,94.98,22.50,6.35
EAS,2010,2214613815,17291859920838,7808.07,74.63,5.82,13.43,34.20,,52.02,95.55,21.40,6.23
EAS,2011,2230826576,20025003264160,8976.49,74.83,6.22,12.73,37.30,,53.77,96.02,20.30,6.65
EAS,2012,2249081393,21443742650234,9534.44,75.11,6.34,12.80,40.40,,54.70,96.21,19.10,6.71
EAS,2013,2267072102,21719346361875,9580.35,75.33,6.52,12.81,43.20,,55.70,96.48,18.20,6.47
EAS,2014,2284385542,22461065423932,9832.43,75.56,6.52,13.18,45.50,,56.61,96.64,17.20,6.46
EAS,2015,2300844269,22388696608294,9730.64,75.79,6.43,12.98,48.30,,57.72,96.95,16.60,6.44
EAS,2016,2317076058,23197528991928,10011.55,75.99,6.41,13.33,53.90,,58.79,97.03,15.70,6.51
EAS,2017,2333475520,24764692848732,10612.79,76.08,6.51,13.58,57.80,,59.80,97.69,15.00,6.47
EAS,2018,2347576325,26967805751611,11487.51,76.39,6.73,13.79,62.50,,60.85,97.66,14.80,6.48
EAS,2019,2359762190,27555988315219,11677.44,76.59,6.85,14.24,67.10,,61.74,97.86,14.30,6.65
EAS,2020,2369420882,27716337916114,11697.52,76.54,6.80,14.81,73.90,,62.37,97.80,14.40,6.97
EAS,2021,2375117716,31866900585288,13416.98,76.15,7.06,,78.80,,63.24,98.15,14.20,6.84
EAS,2022,2379617118,31457553986144,13219.59,76.68,7.06,,82.40,,63.68,98.22,14.00,7.03
EAS,2023,2384441485,31597454903563,13251.51,76.66,7.28,,84.90,,64.02,98.40,13.70,6.82
ECS,2000,865392479,10078047371487,11645.64,73.11,8.08,7.61,,,68.66,99.12,20.90,7.99
ECS,2001,866590696,10182615561468,11750.20,73.36,8.12,7.61,,,68.87,99.17,19.70,8.16
ECS,2002,868234843,11150184165051,12842.36,73.45,8.10,7.58,,,69.06,99.20,18.50,8.43
ECS,2003,870529446,13558532492379,15575.04,73.56,8.36,7.68,,,69.25,99.21,17.40,8.61
ECS,2004,873069464,15806093490341,18104.05,73.99,8.35,7.94,,,69.40,99.24,16.40,8.60
ECS,2005,875563919,16828963477327,19220.71,74.15,8.31,8.29,34.70,,69.57,99.28,15.50,8.58
ECS,2006,878166933,18232780756499,20762.32,74.64,8.43,8.58,38.00,,69.77,99.30,14.60,8.50
ECS,2007,880656346,21312176373246,24200.33,75.01,8.41,9.14,43.60,,69.97,99.36,13.80,8.41
ECS,2008,884224673,23464214449944,26536.48,75.30,8.28,9.47,48.10,,70.16,99.41,13.00,8.59
ECS,2009,887741127,20665617638433,23278.88,75.69,7.62,10.42,52.70,,70.35,99.47,12.30,9.39
ECS,2010,890990370,21144686639874,23731.67,76.00,7.92,10.87,57.00,,70.58,99.67,11.70,9.16
ECS,2011,893009594,23462080654159,26273.04,76.48,7.92,10.73,60.20,,70.82,99.66,11.20,9.00
ECS,2012,896514509,22592146410959,25199.98,76.68,7.82,11.58,63.80,,71.15,99.83,10.80,9.02
ECS,2013,899906171,23610195160751,26236.29,77.03,7.61,12.28,66.10,,71.68,99.85,10.40,9.06
ECS,2014,903560070,23959718523184,26517.02,77.35,7.27,12.43,68.90,,72.24,99.88,10.00,9.17
ECS,2015,907526485,20639397476662,22742.47,77.33,7.23,12.87,69.90,,72.69,99.17,9.60,9.26
ECS,2016,911578015,20560352355735,22554.68,77.68,7.20,12.89,72.30,,72.93,99.83,9.20,9.30
ECS,2017,915063823,21814876277944,23839.73,77.90,7.27,12.88,74.50,,73.04,99.96,8.80,9.21
ECS,2018,918415818,23360537744962,25435.69,78.03,7.25,13.48,78.10,,73.18,99.97,8.60,9.23
ECS,2019,921929161,23089828216900,25045.12,78.30,7.04,14.01,80.30,,73.36,99.95,8.50,9.31
ECS,2020,923660463,22340802078287,24187.25,77.18,6.62,15.11,83.40,,73.50,99.98,8.30,10.48
ECS,2021,924375980,25606138714522,27701.00,76.73,7.09,,86.30,,73.62,99.99,8.10,10.38
ECS,2022,924267385,25850174701132,27968.29,77.83,6.85,,87.90,,73.73,100.00,8.00,9.71
ECS,2023,924805070,27758730809930,30015.76,78.39,6.63,,89.60,,73.84,100.00,8.40,9.58
ECU,2000,12689206,17539454727,1382.23,72.09,1.74,19.40,1.46,56.30,60.69,93.70,29.60,3.57
ECU,2001,12910740,23127055000,1791.30,72.57,1.88,17.10,2.67,,61.01,94.00,28.00,4.06
ECU,2002,13138472,27054197000,2059.16,73.16,1.85,17.10,4.26,,61.29,94.20,26.60,4.81
ECU,2003,13372306,30965208000,2315.62,73.63,1.87,16.60,4.46,53.50,61.54,95.00,25.50,5.79
ECU,2004,13608701,35194947000,2586.21,73.87,1.97,16.70,4.83,53.90,61.78,94.80,24.50,5.88
ECU,2005,13846163,40278849000,2909.03,73.91,2.08,16.20,5.99,53.10,62.01,95.80,23.60,5.86
ECU,2006,14086131,45690762000,3243.67,74.01,2.20,14.20,7.20,52.30,62.21,96.30,22.70,5.94
ECU,2007,14328773,49848725000,3478.92,74.23,2.21,15.90,10.80,53.40,62.39,96.80,21.80,5.56
ECU,2008,14575202,61139438000,4194.76,74.71,2.24,15.30,18.80,49.80,62.54,97.20,20.90,5.52
ECU,2009,14825954,60094978000,4053.36,74.90,2.39,12.90,24.60,48.50,62.66,96.50,20.00,6.03
ECU,2010,15076695,68151329000,4520.31,75.19,2.54,11.80,29.03,48.80,62.74,97.50,19.10,6.35
ECU,2011,15326227,78986648000,5153.69,75.18,2.50,13.20,31.37,45.90,62.79,96.90,18.20,6.61
ECU,2012,15572194,87735048000,5634.08,75.49,2.48,13.20,35.14,46.10,62.84,97.20,17.40,6.88
ECU,2013,15807128,96570334000,6109.29,75.83,2.60,11.80,40.28,46.90,62.88,98.00,16.60,6.78
ECU,2014,16035124,102717794000,6405.80,76.14,2.71,12.20,45.59,45.00,62.92,99.00,15.90,6.77
ECU,2015,16266225,97209558000,5976.16,76.22,2.66,13.10,48.94,46.00,62.96,98.80,15.30,7.77
ECU,2016,16505139,97671433000,5917.64,76.09,2.55,14.80,54.06,45.00,62.99,98.70,14.80,7.59
ECU,2017,16759519,104467486000,6233.32,76.22,2.45,17.00,55.80,44.70,63.02,99.20,14.40,7.52
ECU,2018,17049547,107478961000,6303.92,77.25,2.48,16.30,57.50,45.40,63.04,98.70,14.10,7.83
ECU,2019,17340021,107595830000,6205.06,77.29,2.42,17.70,59.20,45.70,63.06,99.10,13.80,7.81
ECU,2020,17546065,95865473000,5463.65,72.00,2.09,20.20,70.70,47.30,63.08,98.80,13.60,8.61
ECU,2021,17682454,107179074000,6061.32,72.75,2.33,18.90,69.11,45.80,63.09,100.00,13.40,8.38
ECU,2022,17823897,116133121000,6515.59,76.58,2.48,,69.72,45.50,63.09,100.00,13.20,7.60
ECU,2023,17980083,120792801000,6718.14,77.39,2.60,,72.69,44.60,63.13,98.70,13.00,7.56
EGY,2000,73083284,99838543960,1366.09,67.33,1.75,8.30,0.64,,42.73,97.70,47.30,4.92
EGY,2001,74652029,96684636119,1295.14,67.61,1.89,7.80,0.84,,42.78,97.40,44.80,5.40
EGY,2002,76239137,85146067416,1116.83,67.85,1.90,7.30,2.72,,42.83,97.50,42.50,5.51
EGY,2003,77853548,80288461538,1031.28,68.05,1.90,7.40,4.04,,42.88,98.80,40.40,5.22
EGY,2004,79477443,78782467532,991.26,68.21,2.02,7.60,11.92,31.80,42.93,97.80,38.60,4.86
EGY,2005,81101004,89660339660,1105.54,68.36,2.20,6.50,12.75,,42.96,99.40,37.00,4.92
EGY,2006,82700403,107426086957,1298.98,68.49,2.28,6.20,13.66,,42.97,99.00,35.60,4.84
EGY,2007,84276225,130437828371,1547.74,68.63,2.40,6.00,16.03,,42.97,98.40,34.20,4.44
EGY,2008,85864789,162818181818,1896.22,68.76,2.35,5.90,18.01,31.10,42.96,99.80,32.80,4.47
EGY,2009,87501636,189147005445,2161.64,68.92,2.40,5.70,20.00,,42.94,98.90,31.60,4.38
EGY,2010,89196072,218983666062,2455.08,69.08,2.37,5.40,21.60,30.20,42.91,99.40,30.50,4.15
EGY,2011,91093059,235989672978,2590.64,69.23,2.41,5.40,25.60,,42.86,99.40,29.50,4.36
EGY,2012,93161001,279116666667,2996.07,69.46,2.50,5.30,26.40,28.30,42.81,99.70,28.60,4.46
EGY,2013,95333553,288434108527,3025.53,69.63,2.40,5.30,29.40,,42.75,99.90,27.80,4.67
EGY,2014,97528654,305595408895,3133.39,69.91,2.39,5.40,33.89,,42.68,99.80,27.10,4.77
EGY,2015,99597342,329366576819,3306.98,70.14,2.40,5.30,37.82,31.80,42.61,99.30,26.50,5.06
EGY,2016,101644589,332441717791,3270.63,70.44,2.46,5.10,41.25,,42.52,100.00,26.00,5.07
EGY,2017,103696057,248362771739,2395.10,70.71,2.52,4.90,44.95,31.50,42.45,100.00,25.60,5.35
EGY,2018,105682094,262588632527,2484.70,70.97,2.42,5.00,46.92,,42.46,100.00,25.20,4.75
EGY,2019,107553158,318678815490,2962.99,71.21,2.20,6.20,57.28,31.90,42.48,100.00,24.80,4.60
EGY,2020,109315124,383817841547,3511.11,69.79,2.25,6.70,71.91,,42.52,100.00,24.40,4.15
EGY,2021,110957008,424671765456,3827.35,68.98,2.36,6.10,72.06,28.50,42.57,100.00,24.00,4.61
EGY,2022,112618250,476747720365,4233.31,71.01,2.30,,72.20,,42.63,100.00,23.50,4.72
EGY,2023,114535772,395926071448,3456.79,71.63,2.41,,74.01,,42.71,100.00,22.90,4.88
EMU,2000,333959803,6533285976077,19563.09,78.04,8.52,7.69,,,73.49,99.70,6.08,8.62
EMU,2001,334870337,6636734730022,19818.82,78.38,8.63,7.88,,,73.76,99.72,5.82,8.72
EMU,2002,336306839,7247791094759,21551.13,78.48,8.61,7.73,,,73.96,99.74,5.63,8.93
EMU,2003,338061667,8929519218444,26413.88,78.50,8.77,8.28,,,74.12,99.75,5.42,9.13
EMU,2004,339856977,10242911187425,30138.89,79.08,8.77,8.54,,,74.28,99.77,5.23,9.16
EMU,2005,341556724,10627971366602,31116.27,79.22,8.69,8.86,,,74.44,99.78,5.02,9.24
EMU,2006,343100724,11309041991993,32961.29,79.65,8.61,9.67,,,74.59,99.79,4.84,9.22
EMU,2007,344828323,13035176682197,37801.93,79.89,8.49,10.76,,,74.72,99.81,4.71,9.12
EMU,2008,346471036,14346208350010,41406.66,80.09,8.25,11.44,,,74.83,99.83,4.58,9.42
EMU,2009,347581287,13135138604358,37790.12,80.30,7.59,12.53,,,74.96,99.84,4.48,10.17
EMU,2010,348398403,12835436183866,36841.26,80.55,7.81,13.38,,,75.12,99.86,4.33,10.13
EMU,2011,347715695,13866247656132,39878.12,81.03,7.58,13.43,,,75.25,99.87,4.24,9.99
EMU,2012,348406547,12839246579841,36851.34,81.04,7.45,14.89,,,75.41,99.89,4.13,10.11
EMU,2013,348799535,13413105856915,38455.06,81.33,7.25,15.73,,,75.63,99.90,4.06,10.14
EMU,2014,349302135,13739142693292,39333.12,81.74,6.90,16.33,,,75.81,99.92,4.01,10.18
EMU,2015,350164707,11880603228445,33928.61,81.38,7.03,16.36,,,76.02,99.93,3.96,10.14
EMU,2016,351027116,12177215800581,34690.24,81.77,7.00,16.37,,,76.29,99.95,3.93,10.11
EMU,2017,351613647,12901130483442,36691.21,81.75,7.01,16.58,,,76.41,99.96,3.85,10.09
EMU,2018,352303991,13937879176172,39562.08,81.87,6.82,17.57,,,76.58,99.98,3.82,10.08
EMU,2019,353113327,13658286442180,38679.61,82.15,6.49,18.15,,,76.75,99.99,3.77,10.14
EMU,2020,353536838,13338044901392,37727.45,81.34,5.81,19.82,,,76.86,99.99,3.75,11.14
EMU,2021,353715415,15008955622791,42432.29,81.39,6.20,,,,76.97,100.00,3.75,11.16
EMU,2022,354666175,14578675912328,41105.35,81.49,6.07,,,,77.09,100.00,3.73,10.66
EMU,2023,356209318,15957338405376,44797.64,82.14,5.52,,,,77.21,100.00,3.72,10.29
ERI,2000,2247031,706370816,314.36,56.29,0.30,76.80,0.14,,34.10,29.30,85.30,5.77
ERI,2001,2312079,752371689,325.41,58.36,0.32,74.80,0.16,,34.33,30.30,81.10,5.92
ERI,2002,2392978,729321680,304.78,58.94,0.30,74.70,0.23,,34.54,32.20,77.30,6.69
ERI,2003,2493903,870248268,348.95,59.46,0.28,75.00,,,34.75,32.40,73.80,7.34
ERI,2004,2598284,1109054005,426.84,60.06,0.28,69.80,,,34.93,33.40,70.50,7.01
ERI,2005,2661215,1098424686,412.75,60.63,0.23,74.70,,,35.10,34.50,67.50,6.86
ERI,2006,2703502,1211161880,448.00,61.46,0.20,77.30,,,35.25,35.60,64.70,6.86
ERI,2007,2743222,1317974491,480.45,62.00,0.19,79.10,0.41,,35.38,36.70,62.00,5.28
ERI,2008,2816327,1380188800,490.07,62.42,0.16,81.40,0.47,,35.49,37.80,59.60,6.58
ERI,2009,2887885,1856695551,642.93,63.20,0.17,81.70,0.54,,35.57,38.90,57.30,5.42
ERI,2010,2945186,1589515447,539.70,63.67,0.18,80.90,0.61,,35.63,40.10,55.20,4.82
ERI,2011,2998485,2065001626,688.68,64.23,0.21,77.10,0.70,,35.67,41.20,53.30,5.16
ERI,2012,3036988,,,64.70,0.21,78.40,0.80,,35.68,42.30,51.40,3.74
ERI,2013,3074360,,,65.01,0.19,79.70,0.90,,35.67,43.50,49.70,4.97
ERI,2014,3095173,,,65.52,0.19,80.50,0.99,,35.64,44.60,48.10,3.91
ERI,2015,3105546,,,65.91,0.19,81.20,1.08,,35.59,45.80,46.40,4.51
ERI,2016,3124698,,,66.24,0.19,81.40,1.18,,35.53,46.90,44.70,3.74
ERI,2017,3150347,,,66.61,0.19,81.60,2.50,,35.44,48.00,43.30,4.15
ERI,2018,3192760,,,66.98,0.21,80.80,5.29,,35.35,49.10,41.90,4.25
ERI,2019,3240194,,,67.31,0.21,80.60,11.22,,35.24,50.30,40.50,4.65
ERI,2020,3291271,,,66.98,0.20,80.90,14.35,,35.12,51.40,39.10,4.31
ERI,2021,3350183,,,66.94,0.21,80.70,,,34.99,52.50,37.80,4.18
ERI,2022,3409447,,,67.79,0.22,,,,34.85,55.40,36.60,3.88
ERI,2023,3470390,,,68.62,0.22,,,,34.70,54.40,35.40,3.68
ESP,2000,40567864,598102854756,14743.27,78.97,7.65,7.90,13.62,34.10,76.17,100.00,5.40,6.80
ESP,2001,40850412,627798682379,15368.23,79.37,7.60,8.90,18.15,,76.32,100.00,5.30,6.77
ESP,2002,41431558,708938227244,17111.07,79.57,7.93,7.40,20.39,,76.49,100.00,5.10,6.80
ESP,2003,42187645,907963217058,21522.02,79.62,7.96,8.90,39.93,31.80,76.71,100.00,5.00,7.59
ESP,2004,42921895,1069829382515,24925.03,79.87,8.21,8.00,44.01,33.30,76.95,100.00,4.90,7.68
ESP,2005,43653155,1154667551776,26450.95,80.17,8.43,7.30,47.88,32.40,77.22,100.00,4.70,7.78
ESP,2006,44397319,1261846683275,28421.69,80.82,8.07,8.50,50.37,33.50,77.50,100.00,4.50,7.87
ESP,2007,45226803,1476746276855,32652.02,80.87,8.21,9.00,55.11,34.10,77.77,100.00,4.40,7.96
ESP,2008,45954106,1636115447613,35603.25,81.18,7.40,9.70,59.60,34.20,78.04,100.00,4.20,8.43
ESP,2009,46362946,1496587590848,32279.82,81.48,6.48,12.20,62.40,34.90,78.29,100.00,4.00,9.15
ESP,2010,46576897,1427989078917,30658.74,81.63,6.18,14.40,65.80,35.20,78.51,100.00,3.80,9.17
ESP,2011,46742697,1487568659241,31824.62,82.48,6.19,14.70,67.09,35.70,78.70,100.00,3.70,9.22
ESP,2012,46773055,1330994811670,28456.44,82.43,6.09,15.80,69.81,35.40,78.85,100.00,3.60,9.22
ESP,2013,46604197,1362186923158,29228.85,83.08,5.50,16.90,71.64,36.20,78.99,100.00,3.50,9.14
ESP,2014,46460733,1380244561362,29707.77,83.23,5.49,17.30,76.19,36.10,79.12,100.00,3.40,9.15
ESP,2015,46422303,1206164777553,25982.44,82.83,5.85,16.30,78.69,36.20,79.25,100.00,3.30,9.18
ESP,2016,46458139,1243015667917,26755.61,83.33,5.66,16.70,80.56,35.80,79.36,100.00,3.30,8.88
ESP,2017,46571232,1321754088819,28381.34,83.28,5.98,15.20,84.60,34.70,79.47,100.00,3.20,9.02
ESP,2018,46782011,1431642809327,30602.42,83.43,5.81,16.90,86.11,34.70,79.56,100.00,3.20,9.07
ESP,2019,47118501,1403496387686,29786.52,83.83,5.40,16.70,90.72,34.30,79.63,100.00,3.20,9.22
ESP,2020,47359424,1289783836971,27233.94,82.23,4.53,19.30,93.21,34.90,79.70,100.00,3.20,10.79
ESP,2021,47443821,1461244901853,30799.48,83.18,4.92,19.00,93.90,33.90,79.78,100.00,3.20,10.34
ESP,2022,47786102,1448850658407,30319.50,83.13,4.99,,94.49,33.60,79.95,100.00,3.20,9.68
ESP,2023,48352528,1619481980720,33493.22,83.93,4.57,,95.45,33.40,80.13,100.00,3.20,9.22
EST,2000,1396985,5686579748,4070.61,70.42,12.76,19.80,28.58,35.80,67.39,100.00,11.00,5.17
EST,2001,1388115,6250218423,4502.67,70.26,13.15,18.90,31.53,36.00,67.39,100.00,10.10,4.78
EST,2002,1379350,7370119619,5343.18,70.90,12.70,19.30,41.52,35.80,67.41,100.00,9.30,4.70
EST,2003,1370720,9876595528,7205.41,71.32,14.27,19.90,45.32,37.20,67.43,100.00,8.50,5.14
EST,2004,1362550,12148595031,8916.07,71.91,14.71,20.00,53.20,33.60,67.47,100.00,7.80,5.34
EST,2005,1354775,14109491357,10414.64,72.57,14.81,18.90,61.45,33.40,67.51,100.00,7.10,5.29
EST,2006,1346810,17025671810,12641.48,72.69,14.43,17.20,63.51,33.70,67.56,100.00,6.50,4.97
EST,2007,1340680,22450264166,16745.43,72.81,17.18,18.60,66.19,31.20,67.61,100.00,5.90,5.18
EST,2008,1337090,24342935404,18205.91,73.77,15.62,20.50,70.58,31.90,67.67,100.00,5.40,5.96
EST,2009,1334515,19633984440,14712.45,74.82,13.07,24.20,72.50,31.40,67.73,100.00,5.00,6.84
EST,2010,1331475,19524355419,14663.70,75.43,16.68,25.30,74.10,32.00,67.80,100.00,4.60,6.59
EST,2011,1327439,23303915795,17555.55,76.23,16.83,25.20,76.50,32.50,67.88,100.00,4.20,6.05
EST,2012,1322696,23237406116,17568.21,76.33,16.05,25.00,78.39,32.90,67.96,100.00,3.90,6.04
EST,2013,1317997,25451032781,19310.39,77.14,17.93,24.50,80.00,35.10,68.09,100.00,3.60,6.20
EST,2014,1314545,27055689003,20581.79,77.03,17.31,25.30,84.24,34.60,68.27,100.00,3.40,6.26
EST,2015,1315407,23311847751,17722.16,77.59,15.98,28.20,88.41,32.70,68.48,100.00,3.20,6.52
EST,2016,1315790,24561027788,18666.37,77.64,15.65,27.20,87.24,31.20,68.72,100.00,3.00,6.57
EST,2017,1317384,27469461919,20851.52,78.09,16.67,27.50,88.10,30.40,68.99,100.00,2.80,6.47
EST,2018,1321977,31222632741,23618.14,78.24,17.89,28.60,89.36,30.30,69.28,100.00,2.70,6.56
EST,2019,1326898,31873748770,24021.25,78.65,11.65,31.30,90.23,30.80,69.58,100.00,2.50,6.65
EST,2020,1329522,31820771494,23933.99,78.60,9.13,40.40,89.06,30.70,69.88,100.00,2.40,7.47
EST,2021,1330932,37201101171,27951.17,76.94,9.71,38.00,90.98,31.80,70.18,100.00,2.30,7.48
EST,2022,1348840,38226641740,28340.38,77.84,11.13,,91.52,32.30,70.49,100.00,2.20,6.94
EST,2023,1370286,41470344395,30264.01,78.79,8.37,,93.18,30.70,70.68,100.00,2.10,7.47
ETH,2000,67411494,8242349618,122.27,50.88,0.06,95.50,0.02,,14.92,12.70,140.10,4.37
ETH,2001,69487762,8231326016,118.46,51.43,0.07,94.60,0.04,,15.12,10.20,133.80,4.72
ETH,2002,71635517,7850809498,109.59,52.09,0.07,94.50,0.07,,15.33,11.90,127.40,4.71
ETH,2003,73832663,8623691300,116.80,52.88,0.07,94.20,0.11,,15.54,13.50,121.00,4.90
ETH,2004,76077206,10131187261,133.17,53.74,0.08,94.10,0.16,29.80,15.76,15.20,114.60,4.31
ETH,2005,78367470,12401139454,158.24,54.36,0.07,94.70,0.22,,15.98,14.00,108.30,4.10
ETH,2006,80703490,15280861835,189.35,55.40,0.07,94.50,0.31,,16.21,18.60,102.40,4.46
ETH,2007,83103217,19707616773,237.15,56.57,0.08,94.10,0.37,,16.09,20.30,96.90,5.00
ETH,2008,85543668,27066912635,316.41,57.73,0.08,94.10,0.45,,16.79,22.00,91.80,4.28
ETH,2009,88007636,32437389116,368.57,58.72,0.08,94.20,0.54,,17.15,23.70,87.10,4.65
ETH,2010,90538514,29933790334,330.62,59.71,0.08,94.10,0.75,33.20,17.49,25.50,82.70,5.47
ETH,2011,93149970,31952763089,343.02,60.60,0.09,93.60,1.10,,17.86,23.00,78.60,4.47
ETH,2012,95798767,43310721414,452.10,61.44,0.09,93.30,2.90,,18.21,29.00,74.80,4.54
ETH,2013,98438751,47648276605,484.04,62.16,0.11,92.40,4.60,,18.62,30.80,71.20,4.08
ETH,2014,101115610,55612228234,549.99,62.93,0.12,91.40,7.70,,19.03,27.20,67.70,4.03
ETH,2015,103867135,62103418182,597.91,63.59,0.13,91.50,13.86,35.00,19.45,29.00,64.40,3.82
ETH,2016,106718162,68475871210,641.65,64.16,0.15,90.40,15.37,,19.88,42.90,61.30,3.60
ETH,2017,109666481,76366081767,696.35,64.77,0.14,90.80,15.62,,20.31,44.30,58.40,3.45
ETH,2018,112664152,83337901072,739.70,65.26,0.16,90.00,15.89,,20.78,44.80,55.80,3.30
ETH,2019,115737383,91834517114,793.47,65.74,0.16,89.30,15.98,,21.25,48.00,53.60,3.24
ETH,2020,118917671,98676811062,829.79,65.97,0.15,90.70,16.07,,21.63,51.10,51.50,3.48
ETH,2021,122138588,109070960371,893.01,65.33,0.16,90.60,16.70,31.10,22.11,54.20,70.40,3.21
ETH,2022,125384287,123140304665,982.10,66.90,0.15,,17.98,,22.74,55.00,68.10,2.85
ETH,2023,128691692,135874093203,1055.81,67.32,0.15,,20.34,,23.06,55.40,51.50,2.80
EUU,2000,429339162,7279892216792,16956.04,77.08,8.29,8.97,,,71.52,99.48,7.17,8.42
EUU,2001,429909307,7398267811405,17208.90,77.43,8.40,8.96,,,71.76,99.51,6.84,8.54
EUU,2002,430924112,8089955515957,18773.50,77.53,8.36,8.86,,,71.94,99.54,6.61,8.76
EUU,2003,432512916,9944006859363,22991.24,77.59,8.56,9.25,,,72.09,99.55,6.38,8.97
EUU,2004,434193248,11434848361292,26335.85,78.12,8.54,9.55,,,72.23,99.58,6.16,8.98
EUU,2005,435789139,11940626626680,27400.01,78.28,8.46,10.02,,,72.40,99.59,5.92,9.04
EUU,2006,437263803,12754718274524,29169.39,78.67,8.47,10.69,,,72.56,99.62,5.65,9.00
EUU,2007,438796003,14779905573600,33682.86,78.91,8.35,11.76,,,72.69,99.65,5.42,8.89
EUU,2008,440270719,16360464416206,37160.01,79.13,8.12,12.46,,,72.82,99.68,5.24,9.16
EUU,2009,441388573,14844850799682,33632.16,79.36,7.48,13.62,,,72.95,99.73,5.07,9.91
EUU,2010,442088310,14641776061063,33119.57,79.64,7.71,14.47,,,73.11,99.76,4.86,9.84
EUU,2011,441414078,15874716537129,35963.32,80.14,7.51,14.63,,,73.22,99.78,4.69,9.77
EUU,2012,442069839,14731878294328,33324.78,80.17,7.35,16.05,,,73.35,99.81,4.55,9.88
EUU,2013,442425741,15398511081475,34804.74,80.47,7.15,16.80,,,73.54,99.84,4.44,9.93
EUU,2014,442920819,15763599531005,35590.11,80.88,6.82,17.44,,,73.70,99.86,4.35,9.95
EUU,2015,443793218,13656255577703,30771.66,80.57,6.94,17.61,,,73.87,99.89,4.27,9.90
EUU,2016,444676652,13988150566299,31456.90,80.95,6.95,17.52,,,74.09,99.92,4.19,9.89
EUU,2017,445321060,14871316217996,33394.59,80.93,6.99,17.69,,,74.19,99.97,4.10,9.85
EUU,2018,446058453,16092407006604,36076.90,81.03,6.83,18.72,,,74.33,99.97,4.02,9.83
EUU,2019,446910453,15809077129406,35374.15,81.32,6.51,19.34,,,74.46,99.99,3.94,9.87
EUU,2020,446870959,15504058553908,34694.71,80.44,5.90,21.06,,,74.55,100.00,3.89,10.80
EUU,2021,446228281,17495257191726,39206.97,80.31,6.32,,,,74.65,100.00,3.87,10.81
EUU,2022,447203596,17023620598906,38066.82,80.71,6.15,,,,74.77,100.00,3.86,10.30
EUU,2023,448897545,18659279022583,41566.90,81.42,5.59,,,,74.89,100.00,3.87,10.00
FIN,2000,5176209,125967821111,24335.92,77.47,11.11,31.70,37.25,27.20,67.12,100.00,4.30,7.10
FIN,2001,5188008,129519672869,24965.20,77.97,12.25,29.20,43.11,,67.50,100.00,4.20,7.25
FIN,2002,5200598,140360963812,26989.39,78.12,12.64,29.50,62.43,,67.80,100.00,4.10,7.63
FIN,2003,5213014,171612867736,32920.09,78.37,14.21,28.40,69.22,27.70,68.04,100.00,4.00,7.94
FIN,2004,5228172,197458297640,37768.13,78.71,13.48,31.10,72.39,27.90,68.28,100.00,3.90,8.06
FIN,2005,5246096,204859368791,39049.87,78.82,11.10,31.50,74.48,27.60,68.51,100.00,3.70,8.29
FIN,2006,5266268,217044068234,41214.02,79.21,13.26,31.20,79.66,28.00,68.76,100.00,3.60,8.29
FIN,2007,5288720,256360251538,48473.02,79.26,12.87,31.80,80.78,28.30,69.02,100.00,3.50,8.08
FIN,2008,5313399,285698662071,53769.47,79.57,11.26,34.60,83.67,27.80,69.29,100.00,3.30,8.34
FIN,2009,5338871,253480783439,47478.35,79.72,10.69,32.50,82.49,27.50,69.55,100.00,3.20,9.16
FIN,2010,5363352,249429613683,46506.29,79.87,12.28,33.40,86.89,27.70,69.79,100.00,3.00,9.14
FIN,2011,5388272,275126915516,51060.32,80.47,10.81,35.10,88.71,27.60,70.06,100.00,2.90,9.24
FIN,2012,5413971,257443384493,47551.67,80.63,9.67,38.70,89.88,27.10,70.37,100.00,2.80,9.62
FIN,2013,5438972,270268036626,49691.01,80.98,9.81,38.50,91.51,27.20,70.67,100.00,2.60,9.85
FIN,2014,5461512,273478528955,50073.78,81.18,9.05,41.20,86.53,26.80,70.99,100.00,2.60,9.83
FIN,2015,5479531,233210733506,42560.35,81.48,8.39,43.20,86.42,27.10,71.31,100.00,2.50,9.70
FIN,2016,5495303,238777818793,43451.26,81.43,8.88,42.40,87.70,27.10,71.62,100.00,2.40,9.46
FIN,2017,5508214,253846138440,46085.02,81.63,8.36,44.40,87.47,27.40,71.96,100.00,2.40,9.19
FIN,2018,5515525,273869255596,49654.25,81.73,8.60,44.20,88.89,27.30,72.34,100.00,2.40,9.11
FIN,2019,5521606,267014821129,48358.18,81.98,7.99,45.40,89.61,27.70,72.74,100.00,2.40,9.22
FIN,2020,5529543,270000311606,48828.68,81.93,7.14,47.30,92.17,27.10,73.08,100.00,2.40,9.70
FIN,2021,5541017,294223210496,53099.14,81.89,7.09,50.20,92.81,27.70,73.37,100.00,2.40,9.91
FIN,2022,5556106,280253099309,50440.56,81.19,6.68,,92.99,27.90,73.70,100.00,2.40,9.74
FIN,2023,5583911,295191741637,52864.69,81.59,5.89,,93.51,27.40,74.01,100.00,2.40,10.47
FJI,2000,840909,1678219508,1995.72,66.19,1.72,50.10,1.50,,48.06,76.80,22.60,3.42
FJI,2001,849596,1652462023,1945.00,66.21,1.84,40.40,1.86,,48.43,77.70,22.60,2.91
FJI,2002,858049,1833279985,2136.57,65.49,1.51,49.00,6.15,38.10,48.78,79.60,22.70,2.98
FJI,2003,866286,2300492465,2655.58,65.65,1.76,40.80,6.73,,49.13,80.00,22.80,2.97
FJI,2004,874366,2708078477,3097.19,65.84,2.26,35.70,7.41,,49.48,80.60,23.10,3.26
FJI,2005,882379,2980403845,3377.69,65.98,1.96,40.00,8.45,,49.84,81.60,23.30,3.26
FJI,2006,890365,3076305453,3455.11,66.13,2.09,39.10,9.60,,50.23,82.60,23.50,3.35
FJI,2007,897832,3378314600,3762.75,66.16,1.92,36.00,10.90,,50.65,88.90,23.50,3.42
FJI,2008,903399,3523185920,3899.92,66.32,1.43,42.10,13.00,40.40,51.10,86.20,23.20,3.18
FJI,2009,907239,2870624636,3164.13,66.35,1.17,41.60,17.00,,51.56,85.60,22.80,3.54
FJI,2010,910419,3140166713,3449.14,66.78,1.86,28.00,20.00,,52.04,92.40,22.20,3.42
FJI,2011,912989,3779411899,4139.60,66.88,1.36,33.40,28.00,,52.53,92.50,21.60,3.14
FJI,2012,914918,3972028104,4341.40,65.81,1.32,33.30,33.74,,53.04,92.60,21.00,3.27
FJI,2013,916352,4189967999,4572.44,66.55,1.50,32.80,35.20,36.70,53.56,91.80,20.70,3.20
FJI,2014,917585,4857104769,5293.36,66.58,1.70,33.20,37.40,,54.08,93.00,20.60,3.37
FJI,2015,918578,4682479894,5097.53,66.48,1.76,32.70,42.50,,54.62,93.20,20.90,3.32
FJI,2016,919166,4930213644,5363.79,66.66,1.73,27.70,49.42,,55.17,93.40,21.60,3.28
FJI,2017,918759,5353469174,5826.85,67.06,1.68,28.60,53.65,,55.74,96.00,22.70,3.19
FJI,2018,917180,5581425327,6085.42,66.97,1.80,25.80,58.24,,56.23,95.10,24.20,4.11
FJI,2019,914899,5344907153,5842.07,67.01,1.77,26.50,63.22,30.70,56.71,96.10,25.70,4.28
FJI,2020,914963,4227719873,4620.65,66.92,1.17,31.80,68.63,,57.19,97.10,27.20,5.29
FJI,2021,916711,4158873156,4536.73,64.90,1.46,29.70,70.57,,57.66,92.10,28.30,7.06
FJI,2022,919422,4977861886,5414.12,67.15,1.56,28.40,72.57,,58.14,92.00,28.90,4.02
FJI,2023,924145,5476673518,5926.21,67.32,1.56,,74.12,,58.61,99.30,29.20,3.62
FRA,2000,60918661,1360959069477,22340.59,79.06,6.58,9.30,14.31,32.60,76.51,100.00,5.40,9.62
FRA,2001,61364377,1370376677299,22331.79,79.16,6.60,9.40,26.33,32.50,76.91,100.00,5.20,9.76
FRA,2002,61812142,1492427756382,24144.57,79.26,6.46,8.70,30.18,31.80,77.25,100.00,5.10,10.08
FRA,2003,62249855,1835095983049,29479.52,79.11,6.50,8.80,36.14,31.40,77.47,100.00,4.90,10.13
FRA,2004,62707588,2109792297237,33644.93,80.16,6.47,8.90,39.15,30.60,77.49,100.00,4.80,10.21
FRA,2005,63180854,2192146403028,34696.37,80.16,6.45,8.60,42.87,29.80,77.44,100.00,4.60,10.24
FRA,2006,63622342,2317861544691,36431.57,80.81,6.24,8.50,46.87,29.70,77.35,100.00,4.50,10.40
FRA,2007,64016890,2655816911867,41486.19,81.11,6.09,9.40,66.09,32.40,77.25,100.00,4.40,10.33
FRA,2008,64375116,2926802941586,45464.82,81.21,5.94,10.50,70.68,33.00,77.16,100.00,4.40,10.51
FRA,2009,64706436,2700075882519,41728.09,81.41,5.72,11.20,71.58,32.70,77.10,100.00,4.30,11.29
FRA,2010,65026211,2646230027988,40694.82,81.66,5.80,11.90,77.28,33.70,77.10,100.00,4.20,11.22
FRA,2011,65340830,2870408553990,43929.78,82.11,5.57,10.60,77.82,33.30,77.12,100.00,4.20,11.18
FRA,2012,65657659,2683007095787,40863.58,81.97,5.56,12.30,81.44,33.10,77.17,100.00,4.10,11.34
FRA,2013,65997932,2816077607875,42669.18,82.22,5.46,13.40,81.92,32.50,77.24,100.00,4.10,11.38
FRA,2014,66312067,2861236112552,43148.05,82.72,4.93,13.20,83.75,32.30,77.35,100.00,4.10,11.58
FRA,2015,66548272,2442483452643,36702.43,82.32,4.99,13.30,78.01,32.70,77.76,100.00,4.20,11.50
FRA,2016,66724104,2470407619777,37024.22,82.57,5.02,14.20,79.27,31.90,78.60,100.00,4.20,11.57
FRA,2017,66918020,2588868323335,38687.16,82.58,5.06,14.10,80.50,31.60,78.65,100.00,4.20,11.45
FRA,2018,67158348,2781576320884,41418.18,82.68,4.89,15.20,82.04,32.40,78.67,100.00,4.20,11.31
FRA,2019,67382061,2722793515172,40408.28,82.83,4.79,15.50,83.34,31.20,78.69,100.00,4.20,11.17
FRA,2020,67601110,2647926055110,39169.86,82.18,4.25,16.80,84.71,30.70,78.71,100.00,4.20,12.13
FRA,2021,67842811,2966433692008,43725.10,82.32,4.67,16.20,86.10,31.50,78.74,100.00,4.30,12.25
FRA,2022,68184457,2794788137067,40988.64,82.13,4.51,,85.33,31.20,78.76,100.00,4.30,11.83
FRA,2023,68372286,3056250648138,44700.14,82.83,4.16,,86.84,31.80,78.78,100.00,4.30,11.52
FRO,2000,45754,1067109531,23322.76,78.41,0.04,2.80,32.92,,35.70,100.00,,
FRO,2001,46635,1160268212,24879.77,78.60,0.04,2.60,43.25,,35.93,100.00,,
FRO,2002,47335,1275093689,26937.65,78.79,0.04,3.40,53.30,,35.94,100.00,,
FRO,2003,48032,1501941581,31269.60,78.98,0.04,3.10,58.91,,36.13,100.00,,
FRO,2004,48384,1724770771,35647.54,79.20,0.04,3.40,66.53,,36.32,100.00,,
FRO,2005,48359,1759739599,36389.08,79.45,0.04,3.80,67.90,,36.33,100.00,,
FRO,2006,48335,2017680835,41743.68,79.69,0.04,4.30,69.36,,36.46,100.00,,
FRO,2007,48378,2339015313,48348.74,79.92,0.04,4.50,75.98,,36.29,100.00,,
FRO,2008,48547,2489873250,51287.89,80.15,0.04,4.50,75.57,,36.47,100.00,,
FRO,2009,48790,2296065170,47060.16,80.37,0.04,5.10,75.18,,36.89,100.00,,
FRO,2010,48656,2331796784,47924.14,80.60,0.04,3.40,75.20,,37.25,100.00,,
FRO,2011,48542,2505740669,51620.05,80.85,0.04,5.00,80.73,,37.30,100.00,,
FRO,2012,48290,2427200389,50263.00,81.11,0.04,4.70,85.34,,37.32,100.00,,
FRO,2013,48245,2690110521,55759.36,81.36,0.04,4.50,90.00,,37.74,100.00,,
FRO,2014,48427,2914012679,60173.31,81.59,0.04,6.50,93.30,,37.91,100.00,,
FRO,2015,48898,2573905971,52638.27,81.80,0.04,7.50,94.20,,38.14,100.00,,
FRO,2016,49463,2813278869,56876.43,81.96,0.04,6.30,95.11,,38.32,100.00,,
FRO,2017,50179,2980057378,59388.54,82.11,0.04,6.00,97.58,,38.33,100.00,,
FRO,2018,50997,3188600927,62525.26,82.25,0.04,5.90,,,38.41,100.00,,
FRO,2019,51790,3266432734,63070.72,82.39,0.04,5.40,,,38.39,100.00,,
FRO,2020,52561,3271813312,62247.93,82.53,0.04,5.30,,,38.67,100.00,,
FRO,2021,53291,3699551717,69421.70,82.68,0.04,5.10,,,38.81,100.00,,
FRO,2022,53903,3615241801,67069.40,82.82,0.04,7.90,,,39.00,100.00,,
FRO,2023,54398,3943131022,72486.69,82.95,0.04,,,,39.20,100.00,,
FSM,2000,112044,229616800,2049.34,64.32,0.00,1.30,3.73,,22.33,46.00,38.60,7.77
FSM,2001,112365,236387700,2103.75,64.80,0.00,1.40,4.66,,22.33,48.40,37.70,8.49
FSM,2002,112448,237654300,2113.46,63.91,0.00,1.60,5.57,,22.33,50.10,41.50,7.96
FSM,2003,112285,240949900,2145.88,64.92,0.00,0.90,9.23,,22.33,51.80,36.40,9.65
FSM,2004,111925,235538100,2104.43,64.90,0.00,1.00,11.02,,22.33,53.50,36.10,12.24
FSM,2005,111412,247000000,2217.00,64.91,0.00,1.40,11.88,42.40,22.33,55.20,35.90,17.95
FSM,2006,110729,250000000,2257.76,64.86,0.00,1.40,12.75,,22.33,57.00,35.90,10.87
FSM,2007,109880,253000000,2302.51,64.84,0.00,1.20,13.62,,22.32,58.70,35.60,11.23
FSM,2008,108936,261000000,2395.90,64.85,0.00,1.40,14.49,,22.31,60.50,35.30,12.08
FSM,2009,107957,277000000,2565.84,64.87,0.00,1.10,15.35,,22.30,62.20,34.80,12.69
FSM,2010,107540,292000000,2715.27,64.89,0.00,2.00,20.00,,22.29,64.50,34.10,13.33
FSM,2011,107698,308000000,2859.85,64.97,0.00,1.60,22.80,,22.29,66.30,33.40,13.22
FSM,2012,107890,324000000,3003.06,65.08,0.00,1.40,25.97,,22.29,67.80,32.60,12.39
FSM,2013,108121,314000000,2904.15,65.18,0.00,1.40,27.80,40.10,22.30,69.40,31.60,12.22
FSM,2014,108396,316000000,2915.24,65.29,0.00,1.50,29.65,,22.30,71.20,30.70,11.83
FSM,2015,108716,312000000,2869.86,65.31,0.00,1.70,31.50,,22.31,73.00,29.80,12.62
FSM,2016,109075,327000000,2997.94,65.58,0.00,1.90,33.35,,22.32,74.80,28.90,13.33
FSM,2017,109481,361000000,3297.38,65.76,0.00,1.70,35.30,,22.33,76.50,28.10,12.41
FSM,2018,109909,394000000,3584.78,65.94,0.00,2.00,36.61,,22.34,78.30,27.30,11.94
FSM,2019,110282,395000000,3581.73,66.20,0.00,2.00,37.97,,22.36,80.10,26.40,11.87
FSM,2020,110916,372902700,3362.03,65.88,0.00,2.00,39.38,,22.38,81.90,25.60,11.98
FSM,2021,111624,391601900,3508.22,66.15,0.00,2.10,,,22.39,83.60,24.70,11.37
FSM,2022,112114,415232900,3703.67,66.96,0.00,2.00,39.03,,22.41,85.30,23.90,12.63
FSM,2023,112630,442975600,3933.02,67.20,0.00,,39.40,,22.43,86.90,23.10,12.88
GAB,2000,1275572,5080483629,3982.91,61.81,5.18,72.80,1.22,,79.57,73.60,73.30,2.90
GAB,2001,1309589,5023265413,3835.76,61.98,5.15,72.40,1.35,,80.41,77.20,71.50,3.15
GAB,2002,1345135,5335451100,3966.48,62.18,4.81,79.80,1.94,,81.22,77.80,69.60,3.33
GAB,2003,1382350,6511903365,4710.75,62.46,5.31,83.60,2.66,,82.00,78.50,67.70,3.54
GAB,2004,1421609,7770219008,5465.79,62.69,4.66,85.80,2.98,,82.74,79.20,65.60,3.36
GAB,2005,1463495,9582783991,6547.88,62.98,4.37,85.20,4.89,42.20,83.43,81.60,63.60,2.92
GAB,2006,1508337,10327598306,6847.01,63.26,3.78,86.20,5.49,,84.09,80.50,61.80,3.15
GAB,2007,1556237,12455409587,8003.54,63.62,3.33,87.30,5.77,,84.69,81.30,59.70,3.08
GAB,2008,1607175,15571348344,9688.65,64.01,3.43,87.30,7.50,,85.24,82.00,57.60,2.85
GAB,2009,1661556,12113699068,7290.58,64.36,3.28,87.90,9.50,,85.74,82.70,55.60,3.78
GAB,2010,1719879,14372593020,8356.75,64.72,3.46,85.80,13.00,,86.19,89.30,53.40,2.48
GAB,2011,1781985,18210307744,10219.11,65.10,3.27,79.70,18.00,,86.57,88.70,51.30,2.56
GAB,2012,1846889,17170464016,9296.97,65.44,3.19,75.50,24.00,,86.88,89.30,49.40,2.42
GAB,2013,1913059,17595744798,9197.70,65.75,3.18,82.20,30.54,,87.15,86.40,47.30,2.84
GAB,2014,1978399,18203966896,9201.36,66.07,3.17,81.30,38.07,,87.62,87.10,45.80,2.53
GAB,2015,2040989,14383107763,7047.13,66.34,3.16,81.90,45.78,,88.09,87.30,44.40,2.66
GAB,2016,2100306,14023890265,6677.07,66.58,3.12,81.50,48.05,,88.54,88.10,42.70,3.11
GAB,2017,2156900,14929487485,6921.73,66.82,2.67,90.20,51.60,38.00,89.00,86.30,41.40,2.78
GAB,2018,2212318,16867326402,7624.28,67.04,2.45,90.30,55.42,,89.45,89.60,39.90,2.75
GAB,2019,2267706,16874405465,7441.18,67.34,2.49,90.20,59.52,,89.90,90.30,38.50,2.77
GAB,2020,2322539,15342236164,6605.80,67.07,2.38,91.30,63.92,,90.35,91.10,36.80,3.44
GAB,2021,2376722,19444935097,8181.41,67.07,2.26,91.30,65.77,,90.79,91.80,35.80,2.79
GAB,2022,2430747,20440655695,8409.21,67.71,2.30,,67.67,,91.22,93.50,34.70,2.89
GAB,2023,2484789,19388372071,7802.82,68.34,2.06,,68.20,,91.64,94.10,33.80,3.13
GBR,2000,58892514,1671597821153,28383.88,77.74,9.37,1.00,26.82,38.90,79.82,100.00,6.50,7.15
GBR,2001,59119673,1656171009069,28013.87,77.99,9.53,0.80,33.48,37.10,79.98,100.00,6.40,7.43
GBR,2002,59370479,1790536570743,30158.70,78.14,9.22,1.00,56.48,35.10,80.11,100.00,6.30,7.86
GBR,2003,59647577,2061227755102,34556.77,78.45,9.40,0.90,64.82,34.90,80.23,100.00,6.20,8.05
GBR,2004,59987905,2429774807763,40504.41,78.75,9.35,1.10,65.61,34.80,80.34,100.00,6.10,8.32
GBR,2005,60401206,2551361818182,42240.25,79.05,9.26,1.40,70.00,35.50,80.45,100.00,6.00,8.38
GBR,2006,60846820,2719558417663,44695.16,79.25,9.20,1.60,68.82,35.90,80.55,100.00,5.90,8.54
GBR,2007,61322463,3104699879952,50629.08,79.45,8.98,1.80,75.09,34.40,80.65,100.00,5.80,8.76
GBR,2008,61806995,2945251838235,47652.40,79.60,8.64,2.40,78.39,35.40,80.75,100.00,5.60,9.03
GBR,2009,62276270,2429358155476,39009.37,80.05,7.76,3.00,83.56,35.10,80.87,100.00,5.40,9.84
GBR,2010,62766365,2496740681057,39778.32,80.40,7.98,3.20,85.00,33.70,81.00,100.00,5.20,9.79
GBR,2011,63258810,2675590034129,42295.93,80.95,7.26,4.00,85.38,33.20,81.14,100.00,5.00,9.80
GBR,2012,63711000,2719715961540,42688.33,80.90,7.56,4.20,87.48,33.10,81.29,100.00,4.80,9.89
GBR,2013,64138000,2796908333283,43607.66,81.00,7.33,5.20,89.84,32.70,81.46,100.00,4.60,9.99
GBR,2014,64619000,3085362169410,47746.98,81.30,6.66,6.60,91.61,33.10,81.64,100.00,4.50,9.98
GBR,2015,65087000,2945579890258,45256.04,80.96,6.39,7.70,92.00,33.30,81.82,100.00,4.50,9.94
GBR,2016,65606000,2706807606539,41258.54,81.16,5.97,7.70,94.78,33.10,82.02,100.00,4.40,9.87
GBR,2017,65964000,2699118387873,40918.05,81.26,5.77,8.80,90.42,32.60,82.23,100.00,4.40,9.70
GBR,2018,66287000,2897028009916,43704.32,81.26,5.64,10.20,90.69,33.70,82.45,100.00,4.40,9.79
GBR,2019,66628000,2875710080015,43160.68,81.37,5.39,11.40,92.52,32.80,82.67,100.00,4.40,9.98
GBR,2020,66740000,2724001478305,40815.13,80.33,4.79,13.60,94.82,32.70,82.90,100.00,4.40,12.10
GBR,2021,66978000,3194559188926,47695.65,80.65,5.05,12.20,96.20,32.40,82.99,100.00,4.40,12.08
GBR,2022,67636000,3181244350465,47034.78,81.01,4.81,,95.47,,83.08,100.00,4.50,11.10
GBR,2023,68526000,3420796653789,49919.69,81.24,4.45,,95.45,,83.16,100.00,4.60,10.99
GEO,2000,4077131,3057475335,749.91,70.09,1.28,47.20,0.48,40.50,52.49,99.80,35.80,7.19
GEO,2001,4014373,3219462262,801.98,70.37,0.97,53.10,0.99,39.60,52.41,99.80,33.40,7.17
GEO,2002,3978515,3395766678,853.53,70.44,0.90,56.80,1.59,37.20,52.41,99.90,30.90,7.81
GEO,2003,3951736,3991377904,1010.03,71.38,1.00,55.30,2.56,36.60,52.51,100.00,28.30,8.03
GEO,2004,3927340,5125365192,1305.05,71.01,1.10,54.50,3.89,36.20,52.72,99.90,25.80,8.09
GEO,2005,3902469,6410912050,1642.78,70.69,1.28,41.50,6.08,37.40,53.00,97.90,23.30,8.08
GEO,2006,3880347,7745250734,1996.02,70.98,1.46,37.20,7.53,36.90,53.36,100.00,21.00,7.63
GEO,2007,3860158,10172931089,2635.37,70.99,1.71,36.20,8.26,38.10,53.77,100.00,19.00,7.44
GEO,2008,3848449,12795145131,3324.75,70.95,1.48,36.30,10.01,38.50,54.22,100.00,17.10,8.44
GEO,2009,3814419,10766920066,2822.69,71.06,1.70,36.70,20.07,38.20,54.70,100.00,15.50,9.57
GEO,2010,3786695,12426907967,3281.73,71.73,1.67,39.10,26.90,39.50,55.20,100.00,14.20,9.02
GEO,2011,3756441,15475290469,4119.67,72.49,2.02,31.50,31.52,39.60,55.69,100.00,13.10,7.88
GEO,2012,3728874,16894392033,4530.70,72.67,2.22,28.70,36.94,39.00,56.17,100.00,12.20,7.95
GEO,2013,3717668,17517660144,4712.00,73.03,2.46,32.40,43.30,38.60,56.62,100.00,11.50,8.01
GEO,2014,3719414,17966015109,4830.33,73.11,2.65,30.70,49.10,37.60,57.02,100.00,11.00,8.29
GEO,2015,3725276,15223796149,4086.62,73.24,2.86,27.50,47.57,36.50,57.38,100.00,10.60,8.66
GEO,2016,3727505,15444548902,4143.40,73.14,2.96,27.20,58.46,36.60,57.70,100.00,10.20,9.07
GEO,2017,3728004,16473125375,4418.75,73.44,3.00,27.50,59.71,37.90,58.00,100.00,10.00,8.70
GEO,2018,3726549,17902544881,4804.05,73.99,2.99,27.40,62.72,36.40,58.30,99.90,9.80,7.76
GEO,2019,3720161,17638337117,4741.28,74.17,3.20,24.70,68.85,35.90,58.63,100.00,9.60,7.31
GEO,2020,3722716,16010869216,4300.86,73.51,3.10,23.40,72.53,34.50,59.00,100.00,9.40,9.23
GEO,2021,3708610,18853115589,5083.61,71.64,3.33,25.20,76.44,34.20,59.43,100.00,9.20,10.54
GEO,2022,3712502,24984568960,6729.85,74.14,3.63,,78.71,33.50,60.01,100.00,9.00,8.30
GEO,2023,3715483,30777833601,8283.67,74.50,3.65,,81.88,34.80,60.75,100.00,8.80,6.86
GHA,2000,19637087,4982850662,253.75,58.14,0.31,71.60,0.15,,43.94,43.70,99.90,1.66
GHA,2001,20167069,5314872854,263.54,58.40,0.32,69.30,0.20,,44.64,44.80,95.80,1.87
GHA,2002,20729388,6166197848,297.46,58.71,0.37,65.70,0.83,,45.35,46.80,91.90,1.95
GHA,2003,21296705,7632723556,358.40,59.01,0.34,64.50,1.19,,46.05,48.30,88.20,2.15
GHA,2004,21868298,8881417907,406.13,59.32,0.31,62.40,1.72,,46.76,50.80,85.00,2.37
GHA,2005,22449438,10744568381,478.61,59.64,0.32,61.40,1.83,42.80,47.45,41.20,82.00,3.27
GHA,2006,23040702,20885037597,906.44,59.98,0.38,58.60,2.72,,48.14,55.10,79.10,3.67
GHA,2007,23642279,24827339138,1050.12,60.28,0.39,54.50,3.85,,48.81,56.90,76.20,3.71
GHA,2008,24249946,28679383241,1182.66,60.58,0.36,57.30,4.27,,49.47,60.50,73.10,3.73
GHA,2009,24862664,26048720006,1047.70,60.93,0.40,51.90,5.44,,50.11,61.10,69.80,4.18
GHA,2010,25474995,32197655567,1263.89,61.30,0.44,51.90,7.80,,50.73,64.20,66.50,4.52
GHA,2011,26095088,39336668081,1507.44,61.62,0.46,50.10,9.00,,51.33,64.10,63.30,4.46
GHA,2012,26734268,41271701061,1543.78,62.00,0.54,46.50,10.60,42.40,51.92,56.50,60.30,3.93
GHA,2013,27386193,62845721960,2294.80,62.40,0.56,46.20,15.00,,52.50,70.70,57.50,4.59
GHA,2014,28041592,54678533806,1949.91,62.83,0.53,47.70,19.00,,53.07,78.30,54.90,4.02
GHA,2015,28696068,49436806230,1722.77,63.18,0.54,44.00,23.00,,53.62,74.00,52.50,4.54
GHA,2016,29356742,56144179398,1912.48,63.52,0.55,45.20,28.00,43.50,54.17,79.30,50.30,3.39
GHA,2017,30008354,60385409435,2012.29,63.83,0.58,45.30,37.88,,54.70,79.00,48.20,2.69
GHA,2018,30637585,67259353966,2195.32,64.14,0.62,42.10,43.00,,55.22,80.40,46.10,2.43
GHA,2019,31258945,68352629246,2186.66,64.46,0.65,42.60,22.07,,55.72,83.50,44.10,3.25
GHA,2020,31887809,70008243860,2195.45,64.31,0.72,40.00,62.52,,56.22,85.40,42.20,4.43
GHA,2021,32518665,79514204730,2445.19,64.29,0.75,39.00,68.60,,56.70,86.30,40.30,3.86
GHA,2022,33149152,73919003212,2229.89,65.25,0.72,,69.91,,57.25,85.10,38.60,3.67
GHA,2023,33787914,80547146876,2383.90,65.50,0.69,,70.67,,57.81,89.50,37.20,2.95
GIB,2000,27709,,,80.15,12.31,0.00,19.13,,100.00,99.90,,
GIB,2001,27657,,,80.42,12.66,0.00,21.17,,100.00,99.90,,
GIB,2002,27831,,,80.59,12.80,0.00,23.67,,100.00,99.80,,
GIB,2003,28274,,,80.71,12.82,0.00,28.33,,100.00,99.80,,
GIB,2004,28715,,,80.86,13.71,0.00,32.89,,100.00,99.70,,
GIB,2005,29163,,,80.99,13.93,0.00,39.07,,100.00,99.70,,
GIB,2006,29594,,,81.10,14.36,0.00,45.30,,100.00,99.70,,
GIB,2007,30006,,,81.27,14.06,0.00,51.61,,100.00,99.70,,
GIB,2008,30413,,,81.54,14.17,0.00,58.00,,100.00,99.70,,
GIB,2009,30823,,,81.81,15.30,0.00,65.07,,100.00,100.00,,
GIB,2010,31248,,,82.08,15.19,0.00,65.00,,100.00,100.00,,
GIB,2011,31660,,,82.33,14.50,0.00,65.00,,100.00,99.80,,
GIB,2012,32029,,,82.53,14.63,0.00,65.02,,100.00,99.90,,
GIB,2013,32407,,,82.59,15.42,0.00,,,100.00,99.90,,
GIB,2014,32813,,,82.64,16.37,0.00,,,100.00,99.90,,
GIB,2015,33193,,,82.67,17.69,0.00,,,100.00,100.00,,
GIB,2016,33658,,,82.74,18.19,0.00,94.44,,100.00,100.00,,
GIB,2017,34245,,,82.86,18.98,0.00,,,100.00,100.00,,
GIB,2018,34854,,,83.03,19.79,0.00,,,100.00,100.00,,
GIB,2019,35494,,,83.18,20.21,0.00,,,100.00,100.00,,
GIB,2020,36173,,,83.07,17.68,0.00,,,100.00,100.00,,
GIB,2021,36858,,,80.27,17.41,0.00,,,100.00,100.00,,
GIB,2022,37609,,,83.52,16.90,,,,100.00,100.00,,
GIB,2023,38471,,,83.55,16.36,,,,100.00,100.00,,
GIN,2000,8428832,4367458867,518.16,52.42,0.17,85.50,0.10,,30.92,15.20,165.70,4.74
GIN,2001,8539960,4125527603,483.09,52.67,0.18,84.80,0.18,,31.22,16.40,159.00,4.88
GIN,2002,8674066,4301608753,495.92,53.20,0.20,84.30,0.40,43.00,31.51,17.70,152.70,5.36
GIN,2003,8870781,5025167975,566.49,53.59,0.20,83.50,0.45,,31.81,18.90,146.90,4.77
GIN,2004,9062726,5300767961,584.90,53.98,0.20,83.20,0.51,,32.10,20.20,141.60,4.78
GIN,2005,9245844,4282468637,463.18,54.42,0.19,81.60,0.54,,32.40,20.20,137.00,4.03
GIN,2006,9441171,4220019845,446.98,54.88,0.20,81.10,0.64,,32.69,22.80,133.10,3.62
GIN,2007,9662281,6281918226,650.15,55.23,0.20,80.40,0.78,39.40,32.97,24.10,129.70,3.48
GIN,2008,9898870,6964179983,703.53,55.70,0.21,80.20,0.92,,33.26,25.40,126.90,3.27
GIN,2009,10143534,6716905340,662.19,56.05,0.22,79.20,0.94,,33.54,26.70,124.40,3.58
GIN,2010,10396086,6853467146,659.24,56.43,0.24,75.70,1.00,,33.81,28.10,122.20,3.43
GIN,2011,10656810,6785137203,636.69,56.78,0.25,74.80,2.00,,34.07,29.50,120.30,3.79
GIN,2012,10921581,7638044557,699.35,57.12,0.23,76.40,3.10,33.70,34.33,26.20,118.40,3.50
GIN,2013,11191873,8376613539,748.46,57.46,0.20,78.50,4.50,,34.58,32.20,116.60,3.46
GIN,2014,11472924,8778473373,765.15,57.58,0.21,78.60,6.40,,34.82,33.50,115.40,4.79
GIN,2015,11767070,8794201743,747.36,57.90,0.24,76.20,9.20,,35.04,34.90,113.70,5.81
GIN,2016,12073030,8595955222,712.00,58.49,0.27,75.30,13.10,,35.31,33.50,111.40,5.40
GIN,2017,12385659,10324668271,833.60,58.72,0.26,72.00,18.70,,35.58,35.40,109.50,3.92
GIN,2018,12704774,11857030367,933.27,59.04,0.29,73.20,21.83,29.60,35.86,45.00,107.50,3.74
GIN,2019,13034346,13442861496,1031.34,59.38,0.37,68.30,23.89,,36.13,42.20,105.40,4.09
GIN,2020,13371183,14088693743,1053.66,59.35,0.40,65.80,26.15,,36.48,44.70,102.90,3.90
GIN,2021,13710513,17069115738,1244.97,59.37,0.37,66.80,28.61,,36.85,46.80,100.30,3.72
GIN,2022,14055137,19910452542,1416.60,60.43,0.37,66.60,31.31,,37.24,47.70,97.60,3.83
GIN,2023,14405468,22407615556,1555.49,60.74,0.35,,32.32,,37.65,51.10,95.00,3.69
GMB,2000,1455084,782913872,538.05,56.90,0.18,62.90,0.92,,46.97,34.30,112.80,10.79
GMB,2001,1495011,687410645,459.80,57.28,0.20,59.60,1.34,,48.35,29.90,108.10,8.30
GMB,2002,1535691,578235309,376.53,57.74,0.20,61.00,1.80,,49.57,31.50,103.60,6.23
GMB,2003,1577611,487038685,308.72,58.22,0.20,62.40,2.44,47.30,50.60,27.80,99.20,5.30
GMB,2004,1621312,961900651,593.29,58.75,0.20,61.20,3.31,,51.51,34.80,94.90,5.42
GMB,2005,1667037,1027701068,616.48,59.11,0.20,61.70,3.80,,52.36,30.50,90.70,5.39
GMB,2006,1715275,1054112488,614.54,59.67,0.21,60.20,5.24,,53.16,38.10,86.80,5.44
GMB,2007,1765774,1279703047,724.73,60.00,0.22,57.30,6.21,,53.92,39.80,83.00,4.96
GMB,2008,1817852,1561766956,859.13,60.47,0.22,56.30,6.88,,54.64,41.50,79.40,4.66
GMB,2009,1871422,1450142509,774.89,60.74,0.23,53.90,7.63,,55.34,43.20,76.00,4.46
GMB,2010,1926630,1543294927,801.03,61.17,0.23,56.60,9.20,43.60,56.01,46.80,72.70,4.12
GMB,2011,1983784,1409693597,710.61,61.56,0.23,56.20,10.87,,56.67,48.30,69.70,4.37
GMB,2012,2043094,1415004738,692.58,61.90,0.22,57.00,12.45,,57.32,49.90,66.80,4.27
GMB,2013,2103820,1375609453,653.86,62.25,0.21,59.30,14.00,,57.97,51.50,64.00,3.91
GMB,2014,2164528,1229461721,568.00,62.58,0.22,53.20,15.56,,58.61,53.00,61.40,3.05
GMB,2015,2224529,1378176609,619.54,62.97,0.23,49.00,17.60,35.90,59.25,54.70,58.90,3.18
GMB,2016,2283769,1484578886,650.06,63.39,0.22,48.60,19.91,,59.87,56.40,56.60,3.20
GMB,2017,2342189,1504909463,642.52,63.71,0.22,48.00,22.52,,60.47,56.20,54.30,3.35
GMB,2018,2399632,1670671328,696.22,64.03,0.19,48.10,28.31,,61.06,60.30,52.30,3.19
GMB,2019,2456844,1813609692,738.19,64.43,0.19,47.40,31.12,,61.64,62.10,50.40,3.15
GMB,2020,2515733,1812170891,720.34,64.42,0.17,49.80,36.01,38.80,62.21,62.20,48.60,4.01
GMB,2021,2576010,2014158842,781.89,63.85,0.19,48.60,41.67,,62.76,63.70,47.00,3.74
GMB,2022,2636470,2204734528,836.24,64.86,0.19,47.70,48.23,,63.29,65.40,45.30,3.54
GMB,2023,2697845,2382262185,883.02,65.86,0.18,,48.73,,63.80,66.90,43.80,2.89
GNB,2000,1234741,391345597,316.95,50.57,0.16,91.20,0.23,,36.84,,174.80,4.19
GNB,2001,1261273,412610872,327.14,51.05,0.17,91.20,0.30,,37.16,,169.30,4.13
GNB,2002,1289307,466773711,362.03,51.61,0.17,91.00,1.02,35.60,37.47,1.30,163.60,3.87
GNB,2003,1318806,553614800,419.78,52.19,0.20,89.00,1.35,,37.78,2.60,157.70,3.50
GNB,2004,1349563,582169841,431.38,52.80,0.20,88.60,1.81,,38.08,3.90,151.60,4.27
GNB,2005,1381585,639776041,463.07,52.95,0.20,88.50,1.90,,38.38,5.20,145.30,4.53
GNB,2006,1415303,634781901,448.51,54.09,0.20,88.30,2.06,,38.69,14.50,139.10,5.08
GNB,2007,1450986,753162998,519.07,54.87,0.21,87.90,2.21,,39.00,7.90,132.80,4.93
GNB,2008,1488054,952667544,640.21,55.30,0.20,88.40,2.35,,39.33,9.30,126.50,5.35
GNB,2009,1526377,890167833,583.19,56.30,0.20,87.90,2.30,,39.67,4.70,120.20,4.61
GNB,2010,1566347,940112539,600.19,57.00,0.20,87.80,2.45,50.60,40.01,6.00,114.30,4.87
GNB,2011,1608076,1157074319,719.54,57.66,0.20,87.90,2.67,,40.44,13.50,108.60,6.22
GNB,2012,1651417,1049412177,635.46,58.27,0.19,87.80,2.89,,40.87,14.90,103.60,5.94
GNB,2013,1695973,1109682824,654.30,58.88,0.19,87.70,3.10,,41.30,16.30,99.10,7.04
GNB,2014,1741122,1135250721,652.02,59.48,0.20,87.30,3.32,,41.73,17.20,95.20,9.97
GNB,2015,1786457,1152384167,645.07,60.07,0.20,87.20,6.10,,42.16,20.10,91.60,8.13
GNB,2016,1831893,1245074264,679.67,60.62,0.21,86.80,13.80,,42.59,22.90,88.20,8.33
GNB,2017,1877072,1469978606,783.12,61.15,0.16,86.80,14.80,,43.02,26.00,85.10,7.00
GNB,2018,1922168,1554133594,808.53,61.65,0.18,86.60,15.70,34.80,43.44,28.40,82.20,7.28
GNB,2019,1967696,1596214680,811.21,62.16,0.18,86.20,17.92,,43.87,30.90,79.50,7.15
GNB,2020,2013255,1705062170,846.92,61.34,0.17,87.20,20.46,,44.30,33.40,76.70,8.99
GNB,2021,2058841,1907611288,926.55,61.65,0.16,87.40,23.35,33.40,44.73,35.80,74.30,8.40
GNB,2022,2105529,1856239955,881.60,63.61,0.16,87.40,27.67,,45.16,37.40,72.00,8.34
GNB,2023,2153339,2076748678,964.43,64.09,0.15,,28.71,,45.59,40.50,69.70,8.82
GNQ,2000,703279,1045998496,1487.32,53.40,3.90,45.90,0.13,,38.82,64.80,154.50,1.22
GNQ,2001,749836,1461139022,1948.61,53.83,4.80,46.10,0.17,,38.86,64.90,150.20,1.33
GNQ,2002,797957,1806742742,2264.21,54.32,4.03,31.30,0.32,,39.20,64.90,145.90,2.89
GNQ,2003,847862,2484745935,2930.60,54.79,4.23,29.50,0.52,,39.90,64.90,141.50,1.97
GNQ,2004,899917,4410764339,4901.30,55.31,6.98,7.20,0.84,,40.93,64.90,137.00,1.58
GNQ,2005,947367,8217369093,8673.90,55.77,6.75,7.10,1.15,,42.28,65.00,132.30,1.42
GNQ,2006,990343,10086528699,10184.88,56.35,6.45,7.00,1.28,,43.93,65.10,127.40,1.41
GNQ,2007,1036044,13071718759,12616.95,56.86,6.89,8.50,1.56,,45.86,65.10,122.60,1.42
GNQ,2008,1084530,19749893536,18210.56,57.38,6.09,7.20,1.82,,48.04,65.20,118.00,1.23
GNQ,2009,1135673,15027795173,13232.50,57.88,4.82,9.20,2.13,,50.47,65.40,113.50,1.87
GNQ,2010,1189085,16314443436,13720.17,58.34,4.81,5.70,6.00,,53.12,66.10,109.40,1.73
GNQ,2011,1241835,21357343669,17198.21,58.83,4.80,5.60,11.50,,55.97,66.10,105.60,1.54
GNQ,2012,1293483,22388344144,17308.57,59.30,4.34,4.40,13.94,,59.01,65.70,102.00,1.62
GNQ,2013,1346218,21948834284,16304.07,59.78,4.25,3.70,16.40,,62.21,65.90,98.60,1.76
GNQ,2014,1399828,21765453082,15548.66,60.23,4.08,4.90,18.86,,65.56,66.00,95.30,1.87
GNQ,2015,1453923,13185496881,9068.91,60.64,3.72,5.50,21.32,,68.95,66.10,92.10,2.46
GNQ,2016,1508186,11240808848,7453.20,61.08,3.57,4.80,23.78,,69.25,66.20,89.00,2.97
GNQ,2017,1562396,12200913879,7809.10,61.48,3.13,5.00,26.24,,69.55,66.40,86.10,2.86
GNQ,2018,1616422,13097012134,8102.47,61.92,3.29,4.80,29.40,,69.84,66.50,83.20,2.92
GNQ,2019,1670177,11364133550,6804.15,62.30,3.07,7.40,49.13,,70.12,66.60,80.70,3.28
GNQ,2020,1716468,9893816008,5764.06,62.14,2.86,6.50,55.00,,70.39,66.70,77.90,3.71
GNQ,2021,1758786,12215878033,6945.63,62.45,2.86,5.20,58.72,,70.64,66.80,75.10,3.51
GNQ,2022,1803545,13687643436,7589.30,63.36,2.82,4.20,63.66,38.50,70.89,67.00,72.80,2.84
GNQ,2023,1847549,12541814273,6788.35,63.71,2.58,,63.52,,71.13,66.90,70.40,3.50
GRC,2000,10805808,125760166225,11638.20,77.89,8.89,7.80,9.14,34.40,72.67,100.00,6.40,7.51
GRC,2001,10862132,132050474720,12156.96,78.39,9.03,7.10,10.94,,72.85,100.00,6.00,8.25
GRC,2002,10902022,150253800086,13782.20,78.64,9.00,7.30,14.67,35.50,73.10,100.00,5.60,8.47
GRC,2003,10928070,196930509813,18020.61,78.84,9.32,7.60,17.80,32.80,73.43,100.00,5.20,8.68
GRC,2004,10955141,234979615898,21449.26,79.04,9.27,7.80,21.42,33.60,73.83,100.00,4.90,8.30
GRC,2005,10987314,242315668619,22054.13,79.24,9.43,8.00,24.00,34.60,74.26,100.00,4.60,8.76
GRC,2006,11020362,269073415334,24416.02,79.44,9.29,8.50,32.25,35.10,74.72,100.00,4.30,8.40
GRC,2007,11048473,314226996944,28440.76,79.44,9.59,8.10,35.88,34.00,75.18,100.00,4.10,8.52
GRC,2008,11077841,351121399546,31695.83,79.94,9.19,8.30,38.20,33.60,75.62,100.00,4.00,8.95
GRC,2009,11107017,326829054686,29425.46,80.19,8.66,9.20,42.40,33.60,76.02,100.00,4.00,9.54
GRC,2010,11121341,296417644404,26653.05,80.39,8.01,11.40,44.40,34.10,76.36,100.00,3.90,9.62
GRC,2011,11104899,283228079776,25504.79,80.73,7.76,11.40,51.65,34.80,76.64,100.00,4.00,9.19
GRC,2012,11045011,238841140018,21624.35,80.63,7.38,14.20,55.07,36.30,76.87,100.00,4.00,9.04
GRC,2013,10965211,236556279641,21573.34,81.29,6.74,16.60,59.87,36.10,77.10,100.00,4.10,8.52
GRC,2014,10892413,233911581521,21474.73,81.39,6.52,16.40,63.21,35.80,77.31,100.00,4.20,7.94
GRC,2015,10820883,194567373678,17980.73,81.04,6.42,17.50,66.83,36.00,77.52,100.00,4.30,8.27
GRC,2016,10775971,193097239006,17919.24,81.39,6.33,16.40,69.09,35.00,77.71,100.00,4.30,8.45
GRC,2017,10754679,200381103984,18631.99,81.29,6.36,16.40,69.89,34.40,77.89,100.00,4.30,8.11
GRC,2018,10732882,213298873494,19873.40,81.79,6.20,17.90,72.24,32.90,78.05,100.00,4.20,8.07
GRC,2019,10721582,207305649887,19335.36,81.64,5.74,18.50,75.67,33.10,78.19,100.00,4.10,8.12
GRC,2020,10698599,191362985555,17886.73,81.29,4.89,20.10,78.12,33.60,78.31,100.00,4.10,9.38
GRC,2021,10570130,218303801895,20652.90,80.08,5.08,21.50,78.49,32.90,78.39,100.00,4.00,9.03
GRC,2022,10437805,217990189601,20884.68,80.79,5.28,,83.17,33.40,78.55,100.00,4.00,8.45
GRC,2023,10407351,242946187738,23343.71,81.74,4.92,,85.01,33.40,78.77,100.00,3.90,8.39
GRD,2000,107451,520044370,4839.83,72.96,0.53,10.50,4.06,,35.87,86.00,15.50,5.36
GRD,2001,107987,520444185,4819.51,73.03,0.54,10.40,5.13,,35.92,86.30,15.30,5.62
GRD,2002,108404,540336926,4984.47,73.14,0.58,10.50,14.76,,35.92,86.60,15.10,6.18
GRD,2003,108884,591018407,5427.96,73.29,0.64,10.40,18.65,,35.92,86.90,14.90,5.28
GRD,2004,109323,599118593,5480.26,72.45,0.61,10.60,19.57,,35.92,87.20,14.80,5.37
GRD,2005,109734,695555556,6338.56,73.70,0.65,10.60,20.49,,35.92,87.50,14.80,5.14
GRD,2006,110135,698700667,6344.04,73.93,0.74,10.40,21.40,,35.91,87.90,14.90,5.11
GRD,2007,110522,758683593,6864.55,74.16,0.82,9.90,22.29,,35.91,88.20,14.90,5.24
GRD,2008,110896,825976037,7448.20,74.37,0.89,10.80,23.18,,35.90,90.00,15.10,5.39
GRD,2009,111254,771275556,6932.56,74.57,0.96,10.50,24.05,,35.89,89.00,15.40,5.43
GRD,2010,111586,771014815,6909.60,74.73,1.06,10.80,27.00,,35.87,89.40,15.70,5.42
GRD,2011,112079,778655556,6947.38,74.86,0.82,11.40,30.00,,35.86,88.80,16.00,5.80
GRD,2012,112775,799881481,7092.72,74.96,0.84,11.50,32.00,,35.87,90.20,16.40,5.82
GRD,2013,113487,842618519,7424.80,75.02,1.08,10.80,35.00,,35.88,90.60,16.80,5.63
GRD,2014,114132,911496296,7986.33,75.05,0.96,11.00,51.60,,35.90,91.00,17.20,4.77
GRD,2015,114676,997007407,8694.12,75.04,1.02,10.50,52.50,,35.93,91.40,17.50,4.65
GRD,2016,115130,1061640741,9221.23,75.01,1.11,10.40,53.30,,35.97,91.80,17.80,4.44
GRD,2017,115438,1125685185,9751.43,74.98,1.11,10.20,54.20,,36.02,92.20,18.10,4.66
GRD,2018,115691,1166514815,10083.02,74.96,1.24,10.70,61.42,43.80,36.07,92.30,18.30,4.58
GRD,2019,115981,1213485185,10462.79,74.97,1.56,10.40,64.31,,36.13,93.00,18.50,4.93
GRD,2020,116341,1043411111,8968.56,75.02,1.32,10.30,65.65,,36.21,93.40,18.60,5.31
GRD,2021,116688,1122222222,9617.29,74.52,1.38,10.20,67.02,,36.28,93.70,18.70,5.28
GRD,2022,116913,1224007407,10469.39,75.15,1.45,10.00,68.42,,36.37,94.20,18.50,5.00
GRD,2023,117081,1336418519,11414.48,75.21,1.45,,69.41,,36.46,94.40,18.30,4.65
GRL,2000,56185,1068025016,19009.08,64.80,0.02,9.20,31.75,,81.45,100.00,,
GRL,2001,56379,1086170704,19265.52,65.01,0.02,8.70,35.46,,81.79,100.00,,
GRL,2002,56595,1169136716,20657.95,65.42,0.02,9.50,44.15,,82.08,100.00,,
GRL,2003,56751,1558759823,27466.65,66.12,0.02,9.50,54.53,,82.35,100.00,,
GRL,2004,56898,1822499769,32031.00,66.81,10.61,6.70,56.10,,82.56,100.00,,
GRL,2005,56935,1849802648,32489.73,67.31,10.73,7.00,57.70,,82.69,100.00,,
GRL,2006,56775,2013106930,35457.63,67.82,11.00,7.10,59.36,,82.85,100.00,,
GRL,2007,56555,2249811296,39780.94,68.27,10.88,6.90,61.07,,83.20,100.00,,
GRL,2008,56328,2499092314,44366.79,68.57,11.23,6.90,62.82,,83.62,100.00,,
GRL,2009,56323,2529963903,44918.84,69.03,9.77,8.80,62.83,,83.86,100.00,,
GRL,2010,56534,2503167187,44277.20,69.35,11.37,10.10,63.00,,84.28,100.00,,
GRL,2011,56890,2684461375,47186.88,69.61,12.00,10.20,64.00,,84.53,100.00,,
GRL,2012,56810,2609678486,45936.96,69.96,9.49,10.10,64.90,,84.89,100.00,,
GRL,2013,56483,2684946990,47535.49,70.29,9.51,11.20,65.80,,85.37,100.00,,
GRL,2014,56295,2842065708,50485.22,70.51,8.54,12.50,66.70,,85.68,100.00,,
GRL,2015,56114,2499113023,44536.35,70.91,9.25,13.10,67.60,,86.05,100.00,,
GRL,2016,56186,2707139544,48181.75,71.20,9.18,12.40,68.50,,86.23,100.00,,
GRL,2017,56172,2851613679,50765.75,71.26,8.96,11.30,69.48,,86.39,100.00,,
GRL,2018,56023,3055782146,54545.14,71.36,9.07,11.40,,,86.73,100.00,,
GRL,2019,56225,2997309972,53309.20,71.41,9.32,10.90,,,87.02,100.00,,
GRL,2020,56367,3089625554,54812.67,71.29,9.36,11.80,,,87.28,100.00,,
GRL,2021,56653,3293578468,58135.99,71.26,9.68,11.60,,,87.55,100.00,,
GRL,2022,56661,3152334772,55635.00,71.23,10.42,11.70,,,87.80,100.00,,
GRL,2023,56865,3326543974,58498.97,70.97,10.29,,,,88.06,100.00,,
GTM,2000,11697592,19288929030,1648.97,67.10,0.83,62.70,0.71,54.20,43.24,73.30,51.80,5.40
GTM,2001,11969422,18405220247,1537.69,67.44,0.85,61.30,1.74,,44.68,73.70,49.70,6.07
GTM,2002,12246915,20444205991,1669.34,67.84,0.87,63.80,3.39,,45.78,78.70,47.70,6.01
GTM,2003,12525842,21576351799,1722.55,68.20,0.85,64.30,4.55,,46.59,78.50,45.90,6.15
GTM,2004,12807402,23577298095,1840.91,68.25,0.85,66.10,5.10,,47.33,77.20,44.10,6.26
GTM,2005,13087629,26783389294,2046.47,68.17,0.90,65.20,5.70,,48.06,78.30,42.40,6.15
GTM,2006,13367459,29744246827,2225.12,68.79,0.89,64.70,6.50,54.50,48.77,83.70,40.70,6.36
GTM,2007,13652040,33567850824,2458.82,69.30,0.93,63.30,7.30,,49.46,80.70,39.10,6.19
GTM,2008,13935174,38503720224,2763.06,69.49,0.83,66.50,8.30,,50.12,81.90,37.50,6.08
GTM,2009,14215611,37126148265,2611.65,69.68,0.86,65.30,9.30,,50.74,83.10,36.00,6.34
GTM,2010,14500112,40676578423,2805.26,69.89,0.81,67.10,10.50,,51.33,84.30,34.50,6.12
GTM,2011,14792126,46876006272,3168.98,70.32,0.82,67.10,12.30,,51.87,84.00,33.10,5.96
GTM,2012,15089647,49593929487,3286.62,70.72,0.83,67.40,16.00,,52.35,86.80,31.80,6.07
GTM,2013,15387337,52996420177,3444.16,70.88,0.88,67.20,19.70,,52.78,88.10,30.40,5.77
GTM,2014,15681725,57852159008,3689.15,70.94,0.93,66.20,23.40,48.30,53.15,85.50,29.20,5.89
GTM,2015,15971743,62186066548,3893.51,70.92,1.06,63.30,28.81,,53.44,90.50,28.10,6.01
GTM,2016,16268760,66053408206,4060.14,71.22,1.11,63.20,34.51,,53.66,91.80,27.00,6.07
GTM,2017,16567357,71653780740,4325.00,71.58,1.03,65.00,37.90,,53.80,93.30,26.10,6.14
GTM,2018,16845685,73328356008,4352.95,71.50,1.11,64.00,41.50,,53.85,94.20,25.10,6.11
GTM,2019,17103803,77172331693,4512.00,71.64,1.15,62.80,44.40,,54.19,95.40,24.30,6.17
GTM,2020,17357325,77719468248,4477.62,69.97,1.02,65.50,47.51,,54.55,96.60,23.50,6.46
GTM,2021,17598650,86455522273,4912.62,67.86,1.15,62.10,50.84,,54.90,97.90,22.70,7.36
GTM,2022,17847877,95609727056,5356.92,71.21,1.06,,54.40,,55.26,99.10,21.90,7.17
GTM,2023,18124838,104298081429,5754.43,72.60,1.11,,56.73,45.20,55.61,100.00,21.20,6.80
GUM,2000,160065,,,74.89,0.00,0.40,16.11,,93.14,100.00,,
GUM,2001,161329,,,75.20,0.00,0.40,25.38,,93.28,100.00,,
GUM,2002,162315,3394000000,20909.96,75.51,0.00,0.40,31.19,,93.42,100.00,,
GUM,2003,163137,3569000000,21877.32,75.89,0.00,0.50,33.72,,93.55,100.00,,
GUM,2004,163810,3869000000,23618.83,76.11,0.00,0.50,36.16,,93.68,100.00,,
GUM,2005,164365,4213000000,25631.98,76.43,0.00,0.40,38.56,,93.79,100.00,,
GUM,2006,164839,4238000000,25709.94,76.48,0.00,0.40,43.85,,93.89,100.00,,
GUM,2007,165267,4397000000,26605.43,76.40,0.00,0.40,46.15,,93.97,100.00,,
GUM,2008,165693,4658000000,28112.23,76.23,0.00,0.40,48.42,,94.03,100.00,,
GUM,2009,166173,4828000000,29054.06,76.14,0.00,0.50,50.64,,94.07,100.00,,
GUM,2010,166522,4949000000,29719.80,76.10,0.00,0.50,54.04,,94.08,100.00,,
GUM,2011,166543,4984000000,29926.21,76.15,0.00,0.50,57.70,,94.08,100.00,,
GUM,2012,166331,5265000000,31653.75,76.24,0.00,0.50,61.53,,94.08,100.00,,
GUM,2013,165966,5399000000,32530.76,76.36,0.00,0.60,65.40,,94.08,100.00,,
GUM,2014,165486,5610000000,33900.15,76.42,0.00,0.70,69.27,,94.08,100.00,,
GUM,2015,164905,5799000000,35165.70,76.44,0.00,2.30,73.14,,94.08,100.00,,
GUM,2016,164233,5901000000,35930.66,76.45,0.00,4.40,77.01,,94.08,100.00,,
GUM,2017,163490,6013000000,36779.01,76.46,0.00,3.90,80.51,,94.08,100.00,,
GUM,2018,162679,6051000000,37195.95,76.56,0.00,4.50,,,94.08,100.00,,
GUM,2019,161808,6355000000,39274.94,76.65,0.00,4.50,,,94.08,100.00,,
GUM,2020,162158,5916000000,36482.94,75.53,0.00,4.60,,,94.08,100.00,,
GUM,2021,163730,6234000000,38074.88,75.43,0.00,4.50,,,94.09,100.00,,
GUM,2022,165180,6910000000,41833.15,77.10,0.00,6.70,,,94.11,100.00,,
GUM,2023,166506,,,77.21,0.00,,,,94.13,100.00,,
GUY,2000,764832,712667897,931.80,64.08,2.17,30.40,0.60,,28.76,74.60,46.70,3.19
GUY,2001,764477,712167450,931.57,64.38,2.15,31.00,1.00,,28.62,75.10,45.60,3.06
GUY,2002,763652,726131435,950.87,64.18,2.13,34.20,1.50,,28.48,75.70,44.50,3.19
GUY,2003,763101,743063950,973.74,64.12,2.12,34.60,2.40,,28.31,76.20,43.40,3.27
GUY,2004,762418,787814379,1033.31,64.21,2.19,35.50,3.70,,28.07,76.80,42.50,3.44
GUY,2005,760914,824880550,1084.07,64.39,1.95,34.70,5.70,,27.78,77.50,41.60,3.79
GUY,2006,758966,2379817991,3135.61,64.85,1.76,36.80,8.90,,27.46,73.40,40.70,3.93
GUY,2007,756861,2730971595,3608.29,65.46,2.12,33.10,13.80,,27.15,78.50,39.90,4.28
GUY,2008,754606,3025187433,4008.96,65.72,2.13,32.60,18.20,,26.86,79.10,39.10,4.20
GUY,2009,752094,3165663153,4209.13,66.03,2.17,31.30,23.90,,26.62,77.60,38.30,4.35
GUY,2010,749256,3432912517,4581.76,66.20,2.35,30.60,29.90,,26.46,83.30,37.60,4.22
GUY,2011,746153,3691384318,4947.22,66.47,2.46,32.80,30.00,,26.40,84.20,36.80,4.17
GUY,2012,746288,4063088536,5444.40,66.44,2.68,28.70,30.50,,26.40,85.10,36.00,3.71
GUY,2013,750021,4167800929,5556.91,66.71,2.64,26.90,31.00,,26.40,86.00,35.20,3.80
GUY,2014,754229,4127660152,5472.69,67.33,2.74,24.00,32.00,,26.40,86.90,34.30,3.95
GUY,2015,758781,4279840194,5640.42,67.72,2.73,25.00,34.00,,26.40,88.00,33.30,4.02
GUY,2016,763548,4482697337,5870.88,68.07,3.22,21.30,35.66,,26.41,89.00,32.40,4.02
GUY,2017,768479,4748174334,6178.67,68.54,3.21,22.10,42.68,,26.41,90.00,31.40,4.32
GUY,2018,791556,4787636998,6048.39,68.83,3.26,16.80,48.60,,26.42,90.90,30.50,4.90
GUY,2019,807665,5173760192,6405.82,69.07,3.46,11.30,55.31,,26.43,91.60,29.60,4.90
GUY,2020,807481,5471256595,6775.71,67.75,4.12,12.00,62.95,,26.43,92.30,28.60,5.38
GUY,2021,815482,8041362110,9860.87,64.32,4.07,13.20,71.65,,26.44,92.90,27.80,4.64
GUY,2022,821637,14718388489,17913.49,69.89,4.48,12.10,76.56,,26.45,93.00,26.90,2.52
GUY,2023,826353,16918503597,20473.70,70.18,4.53,,79.36,,26.47,98.90,26.00,2.47
HIC,2000,,,,,,,,,,,,
HIC,2001,,,,,,,,,,,,
HIC,2002,,,,,,,,,,,,
HIC,2003,,,,,,,,,,,,
HIC,2004,,,,,,,,,,,,
HIC,2005,,,,,,,,,,,,
HIC,2006,,,,,,,,,,,,
HIC,2007,,,,,,,,,,,,
HIC,2008,,,,,,,,,,,,
HIC,2009,,,,,,,,,,,,
HIC,2010,,,,,,,,,,,,
HIC,2011,,,,,,,,,,,,
HIC,2012,,,,,,,,,,,,
HIC,2013,,,,,,,,,,,,
HIC,2014,,,,,,,,,,,,
HIC,2015,,,,,,,,,,,,
HIC,2016,,,,,,,,,,,,
HIC,2017,,,,,,,,,,,,
HIC,2018,,,,,,,,,,,,
HIC,2019,,,,,,,,,,,,
HIC,2020,,,,,,,,,,,,
HIC,2021,,,,,,,,,,,,
HIC,2022,,,,,,,,,,,,
HIC,2023,,,,,,,,,,,,
HKG,2000,6665000,171668891194,25756.77,80.87,6.29,0.00,27.83,,100.00,100.00,,
HKG,2001,6714300,169404327617,25230.38,81.42,6.23,0.10,38.67,,100.00,100.00,,
HKG,2002,6744100,166348866131,24665.84,81.45,6.07,0.10,43.08,,100.00,100.00,,
HKG,2003,6730800,161385558802,23977.17,81.34,6.61,0.10,52.20,,100.00,100.00,,
HKG,2004,6783500,169099768875,24928.10,81.80,6.01,0.10,56.40,,100.00,100.00,,
HKG,2005,6813200,181569311742,26649.64,81.61,6.31,0.10,56.90,,100.00,100.00,,
HKG,2006,6857100,193535442896,28224.10,82.38,6.19,0.10,60.80,,100.00,100.00,,
HKG,2007,6916300,211596944504,30593.95,82.37,6.42,0.10,64.80,,100.00,100.00,,
HKG,2008,6957800,219278749140,31515.53,82.34,6.20,0.10,66.70,,100.00,100.00,,
HKG,2009,6972800,214047795659,30697.54,82.78,6.47,0.10,69.40,,100.00,100.00,,
HKG,2010,7024200,228638668727,32550.14,82.96,6.01,0.10,72.00,,100.00,100.00,,
HKG,2011,7071600,248513617677,35142.49,83.41,6.39,0.50,72.20,,100.00,100.00,,
HKG,2012,7150100,262628865880,36730.80,83.45,6.24,0.20,72.90,,100.00,100.00,,
HKG,2013,7178900,275696879835,38403.78,83.83,6.43,0.30,74.20,,100.00,100.00,,
HKG,2014,7229500,291459995979,40315.37,83.94,6.58,0.20,79.87,,100.00,100.00,,
HKG,2015,7291300,309385622601,42432.16,84.25,6.07,0.20,84.95,,100.00,100.00,,
HKG,2016,7336600,320860317563,43734.20,84.21,6.14,0.20,87.48,,100.00,100.00,,
HKG,2017,7393200,341273289534,46160.43,84.70,5.97,0.20,89.42,,100.00,100.00,,
HKG,2018,7452600,361731070996,48537.57,84.87,5.91,0.20,90.51,,100.00,100.00,,
HKG,2019,7507900,363074545072,48359.00,85.16,5.79,0.20,91.74,,100.00,100.00,,
HKG,2020,7481000,344943149590,46109.23,85.50,4.55,0.30,92.41,,100.00,100.00,,
HKG,2021,7413100,368954169749,49770.56,85.53,4.66,0.40,93.09,,100.00,100.00,,
HKG,2022,7346100,358673532517,48825.03,83.66,4.37,,95.61,,100.00,100.00,,
HKG,2023,7536100,380762296025,50525.11,85.25,4.53,,95.98,,100.00,100.00,,
HND,2000,6577773,7186638029,1092.56,68.30,0.76,55.20,1.20,,45.32,67.40,37.30,6.27
HND,2001,6757993,7651162302,1132.16,68.49,0.87,50.40,1.42,55.40,45.86,64.20,35.60,5.93
HND,2002,6938859,7858255413,1132.50,68.71,0.90,49.80,2.60,55.70,46.42,63.10,34.00,6.24
HND,2003,7119213,8230391347,1156.08,68.87,0.97,47.90,4.80,58.10,46.99,65.10,32.50,6.89
HND,2004,7298994,8869299234,1215.14,69.05,1.07,46.70,5.60,58.10,47.57,67.10,31.10,6.85
HND,2005,7478355,9757012697,1304.70,69.20,0.95,51.40,6.50,59.50,48.17,68.90,29.80,7.50
HND,2006,7656832,10917477066,1425.85,69.36,1.06,52.20,7.80,57.50,48.78,71.30,28.60,7.86
HND,2007,7834798,12361257681,1577.74,69.54,1.11,50.60,9.40,55.80,49.40,73.50,27.40,8.08
HND,2008,8012587,13881731876,1732.49,69.66,1.08,50.00,9.60,55.50,50.03,76.40,26.40,8.60
HND,2009,8189899,14587496229,1781.16,69.82,1.00,50.50,9.80,51.30,50.67,78.30,25.40,9.00
HND,2010,8365878,15839344592,1893.33,69.77,0.95,53.60,11.09,53.10,51.33,81.00,24.40,8.73
HND,2011,8540583,17710275685,2073.66,70.12,1.11,50.90,15.90,52.60,51.99,82.20,23.50,8.79
HND,2012,8715076,18528554398,2126.03,70.46,1.14,49.30,18.12,53.40,52.66,83.60,22.70,8.66
HND,2013,8889278,18499729215,2081.13,70.77,1.14,51.10,17.80,50.00,53.36,87.20,21.90,8.48
HND,2014,9063122,19756533972,2179.88,71.03,1.10,52.20,23.00,49.90,53.88,88.70,21.10,7.91
HND,2015,9237305,20979791685,2271.20,71.32,1.17,50.80,27.14,49.20,54.38,90.00,20.30,7.48
HND,2016,9412380,21717604952,2307.34,71.62,1.03,52.70,29.53,49.80,54.89,91.60,19.60,7.71
HND,2017,9588137,23136247991,2413.01,71.81,0.97,45.60,31.74,49.40,55.39,86.50,18.90,7.01
HND,2018,9765210,24067750760,2464.64,72.00,0.92,48.90,36.04,48.90,55.89,91.60,18.20,7.23
HND,2019,9943633,24882225742,2502.33,72.12,1.02,46.20,39.39,48.20,56.38,91.10,17.70,7.34
HND,2020,10119640,23352232484,2307.61,70.86,0.91,50.20,45.25,,56.87,93.10,17.10,9.22
HND,2021,10289877,28144331507,2735.15,69.49,1.01,45.90,51.95,,57.36,94.10,16.50,9.27
HND,2022,10463872,31426041807,3003.29,72.72,1.01,,56.88,,57.84,94.40,16.00,8.15
HND,2023,10644851,34355805528,3227.46,72.88,1.11,,58.07,46.80,58.31,95.60,15.50,7.71
HRV,2000,4468302,22134069750,4953.58,72.81,4.34,26.80,6.64,31.30,55.68,100.00,8.30,7.65
HRV,2001,4299642,23067071478,5364.88,74.51,4.78,26.90,11.56,31.10,55.69,100.00,8.00,7.17
HRV,2002,4302174,26757633353,6219.56,74.72,4.96,24.60,17.76,,55.67,100.00,7.70,6.14
HRV,2003,4303399,35244797329,8189.99,74.61,5.29,24.80,22.75,,55.64,100.00,8.20,6.30
HRV,2004,4304600,41836096243,9718.93,75.52,5.28,26.60,30.91,29.70,55.59,99.90,7.10,6.51
HRV,2005,4310145,45012776906,10443.45,75.24,5.30,26.80,33.14,,55.53,99.90,6.70,6.84
HRV,2006,4311159,49583643048,11501.23,75.84,5.34,25.50,37.98,,55.47,99.80,6.40,6.90
HRV,2007,4310217,59290547254,13755.81,75.71,5.69,22.70,41.44,,55.41,99.80,6.20,7.39
HRV,2008,4309705,68473103477,15888.12,75.91,5.41,24.10,44.24,33.70,55.35,100.00,5.90,7.64
HRV,2009,4305181,62315450611,14474.53,76.17,5.03,27.20,50.58,32.60,55.31,100.00,5.70,8.03
HRV,2010,4295427,58975127201,13729.75,76.48,4.88,29.80,56.55,32.40,55.28,100.00,5.50,7.95
HRV,2011,4280622,62889150894,14691.59,76.78,4.78,27.20,57.79,32.30,55.28,100.00,5.30,7.63
HRV,2012,4260368,57547495860,13507.63,77.17,4.41,29.40,61.94,32.50,55.30,100.00,5.20,7.63
HRV,2013,4233922,59846869999,14135.09,77.57,4.34,32.80,66.75,32.00,55.37,100.00,5.10,6.37
HRV,2014,4201598,59607109597,14186.77,77.72,4.21,33.60,68.57,32.10,55.46,100.00,5.00,6.57
HRV,2015,4151725,50999271059,12283.88,77.28,4.34,33.10,69.85,31.10,55.58,100.00,4.90,6.66
HRV,2016,4106867,52650804052,12820.19,77.92,4.45,31.80,72.70,30.90,55.73,100.00,4.90,6.69
HRV,2017,4041407,56182225079,13901.65,77.73,4.65,29.80,67.10,30.40,55.90,100.00,4.80,6.63
HRV,2018,3988775,61668280700,15460.46,77.92,4.45,32.80,75.29,29.70,56.09,100.00,4.80,6.71
HRV,2019,3949390,61467261345,15563.74,78.22,4.55,31.60,79.08,28.90,56.30,100.00,4.70,6.79
HRV,2020,3914206,57959824238,14807.56,77.52,4.39,32.40,78.32,29.50,56.53,100.00,4.70,7.68
HRV,2021,3878981,69002262505,17788.76,76.42,4.51,34.10,81.25,28.90,56.77,100.00,4.60,8.08
HRV,2022,3855641,71196460237,18465.53,77.58,4.57,,82.07,30.00,57.00,100.00,4.60,7.30
HRV,2023,3859686,85621337533,22183.50,78.47,4.84,,83.24,30.10,57.24,100.00,5.10,7.15
HTI,2000,8303151,6813566099,820.60,58.18,0.20,80.80,0.23,,36.84,33.70,102.90,3.99
HTI,2001,8455918,6331970324,748.82,58.59,0.20,80.90,0.34,59.00,38.39,31.50,99.40,3.75
HTI,2002,8607641,6205847214,720.97,59.04,0.23,79.10,0.89,,39.97,33.10,96.20,3.43
HTI,2003,8759912,5071947798,579.00,59.44,0.22,79.00,1.65,,41.20,31.60,93.30,3.54
HTI,2004,8910263,6087360684,683.19,58.52,0.20,81.10,5.40,,41.87,34.10,90.70,3.43
HTI,2005,9061273,7030149730,775.85,60.32,0.20,81.10,6.38,,42.58,34.50,88.40,3.31
HTI,2006,9216562,7638739123,828.81,60.74,0.20,81.40,6.80,,43.28,33.90,86.20,3.48
HTI,2007,9373296,9228637768,984.57,61.09,0.23,79.30,7.20,,43.99,35.50,84.10,3.65
HTI,2008,9530774,10432962635,1094.66,61.28,0.23,79.60,7.60,,44.68,36.10,82.20,3.76
HTI,2009,9689581,11597002835,1196.85,61.69,0.22,80.30,8.10,,45.38,36.60,80.20,3.50
HTI,2010,9803294,11859312725,1209.73,45.58,0.27,79.00,8.37,,46.07,37.20,137.70,4.55
HTI,2011,9914904,13008746039,1312.04,61.58,0.30,79.00,9.00,,46.75,37.80,76.50,5.91
HTI,2012,10069771,13708925477,1361.39,62.27,0.27,82.20,9.80,41.10,47.43,37.90,74.60,5.56
HTI,2013,10222362,14902488604,1457.83,62.62,0.29,80.40,10.60,,48.10,38.90,72.80,4.11
HTI,2014,10373235,15146883498,1460.19,62.97,0.31,77.80,11.40,,48.77,39.60,70.90,4.52
HTI,2015,10523242,14849629309,1411.13,63.22,0.33,76.10,14.20,,49.43,40.80,69.10,5.08
HTI,2016,10671457,14069277526,1318.40,63.33,0.34,76.10,22.80,,50.09,40.40,67.20,4.81
HTI,2017,10817754,15093357161,1395.24,63.83,0.33,76.20,27.20,,50.74,43.30,65.30,3.82
HTI,2018,10962362,16403864618,1496.38,64.08,0.32,76.20,32.47,,51.37,44.40,63.40,4.32
HTI,2019,11105163,15016090930,1352.17,64.33,0.32,76.40,35.76,,52.01,45.40,61.50,3.91
HTI,2020,11243848,14508222518,1290.33,63.77,0.31,76.30,39.39,,52.63,46.30,59.80,3.79
HTI,2021,11374586,20754978152,1824.68,62.61,0.30,76.70,43.38,,53.25,47.20,58.10,3.58
HTI,2022,11503606,20113007126,1748.41,63.95,0.29,,47.77,,53.85,49.30,56.20,3.21
HTI,2023,11637398,19572288894,1681.84,64.94,0.29,,47.99,,54.45,51.30,54.40,3.19
HUN,2000,10210971,47275954429,4629.92,71.25,5.82,5.20,7.00,27.20,64.26,100.00,10.10,6.77
HUN,2001,10187576,53800068066,5280.95,72.25,5.99,5.10,14.53,26.90,64.65,100.00,9.50,6.82
HUN,2002,10158608,67636468625,6658.04,72.35,5.90,5.20,16.67,26.80,65.04,100.00,9.00,7.12
HUN,2003,10129552,85190469121,8410.09,72.30,6.19,5.00,21.63,30.90,64.85,100.00,8.40,8.13
HUN,2004,10107146,104015363080,10291.27,72.65,6.02,4.60,27.74,29.90,65.02,100.00,8.00,7.77
HUN,2005,10087065,113098237571,11212.20,72.65,6.07,7.30,38.97,34.70,66.13,99.90,7.50,7.99
HUN,2006,10071370,115604111412,11478.49,73.10,6.02,7.90,47.06,28.30,67.02,99.90,7.20,7.79
HUN,2007,10055780,140123326896,13934.61,73.15,5.88,9.00,53.30,27.90,67.00,100.00,6.80,7.21
HUN,2008,10038188,158228265916,15762.63,73.70,5.76,9.00,61.00,27.50,68.10,100.00,6.50,7.09
HUN,2009,10022650,130807441076,13051.18,73.90,5.16,12.30,62.00,27.00,68.46,100.00,6.20,7.24
HUN,2010,10000023,131898737241,13189.84,74.21,5.23,13.50,65.00,29.40,69.53,100.00,6.00,7.46
HUN,2011,9971727,141712804954,14211.46,74.86,5.16,14.70,68.02,29.20,69.48,100.00,5.90,7.49
HUN,2012,9920362,128470269690,12950.16,75.06,4.80,16.50,70.58,30.80,69.58,100.00,5.70,7.43
HUN,2013,9872734,135646053779,13739.46,75.57,4.54,17.20,72.64,31.50,69.93,100.00,5.60,7.24
HUN,2014,9833038,141128696412,14352.50,75.76,4.56,15.70,75.65,30.90,70.31,100.00,5.30,7.04
HUN,2015,9797755,125244126623,12782.94,75.57,4.85,15.60,72.83,30.40,70.48,100.00,5.10,6.85
HUN,2016,9759755,128983560865,13215.86,76.06,4.95,15.30,79.26,30.30,70.47,100.00,4.70,6.97
HUN,2017,9726756,143335098992,14736.17,75.82,5.26,14.60,76.75,30.60,70.45,100.00,4.50,6.73
HUN,2018,9706964,161184691014,16605.06,76.07,5.28,13.60,76.07,,70.47,100.00,4.30,6.55
HUN,2019,9694824,164936682034,17012.86,76.32,5.31,13.60,80.37,,70.46,100.00,4.10,6.25
HUN,2020,9670419,158468487754,16386.93,75.42,5.13,14.80,84.77,,70.29,100.00,4.00,7.23
HUN,2021,9630932,183282685440,19030.63,74.07,5.29,15.30,88.64,,70.21,100.00,4.00,7.34
HUN,2022,9605074,177002580544,18428.03,75.87,4.95,,89.14,,70.16,100.00,3.90,6.65
HUN,2023,9592186,213029511029,22208.65,76.57,4.48,,91.45,,70.29,100.00,3.80,6.37
IDN,2000,216077790,165021012078,763.71,66.29,1.38,45.60,0.93,30.30,41.99,86.30,51.40,1.85
IDN,2001,219097902,160446947785,732.31,66.58,1.46,44.30,2.02,31.20,42.90,86.30,49.00,2.12
IDN,2002,222088495,195660611165,881.00,66.95,1.46,44.70,2.13,30.20,43.78,87.60,46.70,1.98
IDN,2003,225048008,234772463824,1043.21,67.13,1.57,43.00,2.39,29.30,44.63,87.90,44.60,2.25
IDN,2004,227926649,256836875295,1126.84,65.52,1.58,41.50,2.60,30.40,45.45,89.00,48.60,2.12
IDN,2005,230871650,285868619196,1238.21,67.53,1.57,41.60,3.60,29.90,46.24,84.80,40.70,2.53
IDN,2006,233951652,364570515618,1558.32,67.66,1.64,40.10,4.76,31.50,47.00,90.60,38.90,2.62
IDN,2007,237062337,432216737775,1823.22,67.91,1.69,40.00,5.79,33.20,47.74,91.10,37.20,2.82
IDN,2008,240157903,510228634992,2124.55,68.09,1.65,41.10,7.92,32.60,48.46,92.70,35.60,2.55
IDN,2009,243220028,539580085612,2218.49,68.27,1.69,38.20,6.92,33.40,49.17,93.60,34.10,2.62
IDN,2010,246305322,755094157622,3065.68,68.36,1.80,36.00,10.92,34.60,49.85,94.20,32.60,2.79
IDN,2011,249470032,892969104563,3579.46,68.63,2.00,32.40,12.28,37.90,50.48,94.80,31.20,2.99
IDN,2012,252698525,917869913333,3632.27,68.86,2.00,30.10,14.52,37.10,51.16,96.00,29.90,2.91
IDN,2013,255852467,912524136718,3566.60,69.06,1.86,30.60,14.94,38.90,51.83,96.50,28.60,2.87
IDN,2014,258877399,890814755534,3441.07,69.29,1.95,29.30,17.14,38.80,52.50,97.00,27.30,2.96
IDN,2015,261799249,860854232686,3288.22,69.52,1.96,26.60,22.06,38.20,53.17,97.50,26.10,2.92
IDN,2016,264627418,931877364038,3521.47,69.73,1.92,27.80,25.45,36.90,53.81,97.60,25.00,3.02
IDN,2017,267346658,1015618744160,3798.88,69.95,2.00,25.20,32.34,36.40,54.45,98.10,23.80,2.90
IDN,2018,269951846,1042271532989,3860.95,70.08,2.21,22.00,39.90,36.30,55.10,98.50,22.80,2.87
IDN,2019,272489381,1119099871350,4106.95,70.35,2.34,19.80,47.69,35.40,55.74,98.80,21.80,2.88
IDN,2020,274814866,1059054842698,3853.70,68.82,2.17,21.90,53.73,35.30,56.28,97.00,20.80,3.42
IDN,2021,276758053,1186509691087,4287.17,67.45,2.25,20.20,62.10,35.50,56.88,99.20,19.90,3.71
IDN,2022,278830529,1319101183380,4730.83,70.93,2.59,,66.48,35.50,57.49,100.00,19.10,2.69
IDN,2023,281190067,1371166925750,4876.30,71.15,2.75,,69.21,36.10,58.12,99.40,18.40,2.70
IMN,2000,75659,1601050083,21161.40,74.84,,,,,51.83,100.00,,
IMN,2001,76476,1668684324,21819.71,75.29,,,,,51.83,100.00,,
IMN,2002,77275,1891002698,24471.08,75.79,,1.50,,,51.73,100.00,,
IMN,2003,78049,2252620408,28861.62,76.32,,1.10,,,51.54,100.00,,
IMN,2004,78792,2802206152,35564.60,76.88,,6.30,,,51.33,100.00,,
IMN,2005,79516,3032411027,38135.86,77.45,,2.70,,,51.16,100.00,,
IMN,2006,80294,3422733202,42627.51,77.97,,3.30,,,51.11,100.00,,
IMN,2007,81147,4466350656,55040.24,78.45,,1.90,,,51.24,100.00,,
IMN,2008,82029,5928791505,72276.77,78.90,,1.30,,,51.47,100.00,,
IMN,2009,82939,5486921247,66156.11,79.30,,1.90,,,51.73,100.00,,
IMN,2010,83873,5920369790,70587.31,79.61,,1.90,,,51.94,100.00,,
IMN,2011,84382,6565667053,77808.86,79.84,,2.90,,,52.02,100.00,,
IMN,2012,84335,6690228372,79329.20,80.01,,3.50,,,52.06,100.00,,
IMN,2013,84141,7001175623,83207.66,80.12,,2.10,,,52.08,100.00,,
IMN,2014,83892,7708454412,91885.45,80.20,,1.90,,,52.10,100.00,,
IMN,2015,83593,7084800892,84753.52,80.27,,2.20,,,52.12,100.00,,
IMN,2016,83466,6846377563,82025.95,80.39,,1.90,,,52.13,100.00,,
IMN,2017,83609,6979788334,83481.30,80.51,,1.90,,,52.15,100.00,,
IMN,2018,83805,7491649456,89393.82,80.61,,2.00,,,52.17,100.00,,
IMN,2019,83957,7314967866,87127.55,80.74,,1.90,,,52.18,100.00,,
IMN,2020,84064,6684225641,79513.53,80.59,,2.00,,,52.19,100.00,,
IMN,2021,84106,7931193222,94299.97,80.42,,3.20,,,52.20,100.00,,
IMN,2022,84132,7431257411,88328.55,80.96,,2.70,,,52.20,100.00,,
IMN,2023,84165,7576129933,90015.21,81.00,,,,,52.18,100.00,,
IND,2000,1057922733,468395521654,442.75,62.75,0.94,46.90,0.53,,27.65,60.30,91.80,4.11
IND,2001,1077898575,485440139204,450.36,63.16,0.94,47.10,0.66,,27.90,62.00,88.10,4.34
IND,2002,1097600380,514939140319,469.15,63.65,0.96,45.80,1.54,,28.18,62.30,84.60,4.31
IND,2003,1116803006,607700687237,544.14,64.09,0.97,45.60,1.69,,28.47,65.40,81.10,4.08
IND,2004,1135991513,709152728831,624.26,64.48,1.03,44.90,1.98,27.70,28.77,64.40,77.70,4.03
IND,2005,1154676322,820383763511,710.49,64.94,1.05,44.20,2.39,,29.09,68.80,74.30,3.86
IND,2006,1172878890,940259888788,801.67,65.37,1.11,43.20,2.81,,29.43,67.90,71.00,3.67
IND,2007,1190676021,1216736438835,1021.89,65.80,1.19,41.50,3.95,,29.78,72.30,67.80,3.58
IND,2008,1207930964,1198895139006,992.52,66.25,1.26,39.40,4.38,,30.14,74.10,64.50,3.59
IND,2009,1225524753,1341888016995,1094.95,66.70,1.32,37.40,5.12,27.80,30.52,75.00,61.20,3.55
IND,2010,1243481564,1675615519485,1347.52,67.16,1.39,36.20,7.50,,30.90,76.30,58.10,3.34
IND,2011,1261224954,1823051829895,1445.46,67.62,1.46,35.00,10.07,28.80,31.27,79.50,55.00,3.25
IND,2012,1278674502,1827637590410,1429.32,68.08,1.58,34.80,11.10,,31.59,79.90,52.00,3.33
IND,2013,1295829511,1856721507622,1432.84,68.50,1.60,34.90,12.30,,31.91,83.10,49.10,3.75
IND,2014,1312277191,2039126479155,1553.88,68.93,1.71,33.90,13.50,,32.23,85.10,46.40,3.62
IND,2015,1328024498,2103588360045,1584.00,69.33,1.72,33.40,14.90,,32.55,88.00,43.70,3.60
IND,2016,1343944296,2294796885663,1707.51,69.71,1.72,33.00,16.50,,32.87,89.60,41.30,3.50
IND,2017,1359657400,2651474262755,1950.10,70.07,1.80,32.50,18.20,,33.18,91.80,39.00,2.94
IND,2018,1374659064,2702929641649,1966.25,70.42,1.86,32.90,20.08,,33.50,95.70,36.90,2.86
IND,2019,1389030312,2835606256558,2041.43,70.75,1.84,33.50,29.52,,33.81,95.90,34.90,2.95
IND,2020,1402617695,2674851578587,1907.04,70.16,1.68,36.10,43.41,,34.13,96.50,33.00,3.34
IND,2021,1414203896,3167270623260,2239.61,67.28,1.84,34.90,49.26,,34.44,99.60,31.20,3.35
IND,2022,1425423212,3249938492013,2279.98,71.70,1.97,,55.90,25.50,34.76,99.20,29.50,3.40
IND,2023,1438069596,3500906030645,2434.45,72.00,2.10,,60.25,,35.07,99.50,28.00,3.34
IRL,2000,3805174,100207610430,26334.57,76.54,11.52,2.00,17.85,33.00,59.12,100.00,7.20,5.90
IRL,2001,3866243,109346669230,28282.41,77.13,11.91,2.00,23.14,,59.38,100.00,6.90,6.39
IRL,2002,3931947,128596035288,32705.43,77.63,11.44,2.20,25.85,32.30,59.64,100.00,6.50,6.67
IRL,2003,3996521,164670771260,41203.53,78.14,11.13,2.00,34.31,32.90,59.91,100.00,6.10,7.01
IRL,2004,4070262,194372115041,47754.20,78.54,11.05,2.30,36.99,33.60,60.20,100.00,5.60,7.22
IRL,2005,4159914,211876989656,50933.02,78.94,11.32,2.90,41.61,33.80,60.49,100.00,5.20,7.64
IRL,2006,4273591,232180617162,54329.16,79.24,11.16,3.20,54.82,32.70,60.77,100.00,4.80,7.52
IRL,2007,4398942,270079279420,61396.42,79.64,10.67,3.50,61.16,31.90,61.06,100.00,4.60,7.81
IRL,2008,4489544,275447471451,61353.11,80.10,10.31,4.20,65.34,30.90,61.36,100.00,4.40,9.13
IRL,2009,4535375,236443115854,52133.09,80.19,9.08,5.30,67.38,32.70,61.64,100.00,4.30,10.52
IRL,2010,4560155,221732824603,48623.97,80.74,8.97,5.30,69.85,32.30,61.89,100.00,4.20,10.52
IRL,2011,4580084,240975871047,52613.85,80.75,8.11,7.00,74.89,32.90,62.09,100.00,4.10,10.49
IRL,2012,4599533,226921827888,49335.84,80.85,8.18,6.90,76.92,33.20,62.25,100.00,4.00,10.47
IRL,2013,4623816,242924245719,52537.61,80.95,7.86,7.70,78.25,33.50,62.40,100.00,3.90,10.03
IRL,2014,4657740,266490442124,57214.54,81.35,7.76,8.80,83.49,31.90,62.54,100.00,3.80,9.23
IRL,2015,4701957,302101388556,64250.14,81.45,8.01,9.50,83.49,31.80,62.64,100.00,3.70,7.08
IRL,2016,4762722,305431252709,64129.56,81.65,8.30,8.60,83.50,32.80,62.72,100.00,3.60,7.34
IRL,2017,4827445,348355212569,72161.40,82.16,7.93,10.10,84.11,31.40,62.90,100.00,3.50,6.92
IRL,2018,4898022,395780319817,80804.11,82.20,7.76,10.80,87.00,30.60,63.08,100.00,3.40,6.75
IRL,2019,4976456,407211793801,81827.67,82.70,7.31,12.30,87.00,30.30,63.27,100.00,3.40,6.62
IRL,2020,5039747,436009027819,86514.07,82.46,6.80,13.70,92.00,29.20,63.47,100.00,3.50,6.97
IRL,2021,5110585,530394123830,103783.45,82.25,7.12,12.70,93.51,29.40,63.68,100.00,3.60,6.44
IRL,2022,5212836,548341794599,105190.69,82.51,6.85,,95.04,29.90,63.89,100.00,3.70,6.02
IRL,2023,5311538,567372737459,106818.92,82.81,6.19,,96.87,29.00,64.12,100.00,3.80,6.58
IRN,2000,66418659,109591707802,1650.01,70.17,5.33,0.40,0.93,,64.48,97.90,36.40,4.72
IRN,2001,67452005,126878750296,1881.02,70.62,5.46,0.50,1.48,,65.22,98.10,34.30,5.16
IRN,2002,68011317,128626917504,1891.26,71.11,5.65,0.70,4.63,,65.93,98.10,32.30,4.65
IRN,2003,68769340,151911222119,2209.00,70.46,5.90,0.80,6.93,,66.60,98.20,30.30,4.96
IRN,2004,70256316,187754571248,2672.42,72.04,6.19,0.70,7.49,,67.26,98.30,28.30,5.13
IRN,2005,71828455,224970371325,3132.05,72.45,6.53,1.40,8.10,43.60,67.87,98.40,26.50,5.30
IRN,2006,73392747,265602187404,3618.92,72.90,6.90,1.40,8.76,44.80,68.31,98.40,24.70,5.16
IRN,2007,74602648,349736591832,4687.99,73.30,7.22,1.30,9.47,,68.81,98.70,23.10,4.91
IRN,2008,75514204,406070949554,5377.41,73.68,7.35,0.70,12.02,,69.38,98.80,21.70,5.04
IRN,2009,76457825,414059094949,5415.52,74.04,7.50,0.80,13.80,42.10,69.99,99.70,20.40,6.11
IRN,2010,77420842,487069570464,6291.19,74.39,7.45,0.90,15.90,,70.61,99.40,19.30,6.29
IRN,2011,78383598,629082257472,8025.69,74.72,7.48,0.90,19.00,34.70,71.20,99.50,18.30,6.10
IRN,2012,79370580,644019315004,8114.08,75.04,7.46,0.90,22.73,34.40,71.76,99.50,17.50,6.12
IRN,2013,80414686,500399839840,6222.74,75.35,7.62,1.00,29.95,34.00,72.30,99.80,16.80,5.74
IRN,2014,81502045,462284793281,5672.06,75.64,7.81,0.90,39.35,34.80,72.83,100.00,16.10,6.82
IRN,2015,82619362,409191686497,4952.73,75.91,7.62,0.90,45.33,35.30,73.36,100.00,15.50,8.38
IRN,2016,83812228,478618064871,5710.60,76.16,7.66,1.00,53.23,35.90,73.88,100.00,14.90,7.80
IRN,2017,85026754,510239893418,6000.93,76.40,7.84,1.00,64.04,36.70,74.40,99.90,14.40,7.72
IRN,2018,86117998,411903303606,4783.01,76.62,7.68,1.00,70.20,37.40,74.80,100.00,13.90,6.64
IRN,2019,87051648,347988400958,3997.49,76.86,8.19,1.00,72.45,36.50,75.20,100.00,13.40,6.23
IRN,2020,87723443,280934329280,3202.50,74.14,8.39,0.90,75.57,35.80,75.60,100.00,13.00,4.96
IRN,2021,88455488,407350685583,4605.15,73.75,8.87,0.90,78.60,35.50,75.99,100.00,12.60,4.86
IRN,2022,89524246,422662261526,4721.20,76.80,8.85,,81.72,34.80,76.33,100.00,12.10,5.63
IRN,2023,90608707,457510482317,5049.30,77.65,9.01,,83.71,35.90,76.68,100.00,11.70,6.03
IRQ,2000,24424056,48364250944,1980.19,64.86,3.64,0.40,,,67.63,96.80,44.30,
IRQ,2001,25197840,36176430129,1435.70,65.29,3.99,0.30,0.10,,67.75,96.90,43.40,
IRQ,2002,26006559,32928454672,1266.16,65.72,3.65,0.30,0.50,,67.89,97.10,42.50,
IRQ,2003,26802659,21921569479,817.89,64.83,3.09,0.30,0.60,,68.05,97.20,41.60,3.00
IRQ,2004,27577878,36633669269,1328.37,64.63,3.28,0.40,0.90,,68.22,97.30,40.70,3.90
IRQ,2005,28407448,50065104668,1762.39,64.90,3.07,2.40,0.90,,68.39,97.40,39.70,3.02
IRQ,2006,28616515,65147051918,2276.55,64.03,2.97,2.60,0.95,28.60,68.56,97.60,38.80,2.49
IRQ,2007,28391607,88837057320,3128.99,64.43,2.76,2.00,0.93,,68.72,98.10,37.70,3.21
IRQ,2008,28971036,131614434154,4542.97,66.47,3.13,1.10,1.00,,68.86,97.90,36.70,3.07
IRQ,2009,30058206,111657580326,3714.71,67.83,3.22,1.20,1.06,,68.97,98.10,35.60,3.77
IRQ,2010,31045366,138516722650,4461.75,68.09,3.59,1.70,2.50,,69.06,98.40,34.50,3.24
IRQ,2011,32161424,185749664444,5775.54,68.44,3.60,1.10,5.00,,69.13,98.00,33.40,2.80
IRQ,2012,33654842,218002476129,6477.60,68.83,3.95,1.30,7.10,29.50,69.22,99.30,32.40,2.69
IRQ,2013,35281989,234637675129,6650.35,69.05,4.09,1.50,9.20,,69.44,99.00,31.30,2.81
IRQ,2014,36550059,228415656175,6249.39,69.68,3.78,1.00,11.65,,69.67,99.20,30.30,2.79
IRQ,2015,37560535,166774104959,4440.14,69.98,3.67,0.80,15.21,,69.92,99.40,29.30,3.16
IRQ,2016,38469627,166743557748,4334.42,68.68,4.03,0.90,19.88,,69.91,99.70,28.40,4.57
IRQ,2017,39337353,187217660051,4759.28,69.79,4.25,0.50,25.97,,69.89,99.90,27.50,4.09
IRQ,2018,40265624,227367469034,5646.69,71.12,4.49,0.50,33.93,,69.88,99.90,26.50,4.08
IRQ,2019,41192171,233636097800,5671.86,71.25,4.70,0.90,44.33,,69.87,100.00,25.70,4.21
IRQ,2020,42116605,180898797517,4295.19,69.65,4.37,1.10,53.68,,69.87,100.00,24.90,5.73
IRQ,2021,43071211,209691945713,4868.49,70.70,4.64,1.10,65.00,,69.87,100.00,24.00,5.14
IRQ,2022,44070551,287372232138,6520.73,72.04,5.04,,78.72,,69.87,100.00,23.30,4.33
IRQ,2023,45074049,268881051644,5965.32,72.32,5.17,,81.81,29.80,69.87,100.00,22.50,5.53
ISL,2000,281205,9140168922,32503.58,79.65,10.14,60.70,44.47,,91.97,100.00,3.90,8.90
ISL,2001,284968,8323401820,29208.20,80.69,10.38,62.10,49.39,,92.05,100.00,3.70,8.75
ISL,2002,287523,9416199700,32749.38,80.50,10.88,61.90,79.12,,92.17,100.00,3.50,9.40
ISL,2003,289521,11564687742,39944.21,80.96,10.71,61.90,83.14,26.80,92.32,100.00,3.30,9.73
ISL,2004,292074,13963943244,47809.61,81.00,10.87,61.90,83.88,28.00,92.44,100.00,3.20,9.33
ISL,2005,296734,17146410561,57783.77,81.50,10.54,62.70,87.00,29.00,92.38,100.00,3.10,8.95
ISL,2006,303782,17671649843,58172.14,81.16,10.67,64.20,89.51,30.20,92.19,100.00,2.90,8.56
ISL,2007,311566,21960110030,70483.01,81.45,11.15,67.60,90.60,29.50,92.36,100.00,2.80,8.35
ISL,2008,317414,18247921360,57489.34,81.61,11.91,74.00,91.00,31.80,93.06,100.00,2.80,8.34
ISL,2009,318499,13212543838,41483.78,81.75,12.02,74.70,93.00,28.70,93.44,100.00,2.70,8.78
ISL,2010,318041,13922711577,43776.47,81.90,11.75,76.00,93.39,26.20,93.46,100.00,2.70,8.36
ISL,2011,319014,15394005872,48254.95,82.36,11.30,77.10,94.82,26.80,93.41,100.00,2.60,8.25
ISL,2012,320716,14943757823,46594.99,82.92,11.37,77.70,96.21,26.80,93.51,100.00,2.60,8.23
ISL,2013,323764,16244319959,50173.34,82.06,11.46,76.80,96.55,25.40,93.62,100.00,2.60,8.23
ISL,2014,327386,18052183515,55140.36,82.86,10.58,77.60,98.16,27.80,93.62,100.00,2.60,8.29
ISL,2015,330815,17700486957,53505.70,82.47,10.97,78.00,98.20,26.80,93.73,100.00,2.60,8.13
ISL,2016,335439,21083713310,62854.09,82.20,9.48,80.90,98.24,27.20,93.78,100.00,2.60,8.16
ISL,2017,343400,25060086488,72976.37,82.66,9.70,80.80,98.26,26.10,93.77,100.00,2.70,8.32
ISL,2018,352721,26677652544,75633.87,82.86,9.34,81.40,99.01,26.60,93.85,100.00,2.70,8.44
ISL,2019,360563,24985687022,69296.31,83.16,8.81,81.70,99.50,26.80,93.98,100.00,2.80,8.64
ISL,2020,366463,22034665041,60127.94,83.06,8.38,82.90,99.53,,94.14,100.00,2.80,9.65
ISL,2021,372520,26234872402,70425.41,83.17,8.49,82.40,99.69,,94.21,100.00,2.90,9.72
ISL,2022,382003,29176227825,76376.96,82.12,8.48,,97.58,,94.18,100.00,2.90,9.08
ISL,2023,385663,31701996434,82201.29,82.46,8.35,,97.95,,94.15,100.00,2.90,8.71
ISR,2000,6289000,136409902632,21690.24,78.95,9.43,6.00,20.87,,91.28,100.00,6.90,6.59
ISR,2001,6439000,134889159474,20948.77,79.41,9.20,6.30,17.38,38.90,91.37,100.00,6.60,7.00
ISR,2002,6570000,125215963105,19058.75,79.45,9.51,6.50,17.76,39.60,91.44,100.00,6.40,6.91
ISR,2003,6689700,131278887815,19624.03,79.65,9.60,6.50,19.59,40.70,91.52,100.00,6.10,6.85
ISR,2004,6809000,139925423025,20550.07,80.15,9.40,6.70,22.77,41.50,91.58,100.00,5.80,6.80
ISR,2005,6930100,147346035831,21261.75,80.15,8.93,7.00,25.19,42.30,91.64,100.00,5.60,6.88
ISR,2006,7053700,158706516002,22499.75,80.55,9.22,6.90,27.88,41.60,91.68,100.00,5.30,6.70
ISR,2007,7180100,184448882452,25688.90,80.50,9.39,6.70,48.13,41.10,91.71,100.00,5.10,6.67
ISR,2008,7308800,220952472408,30231.02,80.95,9.27,8.90,59.39,41.60,91.73,100.00,4.90,6.81
ISR,2009,7485600,213112649594,28469.68,81.40,8.96,8.50,63.12,42.60,91.73,100.00,4.70,6.87
ISR,2010,7623600,239372857534,31398.93,81.60,9.44,8.60,67.50,42.60,91.73,100.00,4.60,6.85
ISR,2011,7765800,267739352609,34476.73,81.66,9.16,9.10,68.87,41.50,91.73,100.00,4.40,6.81
ISR,2012,7910500,263172104091,33268.71,81.70,9.81,2.90,70.80,41.30,91.73,100.00,4.30,6.94
ISR,2013,8059500,298045324736,36980.62,82.06,8.47,3.30,70.25,39.90,91.72,100.00,4.10,6.94
ISR,2014,8215700,314376760832,38265.37,82.15,8.02,3.70,75.02,39.80,91.72,100.00,4.00,7.03
ISR,2015,8380100,302841190258,36138.14,82.05,8.11,3.70,77.35,39.70,91.70,100.00,3.90,7.02
ISR,2016,8546000,321083954798,37571.26,82.41,7.90,4.00,79.65,39.00,91.69,100.00,3.80,7.10
ISR,2017,8713300,357360816857,41013.26,82.55,7.78,3.90,81.58,38.20,91.67,100.00,3.70,7.17
ISR,2018,8882800,375470422244,42269.38,82.80,7.15,3.80,83.73,38.60,91.65,100.00,3.70,7.24
ISR,2019,9054000,399207771082,44091.87,82.80,7.21,4.50,86.79,38.30,91.62,100.00,3.60,7.21
ISR,2020,9215100,410908899711,44590.82,82.65,6.66,5.60,90.13,37.80,91.58,100.00,3.50,7.75
ISR,2021,9371400,489735019666,52258.47,82.50,6.51,6.20,90.30,37.90,91.54,100.00,3.50,7.84
ISR,2022,9557500,525157951213,54947.21,82.70,6.66,,91.85,38.30,91.50,100.00,3.40,7.12
ISR,2023,9849000,513393395492,52126.45,83.20,6.14,,87.04,,91.51,100.00,3.40,7.10
ITA,2000,56942108,1149661363439,20190.00,79.78,7.98,5.10,23.11,35.20,67.19,100.00,5.60,7.55
ITA,2001,56976981,1172041488806,20570.44,80.13,7.96,5.40,27.22,,67.28,100.00,5.30,7.71
ITA,2002,57089824,1281746271196,22451.40,80.23,8.07,5.60,28.04,34.70,67.35,100.00,5.10,7.84
ITA,2003,57399184,1582930016539,27577.57,79.98,8.38,6.20,29.04,34.90,67.43,100.00,4.80,7.81
ITA,2004,57828179,1812808753295,31348.19,80.78,8.51,5.90,33.24,34.30,67.51,100.00,4.60,8.14
ITA,2005,58166682,1864982261287,32062.72,80.78,8.48,6.70,35.00,33.80,67.59,100.00,4.50,8.31
ITA,2006,58399861,1958563654386,33537.13,81.28,8.35,7.50,37.99,33.70,67.68,100.00,4.30,8.40
ITA,2007,58756247,2222524108128,37826.18,81.43,8.17,8.70,40.79,32.90,67.79,100.00,4.20,8.10
ITA,2008,59211181,2417508414187,40828.58,81.49,7.85,10.80,44.53,33.80,67.91,100.00,4.10,8.50
ITA,2009,59555454,2209484319013,37099.61,81.64,6.95,12.50,48.83,33.80,68.05,100.00,4.10,8.91
ITA,2010,59819407,2144936254535,35856.86,82.04,7.08,12.80,53.68,34.70,68.22,100.00,4.00,8.88
ITA,2011,60026841,2306974020278,38432.37,82.19,6.91,11.90,54.39,35.10,68.40,100.00,3.90,8.73
ITA,2012,60191247,2097929495122,34854.39,82.24,6.55,14.40,55.83,35.20,68.76,100.00,3.80,8.80
ITA,2013,60311613,2153225581941,35701.67,82.69,6.00,16.30,58.46,34.90,69.31,100.00,3.70,8.79
ITA,2014,60320707,2173255507986,36028.35,83.09,5.69,17.10,55.64,34.70,69.58,100.00,3.60,8.86
ITA,2015,60229605,1845428048839,30639.88,82.54,5.87,16.60,58.14,35.40,69.61,100.00,3.50,8.85
ITA,2016,60115223,1887111188177,31391.57,83.24,5.81,16.10,61.32,35.20,69.60,100.00,3.40,8.72
ITA,2017,60002252,1970720904585,32844.12,82.95,5.76,16.40,63.08,35.90,69.52,100.00,3.30,8.69
ITA,2018,59877221,2099435266459,35062.34,83.35,5.68,17.10,74.39,35.20,69.48,100.00,3.20,8.65
ITA,2019,59729081,2019606796584,33812.79,83.50,5.57,17.30,67.85,34.60,69.51,100.00,3.10,8.62
ITA,2020,59438851,1907481094079,32091.49,82.20,4.97,18.70,70.48,35.20,69.52,100.00,3.00,9.56
ITA,2021,59133173,2179207773596,36852.54,82.65,5.59,17.50,74.86,34.80,69.48,100.00,2.90,9.28
ITA,2022,59013667,2104067630319,35653.90,82.70,5.61,,85.06,33.70,69.48,100.00,2.80,8.85
ITA,2023,58984216,2316882296366,39279.70,83.35,5.16,,87.03,34.30,69.54,100.00,2.80,8.41
JAM,2000,2607826,9005064475,3453.09,71.28,3.93,9.30,3.12,,51.72,84.40,20.50,5.98
JAM,2001,2624403,9194727831,3503.55,71.29,3.93,7.90,3.86,,51.93,87.70,20.00,5.16
JAM,2002,2640572,9719009495,3680.65,71.48,3.89,8.00,6.10,48.30,52.15,86.70,19.60,5.58
JAM,2003,2656623,9430234811,3549.71,71.59,3.97,8.10,7.80,,52.36,86.50,19.30,4.99
JAM,2004,2672225,10174664854,3807.56,71.54,3.97,6.40,10.00,45.50,52.56,87.20,19.10,5.84
JAM,2005,2687066,11243865778,4184.44,71.49,3.96,5.40,12.80,,52.77,88.00,19.10,5.82
JAM,2006,2700968,11930179090,4417.00,71.40,4.56,4.80,16.40,,52.97,88.70,19.10,5.51
JAM,2007,2713800,12799600047,4716.49,71.41,4.51,5.30,21.10,,53.17,89.40,19.10,6.19
JAM,2008,2725635,13709401520,5029.80,71.50,3.62,5.90,23.60,,53.37,92.00,19.10,6.66
JAM,2009,2736995,12120458115,4428.38,71.72,2.94,7.40,24.30,,53.56,91.00,19.10,6.37
JAM,2010,2748568,13220549908,4809.98,71.98,2.80,8.90,27.67,,53.75,92.20,19.00,6.44
JAM,2011,2760494,14444661522,5232.64,72.25,2.75,9.80,37.44,,53.96,91.10,19.00,6.52
JAM,2012,2772430,14807086556,5340.83,72.41,2.53,12.20,33.79,,54.25,93.10,18.90,6.19
JAM,2013,2783687,14264205153,5124.21,72.44,2.69,11.40,37.10,,54.55,93.90,18.90,6.28
JAM,2014,2793749,13899217680,4975.11,72.36,2.58,11.90,40.40,,54.87,93.30,18.80,6.29
JAM,2015,2802534,14963589916,5339.31,72.21,2.54,12.10,42.22,,55.20,94.90,18.70,6.61
JAM,2016,2809915,14898999754,5302.30,72.05,2.71,11.10,44.37,,55.55,96.60,18.70,6.59
JAM,2017,2815764,15783583237,5605.44,71.88,2.60,11.00,55.07,,55.92,97.40,18.70,6.98
JAM,2018,2820097,16855447986,5976.90,71.61,3.08,8.90,68.21,35.30,56.30,98.20,18.70,6.84
JAM,2019,2823271,17026269263,6030.69,71.53,2.99,9.20,70.84,,56.70,98.90,18.80,6.97
JAM,2020,2830739,15000214216,5299.05,71.45,2.09,11.70,76.38,,57.11,99.70,18.70,7.48
JAM,2021,2837682,15963885376,5625.68,69.09,2.28,10.50,82.36,39.90,57.54,100.00,18.60,8.00
JAM,2022,2839144,18813516805,6626.48,71.48,2.65,,85.84,,57.99,100.00,18.40,8.65
JAM,2023,2839786,21418797833,7542.40,71.48,2.71,,89.47,,58.45,97.70,18.10,7.60
JOR,2000,5386945,8460789845,1570.61,71.93,3.06,2.10,2.62,,78.28,99.00,25.80,9.34
JOR,2001,5498894,8975814653,1632.29,72.14,3.00,2.10,4.71,,78.29,99.00,25.00,9.57
JOR,2002,5616066,9582510578,1706.27,72.36,3.06,2.10,6.03,37.00,78.30,99.50,24.20,9.28
JOR,2003,5741828,10195627645,1775.68,72.59,3.07,2.00,8.47,,78.31,99.00,23.50,8.79
JOR,2004,5882061,11411706629,1940.09,72.79,3.23,1.80,11.66,,78.32,99.20,22.70,8.75
JOR,2005,6029587,12588998590,2087.87,72.98,3.37,1.70,12.93,,78.41,99.00,22.00,8.49
JOR,2006,6427371,15056981664,2342.63,73.23,3.20,2.30,13.87,33.90,78.76,100.00,21.30,7.68
JOR,2007,6827227,17110437236,2506.21,73.41,3.13,2.30,20.00,,79.34,98.80,20.70,7.91
JOR,2008,6989866,25651620831,3669.83,73.56,2.93,2.70,23.00,32.60,80.13,100.00,20.10,8.49
JOR,2009,7141753,27462496197,3845.34,73.71,2.95,2.80,26.00,,81.11,99.40,19.50,9.22
JOR,2010,7297043,30202773521,4139.04,73.80,2.82,3.00,27.20,33.70,82.26,100.00,18.90,8.17
JOR,2011,7480424,32640291549,4363.43,73.93,2.81,3.00,34.90,,83.55,99.60,18.40,8.15
JOR,2012,7587127,34854017887,4593.84,74.09,3.23,2.90,37.00,,84.96,99.50,17.90,7.82
JOR,2013,7991809,37873362958,4739.02,74.28,3.02,3.10,41.40,,86.46,99.70,17.40,7.17
JOR,2014,8791710,40535098592,4610.60,74.61,2.94,3.10,46.20,,88.04,99.80,17.00,7.21
JOR,2015,9544729,42394049296,4441.62,75.06,2.69,3.20,54.22,,89.89,99.90,16.50,7.46
JOR,2016,10006367,43688498732,4366.07,75.55,2.52,4.70,56.15,,90.56,100.00,16.10,6.98
JOR,2017,10234226,45535614366,4449.35,76.07,2.59,5.30,64.50,,90.88,100.00,15.70,7.11
JOR,2018,10462306,47435850423,4533.98,76.49,2.41,7.20,65.20,,91.20,99.90,15.30,6.98
JOR,2019,10671891,48640273803,4557.79,76.87,2.18,8.50,70.08,,91.52,99.90,14.90,7.07
JOR,2020,10865228,47931770986,4411.48,75.58,1.93,10.70,78.42,,91.82,99.90,14.50,7.55
JOR,2021,11066356,50702940986,4581.72,74.20,1.96,11.50,86.00,,92.12,99.90,14.10,7.70
JOR,2022,11256263,53516930141,4754.41,77.09,2.07,,90.50,,92.40,100.00,13.70,7.74
JOR,2023,11439213,56123472113,4906.24,77.81,2.10,,92.53,,92.68,100.00,13.30,7.66
JPN,2000,126843000,5042381838343,39752.94,81.08,9.80,3.70,29.99,,78.61,100.00,4.50,7.03
JPN,2001,127149000,4438792748062,34910.17,81.42,9.67,3.50,38.53,,79.16,100.00,4.30,7.24
JPN,2002,127445000,4245946980572,33315.92,81.69,9.92,3.70,46.59,,80.55,100.00,4.10,7.35
JPN,2003,127718000,4573413206709,35808.68,81.76,9.96,4.20,48.44,,82.42,100.00,4.00,7.49
JPN,2004,127761000,4941485123807,38677.57,82.03,9.92,4.30,62.39,,84.37,100.00,3.90,7.54
JPN,2005,127773000,4875648486366,38158.68,81.96,10.01,4.00,66.92,,85.96,100.00,3.70,7.66
JPN,2006,127854000,4648058930707,36354.43,82.32,9.82,4.40,68.69,,87.15,100.00,3.60,7.69
JPN,2007,128001000,4624670179655,36129.95,82.51,10.09,4.30,74.30,,88.27,100.00,3.50,7.78
JPN,2008,128063000,5160197175876,40294.21,82.59,9.53,4.40,75.40,34.60,89.29,100.00,3.40,8.09
JPN,2009,128047000,5336765697589,41678.18,82.93,9.04,4.50,78.00,33.00,90.11,100.00,3.40,8.96
JPN,2010,128070000,5811578109447,45378.14,82.84,9.50,4.70,78.21,31.50,90.62,100.00,3.30,9.06
JPN,2011,127833000,6279422550219,49122.08,82.59,9.93,4.80,79.05,33.00,90.86,100.00,3.30,10.49
JPN,2012,127629000,6333803928788,49626.68,83.10,10.25,4.70,79.50,32.50,91.03,100.00,3.10,10.67
JPN,2013,127445000,5272297037397,41369.19,83.33,10.38,5.00,88.22,31.50,91.15,100.00,3.00,10.67
JPN,2014,127276000,4985763289561,39172.85,83.59,10.01,5.60,89.11,31.30,91.25,100.00,2.90,10.73
JPN,2015,127141000,4534438580495,35664.64,83.79,9.69,6.20,91.06,30.70,91.35,100.00,2.80,10.75
JPN,2016,127076000,5110357383254,40214.97,83.98,9.67,6.40,93.18,31.80,91.45,100.00,2.70,10.66
JPN,2017,126972000,5038231631661,39679.86,84.10,9.55,6.90,91.73,31.80,91.55,100.00,2.60,10.66
JPN,2018,126811000,5154293721630,40645.48,84.21,9.17,7.30,88.75,32.90,91.64,100.00,2.50,10.74
JPN,2019,126633000,5245755000479,41424.87,84.36,8.87,7.80,92.73,33.00,91.72,100.00,2.50,10.97
JPN,2020,126261000,5189197543645,41098.97,84.56,8.40,8.50,90.22,32.30,91.78,100.00,2.40,11.45
JPN,2021,125681593,5225933520753,41580.74,84.45,8.59,8.80,82.91,,91.87,100.00,2.40,12.08
JPN,2022,125124989,4447976207315,35548.26,84.00,8.40,,84.92,,91.98,100.00,2.40,12.32
JPN,2023,124516650,4384854269962,35215.00,84.04,8.05,,85.01,,92.08,100.00,2.40,10.74
KAZ,2000,15501103,18291990662,1180.04,63.79,8.53,2.50,0.67,,56.02,99.60,42.10,4.16
KAZ,2001,15575550,22152689180,1422.27,64.11,8.38,2.40,1.01,36.00,55.78,99.70,39.60,3.47
KAZ,2002,15656677,24636598527,1573.55,64.44,9.30,2.80,1.67,34.80,55.50,99.80,37.20,3.61
KAZ,2003,15747380,30833692900,1958.02,64.75,10.30,2.30,2.00,33.70,55.21,99.90,35.10,3.72
KAZ,2004,15850159,43151647003,2722.47,65.04,11.01,1.90,2.65,31.80,54.92,100.00,33.00,3.98
KAZ,2005,15968117,57123671734,3577.36,65.36,11.75,2.10,2.96,39.80,54.65,100.00,31.00,3.90
KAZ,2006,16103716,81003864630,5030.13,65.72,13.05,2.10,3.27,30.20,54.41,99.80,28.90,3.40
KAZ,2007,16257214,104849915058,6449.44,66.18,13.51,1.80,4.02,30.10,54.23,100.00,26.80,2.70
KAZ,2008,16426525,133441648852,8123.55,66.76,15.12,1.10,11.00,28.50,54.13,100.00,24.70,3.03
KAZ,2009,16619846,115308686941,6938.01,67.46,13.51,1.30,18.20,28.20,54.12,100.00,22.50,3.47
KAZ,2010,16836810,148047348241,8793.08,68.26,14.39,1.40,31.60,28.00,54.21,100.00,20.40,2.74
KAZ,2011,17066002,192626464617,11287.15,69.11,15.39,1.40,50.60,28.00,54.40,99.80,18.30,2.60
KAZ,2012,17306106,207998568866,12018.80,69.94,14.95,1.30,61.91,28.20,54.69,100.00,16.30,3.04
KAZ,2013,17556502,236634603409,13478.46,70.72,15.73,1.20,63.30,27.10,55.08,100.00,14.50,2.66
KAZ,2014,17816285,221415613595,12427.71,71.42,13.08,1.30,66.00,27.00,55.55,100.00,13.00,2.97
KAZ,2015,18084169,184388404706,10196.12,72.02,11.21,1.70,70.83,26.80,56.11,100.00,11.90,3.04
KAZ,2016,18363600,137278320084,7475.57,72.55,11.77,2.10,74.59,27.20,56.75,100.00,11.00,3.42
KAZ,2017,18651931,166805788827,8943.08,73.00,12.14,2.00,76.43,27.50,57.46,100.00,10.50,3.05
KAZ,2018,18932727,179339977690,9472.49,73.37,12.12,1.90,78.90,27.80,58.24,100.00,10.30,2.90
KAZ,2019,19209555,181667184855,9457.13,73.66,11.39,1.90,81.88,28.00,59.08,100.00,10.20,2.87
KAZ,2020,19482117,171082365861,8781.51,71.20,11.57,1.80,85.94,28.70,59.99,100.00,10.10,3.83
KAZ,2021,19743603,197112255361,9983.60,70.13,12.25,2.00,90.92,29.20,61.03,100.00,10.00,3.99
KAZ,2022,20034609,225496328925,11255.34,73.50,12.31,,92.30,,61.44,100.00,9.80,3.75
KAZ,2023,20330104,261840101060,12879.43,74.40,12.56,,92.88,,61.76,100.00,9.60,3.77
KEN,2000,30642890,12705350098,414.63,56.08,0.29,76.80,0.32,,19.46,15.20,95.20,3.62
KEN,2001,31619170,12986007426,410.70,56.50,0.26,78.30,0.62,,20.44,17.00,90.50,3.74
KEN,2002,32629808,13147736899,402.94,56.76,0.25,78.80,1.21,,21.86,18.90,85.60,3.82
KEN,2003,33652223,14904517650,442.90,57.37,0.21,81.60,2.94,,23.56,16.00,80.80,4.03
KEN,2004,34713455,16095337094,463.66,57.95,0.23,80.30,3.02,,25.41,22.60,76.10,4.21
KEN,2005,35796484,18737895513,523.46,58.51,0.25,79.20,3.10,46.40,27.27,24.50,71.20,4.22
KEN,2006,36904008,25825512284,699.80,59.06,0.27,77.60,3.60,,28.98,26.40,66.80,5.01
KEN,2007,38036349,31958195182,840.20,59.41,0.26,78.20,4.40,,30.42,28.30,62.90,5.12
KEN,2008,39206351,35895153328,915.54,59.96,0.27,78.20,5.20,,31.42,30.30,58.00,5.19
KEN,2009,40408891,42347217913,1047.97,60.48,0.31,75.60,6.10,,31.86,23.00,55.20,5.29
KEN,2010,41598567,45405615064,1091.52,60.92,0.32,74.00,7.20,,31.87,19.20,53.10,5.39
KEN,2011,42758461,46869473151,1096.14,61.28,0.32,74.70,8.80,,31.87,36.20,51.70,5.20
KEN,2012,43888303,56396704672,1285.01,61.54,0.29,76.20,10.50,,31.86,38.10,50.70,5.02
KEN,2013,44986791,61671440408,1370.88,61.73,0.31,74.30,13.00,,31.83,40.10,49.40,4.93
KEN,2014,46051440,68285796514,1482.82,61.99,0.34,71.80,16.50,,31.79,36.00,48.30,4.91
KEN,2015,47088526,70120446897,1489.12,62.28,0.36,69.20,16.59,40.80,31.73,41.60,46.80,4.76
KEN,2016,48139687,74815144164,1554.13,62.53,0.38,68.30,16.60,,31.65,53.10,45.50,4.75
KEN,2017,49197766,82036510877,1667.48,62.73,0.39,68.10,17.83,,31.54,55.80,44.70,3.99
KEN,2018,50207107,92202979985,1836.45,62.83,0.38,68.70,19.50,,31.39,61.20,43.70,4.10
KEN,2019,51202827,100378436207,1960.41,62.94,0.38,68.10,22.67,,31.19,69.70,42.70,4.37
KEN,2020,52217334,100657505751,1927.66,61.60,0.37,69.00,24.72,36.20,31.21,71.50,42.10,4.49
KEN,2021,53219166,109703658905,2061.36,61.23,0.40,67.70,26.96,38.70,31.29,76.50,41.30,4.57
KEN,2022,54252461,114448978153,2109.56,63.55,0.41,,29.41,38.50,31.43,76.00,40.50,4.32
KEN,2023,55339003,107500884685,1942.59,63.65,0.38,,32.07,,31.63,76.20,39.60,4.35
KGZ,2000,4898362,1369688498,279.62,68.56,0.98,35.20,1.04,31.00,35.32,99.60,50.80,4.41
KGZ,2001,4945073,1525116370,308.41,68.71,0.82,36.00,3.00,30.20,35.32,99.50,48.10,4.28
KGZ,2002,4990704,1605643105,321.73,68.16,1.01,28.30,3.00,30.30,35.31,100.00,45.50,4.59
KGZ,2003,5043308,1919008090,380.51,68.26,1.12,30.50,3.91,28.70,35.31,99.40,43.00,5.82
KGZ,2004,5104713,2211534585,433.23,68.15,1.10,27.70,5.09,34.80,35.31,99.30,40.90,6.20
KGZ,2005,5162640,2460246766,476.55,67.96,1.09,28.00,10.53,32.60,35.30,99.40,39.20,7.45
KGZ,2006,5218373,2834168889,543.11,67.70,1.07,27.80,12.31,37.40,35.30,98.90,37.60,8.31
KGZ,2007,5268385,3802570553,721.77,67.90,1.28,24.50,14.03,33.90,35.30,99.50,35.90,6.93
KGZ,2008,5318729,5139958909,966.39,68.45,1.47,22.00,15.70,31.50,35.29,99.50,33.80,6.53
KGZ,2009,5389643,4690061381,870.20,69.10,1.31,24.70,16.00,29.90,35.28,99.50,31.60,6.90
KGZ,2010,5467059,4794361863,876.95,69.30,1.21,25.60,16.30,30.10,35.27,99.00,29.50,6.95
KGZ,2011,5546587,6197765984,1117.40,69.60,1.43,26.00,17.50,27.80,35.25,98.30,27.60,7.11
KGZ,2012,5652076,6605142884,1168.62,70.00,1.85,22.40,19.80,27.40,35.22,99.80,26.00,8.51
KGZ,2013,5777150,7335033801,1269.66,70.20,1.68,24.80,23.00,28.80,35.19,98.90,24.70,8.19
KGZ,2014,5905848,7468102413,1264.53,70.40,1.68,26.60,28.30,26.80,35.15,99.80,23.50,7.36
KGZ,2015,6040036,6678177512,1105.65,70.65,1.71,23.50,30.25,29.00,35.10,98.70,22.30,7.15
KGZ,2016,6175338,6813095379,1103.27,70.95,1.58,22.20,40.53,26.80,35.05,99.70,21.10,6.41
KGZ,2017,6306696,7702938379,1221.39,71.20,1.53,24.70,50.81,27.30,35.00,100.00,20.00,6.19
KGZ,2018,6444079,8271106235,1283.52,71.40,1.78,23.40,62.80,27.70,34.94,100.00,19.00,5.01
KGZ,2019,6590211,9371275264,1422.00,71.60,1.55,28.30,64.10,29.70,34.88,99.90,18.30,4.25
KGZ,2020,6726596,8270468614,1229.52,71.80,1.38,30.00,72.00,29.00,34.82,99.90,17.80,4.94
KGZ,2021,6851224,9249133946,1350.00,71.90,1.53,27.60,77.12,28.80,34.75,99.70,17.50,5.35
KGZ,2022,6975220,12134931018,1739.72,72.05,1.51,,84.19,26.40,34.70,99.70,17.30,5.05
KGZ,2023,7099750,15180842369,2138.22,72.25,1.44,,91.04,27.20,34.71,100.00,17.00,4.50
KHM,2000,12462336,3694168979,296.43,59.49,0.16,81.60,0.05,,18.62,16.60,105.20,6.48
KHM,2001,12658484,4145665970,327.50,60.46,0.17,80.50,0.08,,18.72,9.50,96.00,6.76
KHM,2002,12855241,4501227627,350.15,61.40,0.17,81.00,0.23,,18.80,13.10,86.20,6.92
KHM,2003,13050968,5046693484,386.69,62.35,0.19,79.90,0.26,,18.89,19.30,77.50,6.46
KHM,2004,13244731,5883297160,444.20,63.26,0.18,80.70,0.30,,18.98,14.20,70.40,6.49
KHM,2005,13439202,7066296463,525.80,64.11,0.20,79.20,0.32,,19.09,20.50,64.40,6.15
KHM,2006,13639028,8350531017,612.25,64.89,0.22,78.00,0.47,,19.23,27.50,59.30,5.36
KHM,2007,13841770,10127916460,731.69,65.55,0.27,74.80,0.49,,19.40,20.20,54.90,4.43
KHM,2008,14053479,12174303999,866.28,66.15,0.29,74.10,0.51,,19.66,26.40,50.80,5.61
KHM,2009,14276810,12502901170,875.75,66.75,0.34,68.00,0.53,,20.20,25.60,47.00,6.31
KHM,2010,14500726,13808673288,952.27,67.31,0.36,64.80,1.26,,21.12,31.10,43.50,5.63
KHM,2011,14722584,16032622024,1088.98,67.87,0.36,64.00,3.10,,22.38,37.40,40.30,6.00
KHM,2012,14945085,17826536700,1192.80,68.37,0.38,64.40,4.94,,23.94,42.30,37.20,5.78
KHM,2013,15170208,19807135253,1305.66,68.76,0.38,65.00,6.00,,25.76,50.90,34.50,5.01
KHM,2014,15396772,22041463968,1431.56,69.12,0.46,63.70,14.00,,27.82,56.10,32.00,4.41
KHM,2015,15623251,24174170369,1547.32,69.40,0.55,60.60,6.43,,30.07,62.70,29.60,4.54
KHM,2016,15852803,26556545153,1675.20,69.64,0.67,58.00,32.40,,32.48,68.80,27.50,4.49
KHM,2017,16073372,29355665910,1826.35,69.84,0.74,56.30,32.90,,35.01,89.10,25.60,4.27
KHM,2018,16274522,33145892169,2036.67,69.99,0.76,58.10,65.00,,37.64,80.70,24.10,4.50
KHM,2019,16481304,36685356408,2225.88,70.13,0.95,53.00,52.31,,39.58,84.00,22.80,5.06
KHM,2020,16725474,34818073901,2081.74,70.06,1.11,51.40,56.38,,39.83,86.40,21.80,5.13
KHM,2021,16974305,36790163687,2167.40,69.30,1.09,52.40,60.76,,40.11,82.50,20.80,6.34
KHM,2022,17201724,39994532960,2325.03,70.53,1.07,,65.49,,40.37,92.30,19.90,4.47
KHM,2023,17423880,42335646896,2429.75,70.67,1.09,,68.93,,40.63,95.00,19.10,4.62
KIR,2000,88613,74910527,845.37,64.67,0.37,54.70,1.79,,43.33,55.60,65.80,7.77
KIR,2001,90335,64935850,718.83,64.92,0.32,56.40,2.34,,43.48,57.30,64.10,11.91
KIR,2002,92264,74743869,810.11,65.12,0.47,53.00,2.50,,43.50,59.00,62.50,11.44
KIR,2003,94175,96105619,1020.50,65.29,0.47,50.50,3.00,,43.51,60.70,61.40,10.05
KIR,2004,96085,104085892,1083.27,65.42,0.48,50.50,3.50,,43.52,62.40,60.70,12.17
KIR,2005,98035,113895437,1161.78,65.52,0.63,48.50,4.00,,43.54,69.70,60.10,11.36
KIR,2006,100017,112338353,1123.19,65.60,0.66,48.10,4.50,37.00,43.73,68.80,59.70,11.31
KIR,2007,102068,138054946,1352.58,65.68,0.60,48.40,6.00,,44.62,67.70,59.20,10.95
KIR,2008,104222,147017895,1410.62,65.75,0.66,49.70,7.00,,45.95,69.40,58.70,13.51
KIR,2009,106467,140177384,1316.63,65.81,0.55,50.40,8.97,,47.35,64.20,58.20,12.74
KIR,2010,108704,165458433,1522.10,65.86,0.56,50.10,9.07,,48.46,63.20,57.70,8.77
KIR,2011,110647,195970140,1771.13,65.90,0.52,50.50,10.00,,49.12,74.90,57.50,7.99
KIR,2012,112284,207001546,1843.55,65.91,0.50,48.70,10.75,,49.58,76.70,57.40,7.95
KIR,2013,113838,201730861,1772.09,65.90,0.53,46.20,11.50,,49.97,78.80,57.70,8.71
KIR,2014,115326,200287282,1736.71,65.87,0.53,48.00,12.25,,50.39,83.40,58.00,8.95
KIR,2015,116815,191559399,1639.85,65.83,0.53,47.50,14.90,,50.95,90.60,58.60,7.22
KIR,2016,118478,206467819,1742.67,65.80,0.57,48.10,19.42,,51.77,92.60,59.10,9.04
KIR,2017,120275,223029865,1854.33,65.79,0.57,42.50,25.31,,52.97,85.70,59.60,9.68
KIR,2018,122084,233859230,1915.56,65.81,0.62,42.30,32.99,,54.50,87.50,59.60,10.90
KIR,2019,123921,216891541,1750.24,65.87,0.61,42.20,41.79,27.80,56.28,89.30,59.10,10.17
KIR,2020,126099,220909307,1751.87,65.21,0.58,42.20,52.95,,58.41,91.00,58.30,13.66
KIR,2021,128377,285451584,2223.54,64.15,0.63,42.20,67.09,,59.64,92.80,57.20,11.83
KIR,2022,130469,271214375,2078.76,66.27,0.58,41.90,85.00,,60.57,94.40,55.90,10.53
KIR,2023,132530,291657338,2200.69,66.47,0.57,,88.00,24.70,61.52,95.90,54.50,10.95
KNA,2000,45248,421695770,9319.66,69.25,1.10,26.40,5.86,,32.76,95.40,23.90,4.80
KNA,2001,45761,458643829,10022.59,69.77,1.11,26.00,7.71,,32.60,93.50,22.90,4.40
KNA,2002,46020,481077374,10453.66,70.19,1.26,24.30,21.15,,32.44,95.80,22.00,4.45
KNA,2003,46176,469869870,10175.63,70.61,1.31,26.30,22.97,,32.28,96.00,21.10,4.75
KNA,2004,46315,506900000,10944.62,70.92,1.41,22.00,24.74,,32.13,96.30,20.30,4.49
KNA,2005,46437,547203704,11783.79,71.15,1.31,25.30,34.00,,31.98,96.50,19.70,4.73
KNA,2006,46569,644414815,13837.85,71.36,1.49,0.00,38.50,,31.84,96.70,19.20,4.98
KNA,2007,46706,689285185,14757.96,71.44,1.64,0.00,43.50,,31.70,97.00,18.90,4.80
KNA,2008,46835,777692593,16604.94,71.48,1.72,0.00,49.20,,31.56,97.30,18.80,5.31
KNA,2009,46916,774274074,16503.41,71.49,1.93,0.00,55.70,,31.43,97.60,18.70,5.29
KNA,2010,46846,778718519,16622.95,71.45,2.11,1.00,63.00,,31.31,99.80,18.80,5.22
KNA,2011,46886,836092593,17832.46,71.40,1.66,0.90,63.20,,31.20,100.00,18.90,5.17
KNA,2012,47033,824585185,17532.06,71.36,1.70,1.30,64.00,,31.20,100.00,19.10,5.02
KNA,2013,47069,874548148,18580.13,71.29,1.93,1.40,64.60,,31.21,100.00,19.30,5.05
KNA,2014,47089,952111111,20219.40,71.23,2.07,1.60,65.38,,31.23,100.00,19.40,4.75
KNA,2015,47087,957222222,20328.80,71.21,2.16,1.60,66.17,,31.25,100.00,19.40,5.13
KNA,2016,47075,1006818519,21387.54,71.23,2.37,1.70,66.97,,31.28,100.00,19.30,5.43
KNA,2017,47050,1056977778,22464.99,71.28,2.21,1.30,67.78,,31.32,100.00,19.00,5.27
KNA,2018,47008,1076548148,22901.38,71.34,2.36,1.30,68.60,,31.36,100.00,18.60,4.90
KNA,2019,46952,1107855556,23595.49,71.54,2.77,1.30,69.43,,31.41,100.00,18.20,5.19
KNA,2020,46870,883922222,18859.02,71.18,2.55,1.60,70.28,,31.47,100.00,17.80,5.66
KNA,2021,46763,858622222,18361.14,69.27,2.48,1.60,74.37,,31.54,100.00,17.30,6.17
KNA,2022,46709,981429630,21011.57,70.31,2.79,1.50,75.76,,31.62,100.00,16.80,5.53
KNA,2023,46758,1055651852,22576.92,72.15,2.79,,76.59,,31.70,100.00,16.40,5.74
KOR,2000,47008111,597487173479,12710.30,75.91,9.92,0.70,44.70,,79.58,100.00,7.60,3.72
KOR,2001,47370164,567564806235,11981.48,76.41,10.07,0.70,56.60,,79.88,100.00,7.20,4.17
KOR,2002,47644736,650014391470,13642.94,76.77,10.38,0.70,59.40,,80.28,100.00,6.80,3.91
KOR,2003,47892330,728516494684,15211.55,77.21,10.50,0.80,65.50,,80.71,100.00,6.40,4.47
KOR,2004,48082519,823251107639,17121.63,77.67,10.80,0.80,72.70,,81.10,100.00,6.00,4.43
KOR,2005,48184561,971740329984,20167.05,78.17,10.71,0.90,73.50,,81.39,100.00,5.60,4.65
KOR,2006,48438292,1095175538508,22609.71,78.67,10.81,0.90,78.10,31.70,81.57,100.00,5.20,4.96
KOR,2007,48683638,1220911904593,25078.49,79.12,11.11,1.00,78.80,,81.71,100.00,4.80,4.96
KOR,2008,49054708,1091580692542,22252.31,79.52,11.26,1.10,81.00,32.30,81.84,100.00,4.50,5.25
KOR,2009,49307835,983065242417,19937.30,79.97,11.28,1.20,81.60,,81.92,100.00,4.30,5.69
KOR,2010,49554112,1192830015738,24071.26,80.12,12.37,1.30,83.70,32.00,81.97,100.00,4.10,5.79
KOR,2011,49936638,1307103477219,26175.24,80.57,12.97,1.40,83.76,,81.96,100.00,4.00,5.90
KOR,2012,50199853,1335343586438,26600.55,80.82,12.85,1.60,84.07,31.60,81.91,100.00,3.80,5.96
KOR,2013,50428893,1434669686502,28449.36,81.27,12.73,1.90,84.77,,81.83,100.00,3.70,6.07
KOR,2014,50746659,1556252422020,30667.09,81.72,12.43,2.90,87.56,31.20,81.73,100.00,3.60,6.24
KOR,2015,51014947,1539212301136,30171.79,82.02,12.62,2.70,89.90,,81.64,100.00,3.50,6.46
KOR,2016,51217803,1579150518945,30832.06,82.28,12.67,2.60,92.84,35.20,81.56,100.00,3.40,6.64
KOR,2017,51361911,1710196756713,33296.98,82.63,12.95,2.80,95.07,34.90,81.47,100.00,3.30,6.80
KOR,2018,51585058,1824251454307,35363.95,82.63,13.19,3.20,96.02,33.70,81.38,100.00,3.20,7.14
KOR,2019,51764822,1751045752055,33826.94,83.23,12.65,3.20,96.16,33.20,81.29,100.00,3.10,7.69
KOR,2020,51836239,1744070276373,33645.77,83.43,11.91,3.60,96.51,32.70,81.18,100.00,3.10,8.03
KOR,2021,51769539,1942313560966,37518.46,83.53,12.34,3.60,97.57,32.90,81.16,100.00,3.00,8.34
KOR,2022,51672569,1799363116867,34822.40,82.68,11.87,,97.17,,81.16,100.00,2.90,8.86
KOR,2023,51712619,1844800934392,35674.10,83.43,11.42,,97.42,,81.16,100.00,2.90,8.57
KWT,2000,1954709,37718743480,19296.35,76.23,28.66,0.00,6.73,,99.00,100.00,12.70,2.20
KWT,2001,2008121,34889559870,17374.23,76.38,29.32,0.00,8.55,,99.23,100.00,12.50,3.19
KWT,2002,2059974,38135788414,18512.75,76.53,29.89,0.00,10.25,,99.51,100.00,12.30,3.12
KWT,2003,2109881,47874582232,22690.66,76.64,30.77,0.00,22.40,,99.77,100.00,12.20,2.76
KWT,2004,2157320,59439090601,27552.28,76.73,31.98,0.00,22.93,,99.95,100.00,12.00,2.36
KWT,2005,2236788,80798630137,36122.61,76.80,34.53,0.00,25.93,,100.00,100.00,11.80,2.01
KWT,2006,2364733,101557330723,42946.64,76.89,33.80,0.00,28.79,,100.00,100.00,11.60,1.82
KWT,2007,2507887,114634043362,45709.41,77.01,31.19,0.00,34.80,,100.00,100.00,11.40,1.93
KWT,2008,2651421,147379737230,55585.19,77.19,31.54,0.00,42.00,,100.00,100.00,11.20,1.92
KWT,2009,2795484,105968691905,37907.10,77.43,30.52,0.00,50.80,,100.00,100.00,11.00,2.71
KWT,2010,2943372,115416245242,39212.25,77.73,29.50,0.00,61.40,,100.00,100.00,10.70,2.68
KWT,2011,3132814,154039231246,49169.61,78.05,29.33,0.00,65.77,,100.00,100.00,10.30,2.33
KWT,2012,3337109,174047662680,52155.22,78.40,27.56,0.00,70.45,,100.00,100.00,10.00,2.33
KWT,2013,3507844,174168116535,49651.04,78.74,26.76,0.00,75.46,,100.00,100.00,9.60,2.49
KWT,2014,3665876,162650450685,44368.78,79.08,25.19,0.00,78.70,,100.00,100.00,9.30,2.92
KWT,2015,3834574,114585555689,29882.21,79.38,24.93,0.00,82.00,,100.00,100.00,9.10,4.21
KWT,2016,4004096,109406674125,27323.69,79.68,24.57,0.00,85.60,,100.00,100.00,9.00,4.73
KWT,2017,4154812,120687539806,29047.65,79.92,23.46,0.00,98.00,,100.00,100.00,8.90,4.65
KWT,2018,4323515,138646316351,32067.96,80.11,22.92,0.00,99.60,,100.00,100.00,8.90,5.17
KWT,2019,4442316,140856394861,31707.87,81.97,21.80,0.10,99.54,,100.00,100.00,8.90,5.18
KWT,2020,4400267,111045470606,25236.08,78.76,21.12,0.10,99.11,,100.00,100.00,8.80,6.11
KWT,2021,4360865,148350671489,34018.63,78.74,22.91,0.10,99.70,,100.00,100.00,8.70,5.37
KWT,2022,4589643,183502046694,39981.77,80.59,22.36,,99.75,,100.00,100.00,8.60,4.20
KWT,2023,4853420,165462656227,34091.97,83.19,22.70,,99.75,,100.00,100.00,8.40,4.96
LAO,2000,5431212,1731198022,318.75,58.32,0.17,81.50,0.11,,22.18,42.60,100.10,4.28
LAO,2001,5521482,1768619058,320.32,58.89,0.19,81.10,0.18,,23.37,45.30,95.60,4.29
LAO,2002,5610889,1758176653,313.35,59.30,0.21,80.20,0.27,32.60,24.52,46.30,91.10,3.70
LAO,2003,5697945,2023324407,355.10,59.64,0.21,78.70,0.33,,25.59,48.00,86.60,4.48
LAO,2004,5781626,2366398120,409.30,60.08,0.22,74.00,0.36,,26.54,53.50,82.10,3.54
LAO,2005,5869523,2735558735,466.06,60.69,0.22,73.90,0.85,,27.32,57.20,77.70,3.34
LAO,2006,5963200,3455030061,579.39,61.07,0.29,69.80,1.17,,28.04,57.00,73.50,2.93
LAO,2007,6056236,4223152739,697.32,61.69,0.30,70.70,1.64,35.40,28.73,55.00,69.50,3.13
LAO,2008,6148969,5446433157,885.75,62.25,0.34,69.30,3.55,,29.40,66.00,65.50,2.77
LAO,2009,6241642,5836137330,935.03,63.02,0.42,66.40,6.00,,30.04,67.40,61.80,3.46
LAO,2010,6334194,7131771015,1125.92,63.69,0.47,64.80,7.00,,30.65,70.20,58.40,2.91
LAO,2011,6426590,8750104617,1361.55,64.51,0.49,63.60,9.00,,31.21,70.00,55.10,1.94
LAO,2012,6518978,10192846339,1563.57,65.13,0.51,62.40,10.75,36.00,31.74,76.40,52.10,2.08
LAO,2013,6611385,11983252627,1812.52,65.72,0.60,58.60,12.50,,32.23,79.30,49.40,2.40
LAO,2014,6703172,13279245886,1981.04,66.35,0.65,58.20,14.26,,32.66,82.50,46.80,2.30
LAO,2015,6801645,14426380126,2121.01,66.69,1.31,53.30,18.20,,33.12,89.70,44.40,2.45
LAO,2016,6908802,15912501723,2303.22,67.01,2.30,51.70,21.87,,33.83,89.00,42.20,2.36
LAO,2017,7018147,17071155481,2432.43,67.35,2.74,50.60,25.51,,34.51,93.60,40.20,2.53
LAO,2018,7128045,18141641090,2545.11,67.59,2.79,50.20,36.27,38.80,35.21,92.90,38.30,2.25
LAO,2019,7237636,18740561513,2589.32,67.91,2.68,50.50,47.03,,35.91,98.40,36.50,2.60
LAO,2020,7346533,18981805250,2583.78,68.34,2.65,50.60,54.00,,36.62,99.30,34.80,2.06
LAO,2021,7453194,18827148531,2526.05,67.81,3.20,51.50,62.00,,37.34,100.00,33.20,2.74
LAO,2022,7559007,15468785204,2046.40,68.72,3.18,49.20,64.54,,38.07,100.00,31.80,2.02
LAO,2023,7664993,15843155731,2066.95,68.96,3.36,,64.40,,38.81,96.50,30.50,1.33
LBN,2000,4329340,17260364842,3986.84,73.90,3.54,4.90,7.95,,86.00,99.30,20.00,10.83
LBN,2001,4401918,17649751244,4009.56,74.35,3.75,4.60,6.78,,86.15,99.30,18.90,10.56
LBN,2002,4463504,19152238806,4290.85,74.84,3.69,5.70,7.00,,86.29,99.30,18.00,9.28
LBN,2003,4525508,20082918740,4437.72,75.28,3.64,7.00,8.00,,86.45,99.20,17.00,8.67
LBN,2004,4599279,21159827992,4600.68,75.69,3.63,6.10,9.00,,86.60,99.90,16.10,8.00
LBN,2005,4671102,21497336499,4602.20,76.07,3.55,6.40,10.14,,86.77,99.20,15.30,7.55
LBN,2006,4751136,22022709851,4635.25,75.68,3.40,6.40,15.00,,86.93,99.40,14.60,8.66
LBN,2007,4844118,24827355015,5125.26,76.73,3.09,7.30,18.74,,87.10,97.80,14.10,8.56
LBN,2008,4925354,29118916105,5912.05,76.96,3.72,5.10,22.53,,87.28,99.90,13.60,7.82
LBN,2009,4992287,35399582929,7090.85,77.26,4.32,4.30,30.14,,87.46,99.30,13.20,7.01
LBN,2010,5041288,38443907042,7625.81,77.53,4.10,5.70,43.68,,87.64,99.50,13.00,7.44
LBN,2011,5096020,39927125962,7834.96,77.77,4.12,6.20,52.00,31.80,87.83,99.70,12.80,8.18
LBN,2012,5235742,44016799516,8406.98,77.94,4.48,5.60,61.25,,88.02,99.50,12.70,7.00
LBN,2013,5743436,46880103081,8162.38,78.04,4.02,5.90,70.50,,88.22,99.60,12.70,7.07
LBN,2014,6346990,48095213747,7577.64,78.15,3.93,4.20,73.00,,88.42,99.70,12.80,7.52
LBN,2015,6472469,49929337837,7714.11,78.28,4.16,4.20,74.00,,88.62,99.70,12.90,7.42
LBN,2016,6323060,51147308774,8089.01,78.31,4.41,4.00,76.11,,88.84,99.80,13.20,7.92
LBN,2017,6160128,53027680686,8608.21,78.19,4.76,4.00,78.18,,89.05,99.90,13.50,7.80
LBN,2018,5984119,54901519156,9174.54,78.26,4.59,4.70,80.90,,89.27,99.70,14.00,8.07
LBN,2019,5794594,51605959131,8905.88,78.21,4.66,5.10,81.48,,89.50,100.00,14.50,8.69
LBN,2020,5702398,31712128254,5561.19,76.30,3.83,6.30,82.07,,89.73,100.00,15.10,7.48
LBN,2021,5718122,23131941557,4045.37,73.65,2.92,6.80,82.66,,89.97,100.00,15.70,4.40
LBN,2022,5744489,20992421949,3654.36,78.00,1.82,,81.46,35.50,90.21,100.00,16.30,4.91
LBN,2023,5773493,20078620357,3477.72,77.82,1.87,,81.71,,90.45,100.00,17.00,5.57
LBR,2000,2928117,874000000,298.49,51.85,0.14,91.30,0.02,,43.77,,194.90,2.69
LBR,2001,3015338,906000000,300.46,53.11,0.15,91.60,0.03,,44.15,,181.70,2.16
LBR,2002,3094782,927000000,299.54,54.06,0.15,91.10,0.03,,44.57,,168.60,2.16
LBR,2003,3119532,748000000,239.78,53.05,0.16,90.30,0.03,,45.00,,156.20,2.52
LBR,2004,3156892,897000000,284.14,55.95,0.17,89.60,0.03,,45.43,,144.80,5.91
LBR,2005,3301015,949000000,287.49,56.77,0.21,87.80,0.55,,45.85,,134.90,6.69
LBR,2006,3490787,1119000000,320.56,57.50,0.21,87.60,0.53,,46.23,,126.50,5.77
LBR,2007,3669050,1373000000,374.21,58.15,0.18,89.80,0.55,36.40,46.61,3.00,119.60,4.33
LBR,2008,3821003,1726000000,451.71,58.68,0.15,91.80,0.53,,47.11,1.30,114.00,6.00
LBR,2009,3943028,1768000000,448.39,59.11,0.13,91.80,2.00,,47.62,1.90,109.50,8.99
LBR,2010,4058890,1998000000,492.25,59.36,0.20,88.60,2.30,,48.14,5.30,105.70,8.44
LBR,2011,4221178,2398000000,568.09,59.49,0.21,87.10,2.50,,48.66,4.10,102.40,8.58
LBR,2012,4373043,2791614000,638.37,59.79,0.22,86.20,2.60,,49.18,9.30,99.50,7.63
LBR,2013,4470239,3177198100,710.74,59.99,0.20,87.50,3.20,,49.70,9.80,97.00,7.16
LBR,2014,4564293,3225652000,706.71,59.21,0.26,91.20,5.41,33.20,50.22,9.40,97.00,8.10
LBR,2015,4659431,3227075700,692.59,59.25,0.26,91.90,10.00,,50.74,15.20,93.20,10.38
LBR,2016,4755608,3398419600,714.61,60.48,0.29,92.80,15.70,35.30,51.27,17.70,91.50,9.89
LBR,2017,4848925,3390703400,699.27,60.78,0.25,93.60,16.30,,51.80,24.20,90.30,9.91
LBR,2018,4944726,3422754800,692.20,61.00,0.13,94.40,17.28,,52.32,22.80,89.40,10.44
LBR,2019,5043721,3319596500,658.16,61.23,0.20,89.70,19.90,,52.86,23.10,88.70,8.38
LBR,2020,5149463,3176126300,616.79,61.27,0.16,93.00,22.91,,53.39,27.60,88.30,12.91
LBR,2021,5259323,3513049500,667.97,61.17,0.16,93.20,26.38,,53.92,29.80,88.00,13.27
LBR,2022,5373294,4001047000,744.62,61.93,0.16,92.80,30.38,,54.46,31.80,87.80,13.59
LBR,2023,5493031,4390000000,799.19,62.16,0.15,,31.22,,55.00,32.50,87.30,13.01
LBY,2000,5305021,38270954138,7214.10,70.54,9.29,2.00,0.19,,86.95,99.80,28.10,3.32
LBY,2001,5403639,34112093927,6312.80,70.65,9.02,2.90,0.37,,87.32,96.90,27.30,3.93
LBY,2002,5508410,20481889764,3718.29,70.79,9.06,2.90,2.24,,87.63,95.20,26.50,4.74
LBY,2003,5619398,26265625000,4674.10,71.00,9.57,2.90,2.81,,87.87,93.50,25.50,3.97
LBY,2004,5736693,33122307692,5773.76,71.21,9.28,2.80,3.53,,88.04,91.80,24.40,3.38
LBY,2005,5858798,47334691241,8079.25,71.44,9.85,2.70,3.92,,88.14,90.10,23.10,2.52
LBY,2006,5980211,60094231607,10048.85,71.63,9.61,2.90,4.30,,88.16,88.40,21.70,2.30
LBY,2007,6104380,68032978391,11144.94,71.79,8.80,3.10,4.72,,88.16,86.80,20.20,2.42
LBY,2008,6235430,86710767415,13906.14,71.94,9.16,2.90,9.00,,88.15,85.10,18.80,2.24
LBY,2009,6366686,60808562033,9551.05,72.07,9.47,2.60,10.80,,88.13,83.50,17.60,3.58
LBY,2010,6497839,75380825062,11600.91,72.20,9.80,2.50,14.00,,88.12,81.90,16.60,3.28
LBY,2011,6343203,48169263294,7593.84,69.95,6.97,3.20,14.00,,88.10,80.30,19.60,4.02
LBY,2012,6179328,92540938129,14975.89,72.19,10.17,2.60,15.20,,88.07,78.70,15.00,3.96
LBY,2013,6304628,75351107029,11951.71,72.34,9.93,2.40,16.50,,88.05,77.10,14.40,4.98
LBY,2014,6427252,57372355592,8926.42,71.30,9.62,2.30,17.76,,88.01,75.50,13.80,5.18
LBY,2015,6531819,48717501321,7458.49,71.64,8.34,2.90,25.00,,87.82,73.80,13.30,5.81
LBY,2016,6632126,49912073701,7525.80,71.80,7.71,2.80,35.00,,87.82,72.20,12.80,6.17
LBY,2017,6738770,67157452182,9965.83,72.72,8.22,2.90,47.50,,87.82,70.60,12.40,4.68
LBY,2018,6849055,76686029772,11196.59,73.15,8.36,2.90,47.50,,87.82,67.00,11.90,4.87
LBY,2019,6951033,69254496472,9963.19,72.94,8.27,3.00,71.40,,87.82,68.50,11.60,5.55
LBY,2020,7045399,46854285441,6650.34,72.39,6.49,3.20,74.36,,87.83,69.40,11.20,7.11
LBY,2021,7135175,35217995647,4935.83,72.06,8.18,3.10,77.44,,87.84,70.20,10.80,6.05
LBY,2022,7223805,43246297922,5986.64,74.46,8.05,,80.65,,87.85,70.00,10.40,4.74
LBY,2023,7305659,44027664915,6026.52,69.34,8.65,,82.10,,87.86,73.20,31.70,7.81
LCA,2000,158616,932592593,5879.56,70.78,0.61,24.00,5.09,,27.85,86.00,18.50,4.87
LCA,2001,160237,892592593,5570.45,71.37,0.65,22.20,8.18,,27.52,89.90,18.40,5.12
LCA,2002,161641,900000000,5567.89,71.71,0.60,21.70,14.64,,26.94,87.70,18.40,5.39
LCA,2003,162976,987407407,6058.61,72.19,0.70,20.00,20.98,,26.01,88.50,18.40,5.24
LCA,2004,164239,1066666667,6494.60,72.45,0.67,18.40,21.40,,24.85,89.30,18.50,4.77
LCA,2005,165450,1135555556,6863.44,72.54,0.70,18.40,21.57,,23.54,90.10,18.50,4.86
LCA,2006,166639,1268319185,7611.18,72.79,0.77,16.90,24.50,,22.20,90.90,18.60,5.13
LCA,2007,167758,1336088815,7964.38,72.86,0.82,16.30,27.90,,20.93,91.80,18.60,5.54
LCA,2008,168808,1437731111,8516.96,72.96,0.89,15.50,30.00,,19.82,92.70,18.70,5.09
LCA,2009,169869,1401507889,8250.52,72.95,0.95,15.10,31.00,,18.98,93.50,18.80,5.24
LCA,2010,170906,1482385185,8673.69,72.77,1.07,13.20,32.50,,18.51,94.20,18.80,5.05
LCA,2011,171801,1568370370,9128.99,72.96,0.82,12.90,34.00,,18.47,95.40,18.80,5.06
LCA,2012,172587,1598207407,9260.30,72.86,0.85,12.40,45.87,,18.62,95.30,18.80,4.93
LCA,2013,173369,1660392593,9577.22,72.69,0.96,12.10,49.39,,18.93,97.20,18.80,5.07
LCA,2014,174138,1749185185,10044.82,72.68,1.02,11.70,53.18,,19.39,98.10,18.80,4.68
LCA,2015,174905,1807640741,10334.99,72.93,1.04,11.50,57.26,43.70,20.02,99.00,18.70,4.58
LCA,2016,175646,1868544444,10638.13,72.55,1.12,11.20,58.22,,20.82,99.80,18.60,4.51
LCA,2017,176342,1998503704,11333.11,72.52,1.11,10.20,59.16,,21.78,99.90,18.50,4.46
LCA,2018,177017,2060955556,11642.70,72.66,1.46,10.20,60.11,,22.93,100.00,18.40,4.27
LCA,2019,177661,2090074074,11764.39,72.25,1.66,10.00,61.08,,24.25,100.00,18.20,4.29
LCA,2020,178250,1521740741,8537.11,72.31,1.56,10.00,62.06,,25.75,100.00,18.10,7.01
LCA,2021,178522,1871111111,10481.12,69.12,1.58,9.70,63.06,,27.44,100.00,17.90,6.26
LCA,2022,178781,2319888889,12976.15,72.67,1.66,9.70,66.95,,29.10,100.00,17.70,4.75
LCA,2023,179285,2441259259,13616.64,72.70,1.66,,67.44,,29.10,100.00,17.50,4.73
LCN,2000,520272118,2326960808220,4472.58,70.87,2.60,28.50,,,75.57,91.74,32.70,6.37
LCN,2001,527572583,2282616598587,4326.64,71.15,2.56,27.92,,,75.98,92.33,31.00,6.44
LCN,2002,534691591,2052785896654,3839.20,71.56,2.53,28.53,,,76.35,92.66,29.50,6.30
LCN,2003,541643365,2091901149500,3862.14,71.88,2.56,29.04,,,76.69,92.74,28.10,6.52
LCN,2004,548455563,2405470324871,4385.90,72.20,2.64,28.87,,,77.00,93.22,26.80,6.60
LCN,2005,555120780,2903225604298,5229.90,72.56,2.70,28.94,16.60,,77.27,93.52,25.60,6.69
LCN,2006,561751999,3397326624081,6047.73,72.83,2.73,28.99,20.70,,77.50,94.26,24.60,6.73
LCN,2007,568345245,3998763226331,7035.80,73.06,2.79,29.08,23.70,,77.73,94.48,23.60,6.89
LCN,2008,574908733,4644092806763,8077.97,73.26,2.83,29.19,26.40,,77.95,95.22,22.70,6.95
LCN,2009,581388129,4357538710237,7495.06,73.44,2.71,30.03,31.00,,78.16,95.43,21.80,7.51
LCN,2010,587752505,5397655976518,9183.55,73.41,2.88,29.07,34.60,,78.37,95.88,22.70,7.22
LCN,2011,594086829,6139314989246,10334.04,73.92,2.94,28.50,39.30,,78.57,96.18,20.40,7.14
LCN,2012,600420316,6201531036318,10328.65,74.16,3.05,27.94,43.00,,78.77,96.57,19.80,7.14
LCN,2013,606683307,6252125316235,10305.42,74.38,3.08,27.74,46.10,,78.98,96.86,19.20,7.30
LCN,2014,612849401,6218059801942,10146.15,74.56,3.06,27.72,48.70,,79.19,97.05,18.70,7.45
LCN,2015,618868462,5289417937086,8546.92,74.74,3.01,28.24,54.40,,79.40,97.28,18.30,7.80
LCN,2016,624737786,5148783766945,8241.51,74.68,2.92,28.89,57.50,,79.62,97.48,18.50,7.87
LCN,2017,630414986,5715231248363,9065.82,74.83,2.88,29.41,60.20,,79.83,97.71,17.80,8.05
LCN,2018,635778081,5581213957025,8778.56,75.05,2.78,30.25,63.50,,80.02,97.76,17.40,7.81
LCN,2019,640962372,5473792638347,8539.96,75.20,2.76,30.62,67.80,,80.23,98.00,17.00,7.87
LCN,2020,645498187,4627829769474,7169.39,73.19,2.45,34.20,73.80,,80.44,98.15,16.70,8.36
LCN,2021,649236092,5383564425117,8292.15,71.81,2.64,,75.80,,80.63,98.28,16.40,8.30
LCN,2022,653108131,6147092422712,9412.06,74.65,2.64,,77.10,,80.83,98.58,16.00,7.95
LCN,2023,657616519,6909980461601,10507.61,75.64,2.66,,80.00,,81.04,98.42,15.70,7.94
LDC,2000,673273787,224564439989,333.54,55.40,0.18,83.82,,,25.29,20.23,135.45,3.05
LDC,2001,689505567,216586451094,314.12,55.99,0.19,83.04,,,25.70,21.00,131.33,3.44
LDC,2002,706880665,238997145476,338.10,56.54,0.19,82.61,,,26.12,22.98,124.04,3.63
LDC,2003,724713713,270939943316,373.86,57.17,0.20,81.42,,,26.56,24.52,118.42,3.84
LDC,2004,742302769,311792443178,420.03,57.71,0.21,80.99,,,27.03,24.91,113.52,4.02
LDC,2005,760310134,370634107575,487.48,58.31,0.21,80.76,0.70,,27.51,26.27,105.84,3.96
LDC,2006,778789026,430668720016,553.00,59.02,0.22,80.10,1.00,,28.00,29.14,100.46,4.10
LDC,2007,797076099,517201448592,648.87,59.61,0.23,78.85,1.80,,28.46,29.35,95.87,4.16
LDC,2008,815835455,635498688013,778.95,59.81,0.24,78.17,2.20,,28.99,30.74,92.82,4.04
LDC,2009,835266189,628091006955,751.97,60.57,0.25,77.04,2.60,,29.47,32.14,90.20,4.31
LDC,2010,854941316,711177667873,831.84,61.04,0.27,75.90,3.30,,29.93,33.02,85.69,4.00
LDC,2011,875269186,810040727730,925.48,61.50,0.28,75.29,4.00,,30.36,34.50,85.41,3.89
LDC,2012,896237933,849501067175,947.85,62.23,0.29,74.12,4.80,,30.77,37.82,78.97,3.80
LDC,2013,917783039,924587754782,1007.41,62.73,0.30,73.45,6.00,,31.20,38.23,75.60,3.97
LDC,2014,939749332,993293176452,1056.98,62.96,0.32,72.80,8.20,,31.65,39.48,74.80,3.99
LDC,2015,961916563,945963113669,983.41,63.31,0.33,72.64,10.70,,32.10,42.31,72.81,4.17
LDC,2016,984757534,953366743642,968.12,63.73,0.35,71.71,13.80,,32.56,46.35,71.05,4.13
LDC,2017,1008260714,1045823616291,1037.26,64.04,0.37,70.65,16.20,,33.03,50.21,70.08,3.97
LDC,2018,1032309742,1117321176649,1082.35,64.61,0.38,69.67,19.50,,33.51,51.09,66.21,3.82
LDC,2019,1057170371,1169533458406,1106.29,64.98,0.38,69.50,21.20,,33.95,52.88,64.99,3.65
LDC,2020,1082754466,1179620504897,1089.46,64.84,0.37,70.89,24.10,,34.38,54.47,62.76,3.81
LDC,2021,1108233065,1302642870996,1175.42,64.27,0.39,,26.10,,34.81,56.11,64.19,3.92
LDC,2022,1133564482,1471699265269,1298.29,65.77,0.39,,28.20,,35.25,56.70,65.21,3.67
LDC,2023,1159744187,1459140154701,1258.16,66.52,0.38,,29.90,,35.69,58.43,59.91,3.61
LIC,2000,,,,,,,,,,,,
LIC,2001,,,,,,,,,,,,
LIC,2002,,,,,,,,,,,,
LIC,2003,,,,,,,,,,,,
LIC,2004,,,,,,,,,,,,
LIC,2005,,,,,,,,,,,,
LIC,2006,,,,,,,,,,,,
LIC,2007,,,,,,,,,,,,
LIC,2008,,,,,,,,,,,,
LIC,2009,,,,,,,,,,,,
LIC,2010,,,,,,,,,,,,
LIC,2011,,,,,,,,,,,,
LIC,2012,,,,,,,,,,,,
LIC,2013,,,,,,,,,,,,
LIC,2014,,,,,,,,,,,,
LIC,2015,,,,,,,,,,,,
LIC,2016,,,,,,,,,,,,
LIC,2017,,,,,,,,,,,,
LIC,2018,,,,,,,,,,,,
LIC,2019,,,,,,,,,,,,
LIC,2020,,,,,,,,,,,,
LIC,2021,,,,,,,,,,,,
LIC,2022,,,,,,,,,,,,
LIC,2023,,,,,,,,,,,,
LIE,2000,32645,2483889858,76087.91,76.83,,54.00,36.52,,14.99,100.00,,
LIE,2001,33194,2491800559,75067.80,79.28,,51.60,45.12,,14.90,100.00,,
LIE,2002,33694,2688618747,79795.18,79.64,,51.30,59.47,,14.81,100.00,,
LIE,2003,34079,3070803051,90108.37,79.96,,50.20,58.81,,14.73,100.00,,
LIE,2004,34447,3454373798,100280.83,81.77,,50.30,64.01,,14.66,100.00,,
LIE,2005,34753,3659319117,105295.06,80.67,,49.90,63.37,,14.59,100.00,,
LIE,2006,35037,4000102086,114167.94,80.95,,50.80,64.21,,14.54,100.00,,
LIE,2007,35262,4601429897,130492.60,81.30,,53.40,65.08,,14.49,100.00,,
LIE,2008,35473,5081479840,143249.23,82.68,,53.00,70.00,,14.46,100.00,,
LIE,2009,35742,4504375348,126024.71,81.50,,55.10,75.00,,14.43,100.00,,
LIE,2010,36022,5082337238,141089.81,81.84,,52.30,80.00,,14.42,100.00,,
LIE,2011,36312,5739706005,158066.37,81.79,,55.30,85.00,,14.41,100.00,,
LIE,2012,36657,5456102482,148842.04,82.38,,55.50,89.41,,14.41,100.00,,
LIE,2013,36984,6391708311,172823.61,82.26,,53.50,93.80,,14.42,100.00,,5.75
LIE,2014,37248,6657526980,178735.15,82.07,,55.00,95.21,,14.43,100.00,,5.64
LIE,2015,37494,6268515276,167187.16,82.66,,55.50,96.64,,14.45,100.00,,5.75
LIE,2016,37716,6237302034,165375.49,82.26,,55.80,98.09,,14.48,100.00,,5.85
LIE,2017,37962,6474308718,170547.09,83.75,,55.30,99.55,,14.51,100.00,,5.68
LIE,2018,38246,6692620692,174988.78,83.04,,56.80,,,14.56,100.00,,5.55
LIE,2019,38563,6436467007,166907.84,84.16,,56.10,93.15,,14.61,100.00,,5.78
LIE,2020,38901,6405870210,164671.09,81.66,,55.20,94.35,,14.67,100.00,,6.06
LIE,2021,39182,7912602342,201944.83,84.40,,53.60,95.57,,14.70,100.00,,5.38
LIE,2022,39493,7426856243,188055.00,84.12,,56.90,97.88,,14.69,100.00,,5.64
LIE,2023,39846,8239379403,206780.59,84.60,,,98.13,,14.68,100.00,,5.71
LKA,2000,19293054,16595882819,860.20,71.18,0.59,64.20,0.65,,14.62,70.30,16.30,4.11
LKA,2001,19600362,15749753805,803.54,71.80,0.58,62.90,0.79,,14.57,63.60,15.80,4.06
LKA,2002,19805752,16536535647,834.94,72.27,0.60,62.10,1.05,40.20,14.61,80.70,15.50,4.04
LKA,2003,19951521,18881765437,946.38,72.44,0.64,61.30,1.46,,14.73,75.00,15.20,3.65
LKA,2004,20087605,20662525941,1028.62,68.02,0.66,61.60,1.45,,14.91,76.50,29.00,4.04
LKA,2005,20216524,24405791045,1207.22,73.07,0.71,60.10,1.79,,15.17,78.10,14.00,3.88
LKA,2006,20352411,28267410543,1388.90,72.83,0.65,62.20,2.54,39.70,15.48,82.00,13.30,3.85
LKA,2007,20492545,32350238760,1578.63,72.98,0.69,60.20,3.88,,15.85,80.00,12.60,3.82
LKA,2008,20629378,40713826215,1973.58,72.56,0.64,61.60,4.82,,16.28,82.90,12.00,3.85
LKA,2009,20756435,42066224093,2026.66,70.30,0.62,63.50,5.87,36.10,16.74,87.10,21.50,4.06
LKA,2010,20879089,58636049581,2808.36,74.46,0.65,61.90,6.91,,17.25,85.30,11.20,3.74
LKA,2011,21009048,67753285882,3224.96,74.74,0.76,56.40,7.96,,17.79,87.80,10.80,3.58
LKA,2012,21169458,70447216891,3327.78,75.19,0.85,52.90,9.00,38.70,18.26,87.00,10.30,3.31
LKA,2013,20585000,76976204075,3739.43,75.55,0.72,56.90,10.04,,18.43,90.20,9.80,3.69
LKA,2014,20778000,82531125462,3972.04,75.76,0.86,54.20,10.50,,18.62,92.70,9.20,3.47
LKA,2015,20970000,85090300896,4057.72,75.99,0.94,51.30,15.26,,18.80,94.30,8.70,3.68
LKA,2016,21209000,88000210878,4149.19,76.14,1.11,45.10,22.19,39.30,18.97,97.50,8.30,3.62
LKA,2017,21453000,94369350439,4398.89,76.24,1.09,45.80,25.08,,19.15,97.50,7.90,3.33
LKA,2018,21670000,94450015983,4358.56,76.49,1.01,47.90,28.34,,19.32,99.60,7.60,3.64
LKA,2019,21803000,88998706178,4081.95,76.70,1.10,46.10,32.02,37.70,19.49,99.80,7.20,3.70
LKA,2020,21919000,84335574372,3847.60,76.93,1.03,49.30,36.18,,19.66,100.00,6.90,4.27
LKA,2021,22156000,88556699052,3996.96,76.28,1.03,48.80,44.45,,19.83,100.00,6.60,5.19
LKA,2022,22181000,74143020304,3342.64,77.30,0.94,,48.30,,19.99,100.00,6.30,3.98
LKA,2023,22037000,84080307356,3815.42,77.48,0.98,,51.20,,20.15,100.00,6.10,3.68
LMC,2000,,,,,,,,,,,,
LMC,2001,,,,,,,,,,,,
LMC,2002,,,,,,,,,,,,
LMC,2003,,,,,,,,,,,,
LMC,2004,,,,,,,,,,,,
LMC,2005,,,,,,,,,,,,
LMC,2006,,,,,,,,,,,,
LMC,2007,,,,,,,,,,,,
LMC,2008,,,,,,,,,,,,
LMC,2009,,,,,,,,,,,,
LMC,2010,,,,,,,,,,,,
LMC,2011,,,,,,,,,,,,
LMC,2012,,,,,,,,,,,,
LMC,2013,,,,,,,,,,,,
LMC,2014,,,,,,,,,,,,
LMC,2015,,,,,,,,,,,,
LMC,2016,,,,,,,,,,,,
LMC,2017,,,,,,,,,,,,
LMC,2018,,,,,,,,,,,,
LMC,2019,,,,,,,,,,,,
LMC,2020,,,,,,,,,,,,
LMC,2021,,,,,,,,,,,,
LMC,2022,,,,,,,,,,,,
LMC,2023,,,,,,,,,,,,
LSO,2000,2003913,887291688,442.78,48.78,0.18,56.70,0.21,,19.33,4.30,108.30,5.16
LSO,2001,2000853,825706961,412.68,47.15,0.18,56.50,0.26,,19.90,1.30,110.30,6.59
LSO,2002,1994679,775777239,388.92,45.95,0.19,56.20,1.08,51.20,20.49,3.40,112.10,5.86
LSO,2003,1985059,1157825435,583.27,44.92,0.20,55.90,1.53,,21.12,5.40,113.20,5.34
LSO,2004,1971129,1511236656,766.69,44.04,0.21,55.40,2.18,,21.80,6.80,113.90,5.25
LSO,2005,1953076,1682343527,861.38,43.61,0.21,55.30,2.58,,22.53,9.60,114.60,4.67
LSO,2006,1945063,1800092564,925.47,43.18,0.21,55.50,2.98,,23.33,9.70,114.70,5.41
LSO,2007,1953268,1682131785,861.19,43.66,0.27,55.30,3.45,,24.22,13.90,111.90,7.22
LSO,2008,1966541,1766902709,898.48,44.30,0.22,55.00,3.58,,25.20,16.00,111.60,7.67
LSO,2009,1980883,1740894965,878.85,45.06,0.26,54.00,3.72,,26.26,17.00,99.10,8.95
LSO,2010,1996251,2234754242,1119.48,46.05,0.26,53.00,3.86,,27.40,17.00,90.90,7.40
LSO,2011,2014009,2579409620,1280.73,46.93,0.27,42.30,7.00,,28.62,22.50,85.20,8.99
LSO,2012,2034354,2477702216,1217.93,48.24,0.28,40.80,10.00,,29.90,20.60,81.40,9.99
LSO,2013,2056504,2367112932,1151.04,49.55,0.28,46.10,15.00,,31.24,26.90,79.30,10.98
LSO,2014,2080089,2441063054,1173.54,50.79,0.29,43.20,22.00,,32.64,27.80,77.60,9.99
LSO,2015,2104611,2359686725,1121.20,51.83,0.28,46.00,25.00,,34.09,31.80,75.10,9.25
LSO,2016,2130422,2114426452,992.49,52.91,0.31,45.10,32.45,,35.51,35.10,71.40,9.20
LSO,2017,2157110,2306741672,1069.37,53.87,0.33,41.50,39.00,44.90,36.53,33.70,70.10,10.53
LSO,2018,2183603,2556247292,1170.66,54.64,0.35,42.50,40.80,,37.57,47.00,68.80,11.13
LSO,2019,2209405,2390702296,1082.06,55.25,0.35,41.60,42.30,,38.60,44.60,68.10,21.92
LSO,2020,2235727,2053699864,918.58,55.13,0.31,43.20,43.66,,39.63,47.50,66.30,10.41
LSO,2021,2261542,2412130057,1066.59,54.21,0.34,33.60,45.06,,40.66,50.40,64.00,10.66
LSO,2022,2286110,2354980960,1030.13,56.81,0.43,34.90,48.07,,41.67,50.00,62.00,12.90
LSO,2023,2311472,2129871530,921.44,57.38,0.43,,48.99,,42.68,57.30,61.30,12.61
LTU,2000,3499536,11550695727,3300.64,72.02,3.33,17.20,6.43,31.70,66.98,99.50,10.70,6.19
LTU,2001,3470818,12260761329,3532.53,71.66,3.57,17.60,7.18,32.00,66.93,99.50,10.30,6.00
LTU,2002,3443067,14282292665,4148.13,71.76,3.62,17.90,17.69,31.90,66.89,99.40,9.90,6.13
LTU,2003,3415213,18809197970,5507.47,72.06,3.66,18.10,25.91,35.50,66.76,99.40,9.60,6.18
LTU,2004,3377075,22743164431,6734.57,71.96,3.87,18.10,31.23,37.00,66.60,99.40,9.30,5.48
LTU,2005,3322528,26105207115,7857.03,71.25,4.20,17.50,36.22,35.30,66.58,99.40,9.00,5.65
LTU,2006,3269909,30116192747,9210.10,71.06,4.34,17.50,43.90,34.40,66.64,99.40,8.60,5.86
LTU,2007,3231294,39729151615,12295.12,70.90,4.82,17.10,49.90,34.80,66.72,99.40,8.00,5.76
LTU,2008,3198231,47831254208,14955.53,71.81,4.95,18.30,55.22,35.70,66.75,99.40,7.30,6.29
LTU,2009,3162916,37494380039,11854.37,72.91,4.18,20.10,59.76,37.20,66.78,99.50,6.70,7.34
LTU,2010,3097282,36638128534,11829.12,73.27,4.53,21.50,62.12,33.60,66.77,99.70,6.10,6.91
LTU,2011,3028115,43186501863,14261.84,73.56,4.73,22.70,63.64,32.50,66.75,99.70,5.60,6.54
LTU,2012,2989139,42709372067,14288.19,73.86,4.85,23.90,67.23,35.10,66.85,100.00,5.30,6.31
LTU,2013,2961250,46303660422,15636.53,73.91,4.51,26.30,68.45,35.30,67.01,100.00,5.10,6.16
LTU,2014,2937253,48306546657,16446.16,74.52,4.50,27.70,72.13,37.70,67.15,100.00,5.10,6.22
LTU,2015,2911109,41540954817,14269.80,74.32,4.69,29.00,71.38,37.40,67.23,100.00,5.00,6.47
LTU,2016,2877325,42970749245,14934.27,74.67,4.70,31.50,74.38,38.40,67.19,100.00,4.80,6.65
LTU,2017,2842639,47756764508,16800.15,75.48,4.91,33.80,77.62,37.30,67.10,100.00,4.50,6.44
LTU,2018,2819200,54261795149,19247.23,75.68,4.97,33.70,79.72,35.70,67.15,100.00,4.20,6.47
LTU,2019,2811089,55122066226,19608.79,76.28,5.09,33.50,81.58,35.30,67.25,100.00,3.90,6.94
LTU,2020,2810369,57412038533,20428.65,75.03,5.07,31.70,83.06,36.00,67.43,100.00,3.70,7.42
LTU,2021,2808380,67072165721,23882.87,74.04,5.10,33.20,86.93,36.70,68.19,100.00,3.60,7.73
LTU,2022,2831639,70639687326,24946.57,75.64,4.65,,87.72,36.60,68.29,100.00,3.50,7.24
LTU,2023,2871585,80356613555,27983.37,77.29,4.52,,88.50,36.00,68.58,100.00,3.40,7.32
LUX,2000,436300,21230200538,48659.64,77.87,20.17,6.80,22.89,30.10,84.42,100.00,4.70,5.93
LUX,2001,441525,21387550720,48440.18,77.82,21.14,3.40,36.16,30.90,84.82,100.00,4.40,6.38
LUX,2002,446175,23649832387,53005.73,77.97,22.49,1.30,39.84,31.10,85.20,100.00,4.20,6.76
LUX,2003,451630,29667268248,65689.32,77.73,23.15,1.30,54.55,30.20,85.59,100.00,3.90,6.96
LUX,2004,458095,35064843793,76544.92,79.12,25.93,1.40,65.88,30.20,85.98,100.00,3.70,7.28
LUX,2005,465158,37672311223,80988.20,79.43,26.04,1.90,70.00,30.80,86.37,100.00,3.50,7.12
LUX,2006,472637,42910153830,90788.82,79.29,25.27,2.10,72.51,30.90,86.77,100.00,3.30,6.64
LUX,2007,479993,51587401416,107475.32,79.38,23.63,3.60,78.92,31.10,87.18,100.00,3.10,6.16
LUX,2008,488650,58844277702,120422.14,80.54,22.95,4.00,82.23,32.60,87.60,100.00,3.00,6.23
LUX,2009,497783,54467289898,109419.75,80.64,21.31,3.70,87.31,31.20,88.04,100.00,2.90,6.95
LUX,2010,506953,56213985987,110885.99,80.63,22.12,3.70,90.62,30.50,88.49,100.00,2.80,6.66
LUX,2011,518347,61696281326,119025.06,80.99,21.40,3.80,90.03,32.10,88.96,100.00,2.70,5.95
LUX,2012,530946,59776383527,112584.68,81.39,20.47,4.20,91.95,34.30,89.44,100.00,2.70,5.29
LUX,2013,543360,65203276467,120000.14,81.80,19.00,5.70,93.78,32.00,89.94,100.00,2.60,5.24
LUX,2014,556319,68804814555,123678.71,82.23,17.65,6.80,94.67,31.20,90.46,100.00,2.60,5.23
LUX,2015,569604,60071584216,105462.01,82.29,16.34,9.10,96.38,32.90,90.99,100.00,2.50,5.08
LUX,2016,582014,62216885436,106899.29,82.69,15.53,13.50,98.14,31.70,91.54,100.00,2.50,5.07
LUX,2017,596336,65712180343,110193.21,82.10,15.41,15.30,97.36,34.50,92.10,100.00,2.50,5.14
LUX,2018,607950,71085623495,116926.76,82.30,15.70,16.00,97.06,35.40,92.67,100.00,2.40,5.27
LUX,2019,620001,69872035114,112696.65,82.64,15.63,16.40,97.12,34.20,93.26,100.00,2.40,5.47
LUX,2020,630419,73670782100,116860.03,82.14,12.68,20.80,98.46,33.40,93.86,100.00,2.40,5.77
LUX,2021,640064,86386759695,134965.82,82.60,13.09,20.50,98.66,32.70,94.59,100.00,2.30,5.61
LUX,2022,653103,80801680397,123719.66,82.95,11.12,,98.24,34.10,94.76,100.00,2.30,5.61
LUX,2023,666430,88788881539,133230.62,83.31,10.42,,99.35,33.60,94.80,100.00,2.20,5.79
LVA,2000,2367550,7761252607,3278.18,70.31,3.05,35.80,6.32,,68.05,99.90,14.30,5.57
LVA,2001,2337170,8190888740,3504.62,70.76,3.28,35.40,7.22,,68.02,99.90,13.40,5.89
LVA,2002,2310173,9249030241,4003.61,70.96,3.32,34.40,21.94,35.10,67.98,99.80,12.60,5.95
LVA,2003,2287955,11244337720,4914.58,71.27,3.46,34.30,26.98,36.50,67.95,99.80,11.90,5.74
LVA,2004,2263122,13827070379,6109.73,72.03,3.52,36.10,38.58,36.40,67.92,99.70,11.10,6.48
LVA,2005,2238799,16306935905,7283.79,71.36,3.59,36.30,46.00,39.00,67.90,99.70,10.50,6.08
LVA,2006,2218357,20434922247,9211.74,70.87,3.85,34.00,53.63,35.60,67.87,99.60,9.90,6.02
LVA,2007,2200325,29420499248,13370.98,71.02,4.05,33.10,59.17,37.50,67.86,99.70,9.30,5.82
LVA,2008,2177322,34135200994,15677.61,72.42,3.89,33.70,63.41,37.20,67.84,99.70,8.80,5.87
LVA,2009,2141669,25691530442,11996.03,73.08,3.62,38.40,66.84,35.90,67.83,100.00,8.30,6.27
LVA,2010,2097555,23468324572,11188.42,73.48,4.23,33.10,68.42,35.00,67.83,99.80,7.70,6.22
LVA,2011,2059709,26575547901,12902.57,73.58,4.00,35.50,69.75,35.80,67.83,99.80,7.20,5.92
LVA,2012,2034319,27116149949,13329.35,73.78,3.95,40.40,73.12,35.20,67.83,100.00,6.60,5.62
LVA,2013,2012647,29152128168,14484.47,73.98,3.87,39.60,75.23,35.50,67.85,100.00,6.10,5.60
LVA,2014,1993782,30277203767,15185.81,74.12,3.80,40.20,75.83,35.10,67.87,100.00,5.60,5.66
LVA,2015,1977527,26344565877,13321.98,74.48,3.87,38.10,79.20,34.20,67.90,100.00,5.10,5.85
LVA,2016,1959537,27117105060,13838.53,74.58,3.82,38.50,79.84,34.30,67.93,100.00,4.80,6.35
LVA,2017,1942248,29391059767,15132.50,74.63,3.83,42.60,80.11,35.60,67.97,100.00,4.50,6.19
LVA,2018,1927174,33247935477,17252.17,74.78,4.21,41.00,83.58,35.10,68.02,100.00,4.20,6.41
LVA,2019,1913822,33099503951,17294.98,75.39,4.13,41.50,86.14,34.50,68.07,100.00,3.90,6.86
LVA,2020,1900449,33379927435,17564.23,75.19,3.83,43.80,88.90,35.70,68.12,100.00,3.60,7.51
LVA,2021,1884490,38183326785,20261.89,72.98,4.00,44.00,91.18,34.30,68.18,100.00,3.30,9.41
LVA,2022,1879383,38003198509,20221.10,74.28,3.69,,91.03,33.70,68.26,100.00,3.00,8.10
LVA,2023,1883710,42779550937,22710.26,75.43,3.66,,92.19,34.00,68.36,100.00,2.80,7.28
MAC,2000,430600,6773944355,15731.41,80.18,3.39,0.20,13.61,,100.00,100.00,,
MAC,2001,433900,6860272608,15810.72,80.59,3.59,0.90,22.52,,100.00,100.00,,
MAC,2002,438400,7371692774,16814.99,80.95,3.90,1.40,25.17,,100.00,100.00,,
MAC,2003,443600,8246479566,18589.90,81.04,3.96,2.40,25.74,,100.00,100.00,,
MAC,2004,454700,10643253553,23407.20,80.99,4.48,2.50,31.48,,100.00,100.00,,
MAC,2005,473500,12160056122,25681.22,81.34,4.32,2.30,34.86,,100.00,100.00,,
MAC,2006,498900,14874098692,29813.79,81.73,4.08,2.80,46.40,,100.00,100.00,,
MAC,2007,520900,18439981612,35400.23,81.73,3.70,3.40,47.33,,100.00,100.00,,
MAC,2008,540700,21027018333,38888.51,82.03,2.95,4.70,49.24,,100.00,100.00,,
MAC,2009,535000,21589540351,40354.28,82.18,3.17,3.00,54.00,,100.00,100.00,,
MAC,2010,537000,28244172834,52596.23,82.27,3.20,5.50,55.20,,100.00,100.00,,
MAC,2011,549600,36848881945,67046.73,82.47,3.07,6.40,60.20,,100.00,100.00,,
MAC,2012,567900,43193350976,76058.02,82.47,3.07,11.10,61.31,,100.00,100.00,,
MAC,2013,591900,51559125350,87107.83,82.72,3.07,16.60,65.80,,100.00,100.00,,
MAC,2014,621700,54930501310,88355.32,83.02,3.36,11.40,69.78,,100.00,100.00,,
MAC,2015,642900,44940613353,69902.96,83.22,4.29,5.40,77.60,,100.00,100.00,,
MAC,2016,652500,44964868324,68911.68,83.28,4.02,5.40,81.64,,100.00,100.00,,
MAC,2017,648400,50297028371,77570.99,83.53,4.45,3.90,83.17,,100.00,100.00,,
MAC,2018,658900,55076322634,83588.29,83.68,3.23,8.40,83.79,,100.00,100.00,,
MAC,2019,672000,55025172016,81882.70,83.93,3.34,8.40,86.47,,100.00,100.00,,
MAC,2020,685400,25280064168,36883.67,84.13,3.26,11.00,87.46,,100.00,100.00,,
MAC,2021,682500,30633941629,44884.90,83.73,3.00,13.60,88.47,,100.00,100.00,,
MAC,2022,677300,24929307447,36806.89,83.08,2.48,11.00,89.49,,100.00,100.00,,
MAC,2023,678800,45626467280,67216.36,83.18,2.48,,89.83,,100.00,100.00,,
MAF,2000,29996,,,76.79,,,,,100.00,100.00,,
MAF,2001,30803,,,77.01,,,,,100.00,99.90,,
MAF,2002,31604,,,77.22,,,,,100.00,99.90,,
MAF,2003,32395,,,77.42,,,,,100.00,99.80,,
MAF,2004,33171,,,77.61,,,,,100.00,99.80,,
MAF,2005,33928,,,77.80,,,,,100.00,99.70,,
MAF,2006,34658,,,77.99,,,,,100.00,99.70,,
MAF,2007,35337,,,78.16,,,,,100.00,99.70,,
MAF,2008,35958,,,78.33,,,,,100.00,99.70,,
MAF,2009,36502,,,78.51,,,,,100.00,99.70,,
MAF,2010,36856,,,78.75,,,,,100.00,100.00,,
MAF,2011,37069,775875749,20930.58,79.02,,,,,100.00,100.00,,
MAF,2012,37276,,,79.30,,,,,100.00,100.00,,
MAF,2013,37419,,,79.53,,,,,100.00,100.00,,
MAF,2014,37450,772921959,20638.77,79.73,,,,,100.00,100.00,,
MAF,2015,37369,,,79.83,,,,,100.00,100.00,,
MAF,2016,37175,,,79.89,,,,,100.00,100.00,,
MAF,2017,36837,,,78.76,,,,,100.00,100.00,,
MAF,2018,36012,,,80.03,,,,,100.00,100.00,,
MAF,2019,34267,652206037,19033.06,80.08,,,,,100.00,100.00,,
MAF,2020,31786,,,80.09,,,,,100.00,100.00,,
MAF,2021,29961,649206263,21668.38,80.21,,,,,100.00,100.00,,
MAF,2022,28870,,,80.24,,,,,100.00,100.00,,
MAF,2023,27515,,,80.22,,,,,100.00,100.00,,
MAR,2000,28423435,43017455402,1499.11,66.79,1.18,15.50,0.69,40.60,53.59,69.80,52.40,3.69
MAR,2001,28814643,43831480208,1506.25,67.20,1.28,15.30,1.37,,53.90,71.60,50.20,3.82
MAR,2002,29198142,47077192188,1596.02,67.58,1.31,15.10,2.37,,54.22,73.30,48.00,4.06
MAR,2003,29571415,58029363354,1941.87,67.96,1.29,16.10,3.35,,54.58,75.10,45.80,4.08
MAR,2004,29953018,66114145451,2183.56,68.27,1.43,22.40,11.61,,54.98,78.20,43.60,4.23
MAR,2005,30358144,68852658069,2242.99,68.75,1.47,20.00,15.08,,55.44,78.60,41.40,4.37
MAR,2006,30771178,75883823301,2438.13,69.16,1.47,18.20,19.77,40.70,55.96,96.50,39.20,4.57
MAR,2007,31186468,86947913287,2755.59,69.62,1.48,16.60,21.50,,56.53,82.20,36.90,4.81
MAR,2008,31606767,101822906949,3183.20,70.05,1.57,14.40,33.10,,57.13,84.10,34.80,4.84
MAR,2009,32030778,101154952241,3119.59,70.45,1.53,14.20,41.30,,57.73,85.90,32.80,5.27
MAR,2010,32467016,100865329473,3067.99,70.82,1.60,13.90,52.00,,58.33,95.70,30.90,5.42
MAR,2011,32912588,110080631332,3301.99,71.26,1.71,11.80,46.11,,58.90,96.10,29.20,5.37
MAR,2012,33355241,106937392311,3164.18,71.67,1.76,10.90,55.42,,59.43,96.40,27.50,5.40
MAR,2013,33787571,115739287305,3379.74,72.12,1.73,11.60,56.00,39.50,59.91,97.20,26.00,5.26
MAR,2014,34204780,119130841412,3435.41,72.52,1.74,11.10,56.77,,60.30,97.30,24.50,5.42
MAR,2015,34607588,110413823842,3146.25,72.89,1.77,11.20,57.08,,60.64,97.30,23.10,5.10
MAR,2016,35023457,111572947005,3140.86,73.23,1.74,11.10,58.27,,60.97,97.80,21.90,5.09
MAR,2017,35446392,118540573368,3296.53,73.61,1.80,10.40,61.76,,61.28,100.00,20.80,4.99
MAR,2018,35839760,127341147582,3501.70,73.95,1.82,10.90,64.80,,61.57,98.10,19.90,4.95
MAR,2019,36210898,128920266409,3508.10,74.25,1.98,10.70,84.12,,61.84,99.60,19.10,5.02
MAR,2020,36584208,121353645057,3268.03,73.13,1.85,11.10,84.12,,62.09,100.00,18.30,5.79
MAR,2021,36954442,142022058447,3785.94,73.39,1.98,10.90,88.13,,62.32,100.00,17.60,5.45
MAR,2022,37329064,131245312804,3463.14,75.16,1.94,,89.90,,62.51,100.00,17.00,5.75
MAR,2023,37712505,146036093667,3813.73,75.31,1.86,,91.00,,62.67,100.00,16.30,6.06
MCO,2000,32455,2654462466,81789.01,82.12,,,42.18,,100.00,100.00,5.20,3.70
MCO,2001,32447,2673722829,82402.77,82.49,,,46.65,,100.00,100.00,5.00,3.75
MCO,2002,32422,2919647992,90051.45,83.06,,,48.05,,100.00,100.00,4.80,3.81
MCO,2003,32374,3597090047,111110.46,83.61,,,49.49,,100.00,100.00,4.70,4.43
MCO,2004,32307,4043553261,125160.28,84.15,,,52.49,,100.00,100.00,4.60,4.52
MCO,2005,32210,4204651894,130538.71,84.34,,,55.46,,100.00,100.00,4.50,4.50
MCO,2006,32057,4586828062,143083.51,84.19,,,61.48,,100.00,100.00,4.40,4.30
MCO,2007,31837,5875787545,184558.46,83.90,,,64.38,,100.00,100.00,4.30,3.81
MCO,2008,31836,6502945305,204263.89,83.83,,,67.25,,100.00,100.00,4.20,4.08
MCO,2009,32364,5474381528,169150.34,84.19,,,70.10,,100.00,100.00,4.10,4.84
MCO,2010,33163,5367561640,161853.92,84.64,,,75.00,,100.00,100.00,4.00,4.96
MCO,2011,33946,6088690667,179364.01,85.01,,,80.30,,100.00,100.00,3.90,4.64
MCO,2012,34711,5742748406,165444.63,85.05,,,87.00,,100.00,100.00,3.80,4.76
MCO,2013,35447,6555590642,184940.63,85.06,,,90.70,,100.00,100.00,3.70,4.57
MCO,2014,36128,7070015474,195693.52,85.09,,,92.40,,100.00,100.00,3.60,4.44
MCO,2015,36757,6264753586,170437.02,85.32,,,93.36,,100.00,100.00,3.50,4.31
MCO,2016,37276,6471287669,173604.67,85.63,,,95.21,,100.00,100.00,3.40,4.12
MCO,2017,37678,6430258225,170663.47,85.88,,,97.05,,100.00,100.00,3.30,4.16
MCO,2018,38154,7184336760,188298.39,86.08,,,,,100.00,100.00,3.20,4.05
MCO,2019,38109,7383494129,193746.73,86.15,,,98.00,,100.00,100.00,3.10,3.88
MCO,2020,38050,6730733231,176891.81,86.09,,,98.57,,100.00,100.00,3.00,4.29
MCO,2021,38527,8623241327,223823.33,85.11,,,99.08,,100.00,100.00,2.90,3.67
MCO,2022,38931,8800432774,226052.06,85.75,,,98.75,,100.00,100.00,2.80,3.39
MCO,2023,38956,10003897341,256799.91,86.37,,,98.87,,100.00,100.00,2.70,3.12
MDA,2000,2924668,1288429392,440.54,67.46,2.36,5.70,1.28,36.40,40.42,98.70,31.40,5.93
MDA,2001,2918135,1480673594,507.40,67.67,2.46,5.60,1.49,38.00,39.67,98.80,28.50,6.23
MDA,2002,2911385,1661818168,570.80,67.79,2.51,5.80,3.79,35.80,39.62,99.00,25.80,7.40
MDA,2003,2903198,1980907435,682.32,67.90,2.71,5.90,7.41,34.90,39.59,98.80,23.40,7.02
MDA,2004,2896023,2598249556,897.18,68.02,2.73,4.80,10.63,35.00,39.45,99.10,21.50,8.97
MDA,2005,2888985,2988342907,1034.39,68.20,2.88,4.30,14.63,36.30,39.37,98.60,20.10,9.56
MDA,2006,2880967,3408255451,1183.02,68.42,2.82,5.00,19.62,35.40,39.22,98.90,19.00,10.54
MDA,2007,2874299,4401173152,1531.22,68.67,2.79,4.40,20.45,34.40,39.43,99.00,18.20,11.02
MDA,2008,2868833,6054824248,2110.55,69.00,2.76,4.90,23.39,34.70,39.37,99.10,17.70,10.95
MDA,2009,2865213,5439434272,1898.44,69.41,2.73,4.80,27.50,32.90,39.33,99.20,17.20,13.68
MDA,2010,2862354,6974982370,2436.80,69.88,2.97,20.00,29.68,32.10,39.28,99.30,16.80,10.13
MDA,2011,2860699,8414352020,2941.36,70.17,2.98,20.40,32.07,30.60,39.35,99.40,16.50,9.10
MDA,2012,2860324,8709138635,3044.81,70.34,2.92,22.10,34.65,29.20,39.36,99.50,16.20,9.14
MDA,2013,2859558,9496717876,3321.04,70.29,2.62,23.80,37.44,28.50,39.43,99.60,16.00,8.68
MDA,2014,2857815,9402090138,3289.96,70.24,2.81,24.30,67.00,26.80,39.63,99.80,15.80,8.73
MDA,2015,2835978,7797667197,2749.55,70.12,2.93,24.70,69.00,27.00,39.70,99.90,15.60,8.50
MDA,2016,2803186,7980917076,2847.09,70.18,3.00,25.30,71.00,26.30,39.74,99.90,15.50,7.62
MDA,2017,2755189,9514404016,3453.27,70.38,3.01,26.10,71.77,25.90,39.97,100.00,15.40,7.13
MDA,2018,2707203,11252353421,4156.45,70.24,3.27,25.30,72.54,25.70,40.33,100.00,15.40,6.71
MDA,2019,2664224,11736797055,4405.33,70.18,3.42,22.00,73.33,26.00,40.77,100.00,15.50,6.50
MDA,2020,2635130,11530746234,4375.78,69.91,3.36,22.30,74.12,25.00,41.34,100.00,15.60,7.00
MDA,2021,2595809,13691869264,5274.61,68.99,3.72,21.40,74.92,25.70,41.81,100.00,15.80,7.75
MDA,2022,2528654,14525337524,5744.30,71.55,3.28,,74.92,25.90,42.40,100.00,16.00,6.97
MDA,2023,2457783,16711906746,6799.59,71.20,3.34,,76.50,26.80,43.00,100.00,16.20,6.74
MDG,2000,16516338,4629247204,280.28,57.97,0.10,82.20,0.20,,25.01,12.60,104.40,3.99
MDG,2001,17032939,5438332602,319.28,58.67,0.10,84.10,0.22,47.40,25.31,14.80,99.80,4.12
MDG,2002,17549913,5351701663,304.94,59.17,0.07,87.20,0.34,,25.60,14.00,95.60,4.93
MDG,2003,18071854,6372498890,352.62,59.69,0.09,84.80,0.42,,25.90,20.30,91.60,5.00
MDG,2004,18606608,5064732626,272.20,60.17,0.09,84.30,0.53,,26.19,15.30,87.80,5.25
MDG,2005,19159707,5859269753,305.81,60.66,0.09,84.90,0.57,39.90,26.47,16.00,84.10,5.22
MDG,2006,19730909,6395712491,324.15,61.14,0.09,85.90,0.61,,26.76,16.80,80.80,5.07
MDG,2007,20318583,8524620890,419.55,61.53,0.09,86.20,0.65,,27.04,17.50,77.60,4.61
MDG,2008,20923840,10725137724,512.58,61.99,0.09,86.40,1.65,,27.32,18.30,74.80,4.08
MDG,2009,21547280,9616879409,446.32,62.30,0.08,87.20,1.63,,27.59,17.40,72.40,4.38
MDG,2010,22183340,9982711338,450.01,62.60,0.09,86.70,1.70,42.40,27.87,12.30,70.30,4.70
MDG,2011,22822300,11551819618,506.16,62.86,0.10,84.50,1.90,,28.13,14.30,68.60,4.52
MDG,2012,23462438,11578975062,493.51,63.01,0.12,83.30,2.30,42.60,28.40,18.70,67.30,3.91
MDG,2013,24109290,12423555455,515.30,63.16,0.13,81.40,3.00,,28.66,12.90,66.40,3.75
MDG,2014,24764348,12522957399,505.68,63.26,0.13,82.20,3.70,,28.92,23.00,65.70,4.46
MDG,2015,25426702,11323020701,445.32,63.36,0.13,83.90,4.17,,29.17,23.80,65.30,5.01
MDG,2016,26099952,11848613858,453.97,63.43,0.12,83.80,4.71,,29.42,22.90,64.90,5.33
MDG,2017,26788375,13176313594,491.87,63.43,0.13,81.90,6.41,,29.67,24.10,64.90,4.80
MDG,2018,27494926,13760033282,500.46,63.49,0.12,84.20,7.75,,29.92,36.50,64.90,4.22
MDG,2019,28219554,14104664679,499.82,63.50,0.14,82.50,9.38,,30.30,31.00,65.00,3.10
MDG,2020,28953556,13051441204,450.77,62.71,0.11,84.70,11.35,,30.70,32.00,65.10,3.72
MDG,2021,29691083,14354731964,483.47,62.52,0.14,83.60,13.75,36.80,31.11,35.10,65.00,3.55
MDG,2022,30437261,15342178598,504.06,63.07,0.14,83.10,17.81,,31.54,36.10,64.50,3.15
MDG,2023,31195932,16036707976,514.06,63.63,0.15,,18.24,,31.98,39.40,63.60,3.43
MDV,2000,282019,624337145,2213.81,70.89,2.23,2.30,2.20,,27.60,83.80,39.50,7.74
MDV,2001,286767,870031677,3033.93,71.66,1.93,2.30,3.62,,28.55,87.50,35.10,8.21
MDV,2002,291616,897031250,3076.07,72.36,2.30,1.80,5.35,41.30,29.89,88.30,31.10,8.78
MDV,2003,296491,1052121055,3548.58,73.26,1.95,2.20,5.98,,31.39,89.10,27.40,6.78
MDV,2004,301413,1226829563,4070.26,73.01,2.45,1.70,6.59,,32.85,90.00,27.20,7.48
MDV,2005,306429,1163362438,3796.52,74.79,2.23,2.00,6.87,,34.07,90.90,21.60,8.83
MDV,2006,313851,1575200391,5018.94,75.26,2.67,1.60,11.04,,34.87,91.70,19.40,8.05
MDV,2007,324479,1868383461,5758.10,75.71,2.71,1.50,16.30,,35.43,92.60,17.60,8.31
MDV,2008,336170,2271646188,6757.43,76.00,2.84,1.50,23.20,,35.93,93.60,16.10,11.47
MDV,2009,348275,2345294875,6734.03,76.37,2.83,1.50,24.80,38.40,36.37,99.90,14.90,10.09
MDV,2010,360792,2588176055,7173.60,76.76,2.92,1.40,26.53,,36.76,99.00,13.80,8.49
MDV,2011,373674,2774350240,7424.52,77.14,3.06,1.30,34.00,,37.13,99.10,12.90,7.92
MDV,2012,386818,2886163997,7461.30,77.51,3.73,1.20,38.93,,37.48,99.20,12.10,8.67
MDV,2013,400070,3295009238,8236.08,77.85,4.05,1.30,44.10,,37.83,99.40,11.30,8.16
MDV,2014,413617,3697353039,8939.07,78.19,5.30,1.20,49.28,,38.19,100.00,10.60,7.91
MDV,2015,428154,4129505319,9644.91,78.61,3.71,1.50,54.46,,38.58,99.80,9.90,8.68
MDV,2016,443308,4409942624,9947.81,78.91,3.91,1.20,59.48,31.30,38.96,100.00,9.20,10.23
MDV,2017,458287,4816426257,10509.63,79.23,3.51,1.30,64.96,,39.33,99.80,8.60,9.15
MDV,2018,473099,5404344163,11423.28,79.43,2.93,1.30,70.94,,39.69,100.00,8.00,7.29
MDV,2019,487731,5726094799,11740.27,79.71,3.11,1.30,77.47,29.30,40.05,100.00,7.40,7.50
MDV,2020,502118,3712604583,7393.89,78.71,2.41,1.60,79.10,,40.40,100.00,6.90,11.44
MDV,2021,516154,5252457370,10176.14,78.05,3.26,1.40,81.96,,40.74,100.00,6.40,8.85
MDV,2022,524106,6177123352,11786.02,80.76,3.41,1.20,83.91,,41.06,100.00,6.00,7.50
MDV,2023,525994,6621008704,12587.61,81.04,3.41,,84.55,,41.51,100.00,5.70,9.25
MEA,2000,494850317,1098655593166,2220.18,66.22,3.08,9.38,,,48.70,82.57,75.00,4.24
MEA,2001,506478256,1090274286299,2152.66,66.60,3.16,9.25,,,49.02,83.28,72.40,4.54
MEA,2002,518193093,1084280957544,2092.43,66.96,3.19,9.18,,,49.27,83.61,69.90,4.46
MEA,2003,530338988,1208787816829,2279.27,67.08,3.23,9.25,,,49.52,84.58,67.70,4.29
MEA,2004,543086512,1425039121627,2623.96,67.53,3.35,9.16,,,49.81,84.98,65.40,4.09
MEA,2005,556210211,1696746049955,3050.55,67.53,3.48,9.04,8.30,,50.10,85.96,63.20,3.93
MEA,2006,569898499,1984464158643,3482.14,68.06,3.60,8.66,9.60,,50.38,87.66,61.30,3.88
MEA,2007,583743828,2340610689868,4009.65,68.35,3.69,8.16,11.70,,50.68,87.15,59.40,3.91
MEA,2008,597799097,2892703776066,4838.92,68.70,3.80,7.82,14.10,,50.99,88.09,57.60,3.81
MEA,2009,612128501,2608280183520,4261.00,69.00,3.84,7.69,16.10,,51.28,88.74,55.90,4.67
MEA,2010,624828664,3045879622174,4874.74,69.21,3.91,7.59,18.30,,51.50,90.56,54.20,4.43
MEA,2011,639053870,3665474220712,5735.78,69.39,3.92,7.44,20.10,,51.84,90.78,52.50,4.33
MEA,2012,653273442,3953860671042,6052.38,69.46,4.03,7.19,22.40,,52.34,91.85,51.10,4.38
MEA,2013,667464006,3918727955940,5871.07,69.71,4.02,7.23,25.20,,52.94,93.15,49.40,4.47
MEA,2014,680716578,3958172789906,5814.71,69.99,4.09,7.07,28.70,,53.32,94.03,47.60,4.86
MEA,2015,694232973,3561595503548,5130.26,70.15,4.07,7.08,31.80,,53.64,93.44,46.20,5.39
MEA,2016,707023525,3627179370572,5130.21,70.43,4.07,7.11,35.00,,53.90,95.16,44.60,5.59
MEA,2017,718887744,3798189271504,5283.42,70.71,4.11,7.15,39.70,,54.09,96.00,43.50,5.53
MEA,2018,730362334,4053744446046,5550.32,70.94,4.00,7.31,42.30,,54.24,94.97,42.70,5.16
MEA,2019,742714463,4022588786208,5416.06,71.24,4.03,7.60,46.00,,54.44,96.01,41.90,5.19
MEA,2020,756405281,3592277157539,4749.14,69.91,3.94,7.55,50.60,,54.68,96.26,40.80,5.77
MEA,2021,767578451,4315472921456,5622.19,69.71,4.08,,54.20,,54.82,96.42,39.80,5.43
MEA,2022,782349366,5035779695255,6436.74,71.69,4.09,,57.80,,55.13,95.86,38.70,4.96
MEA,2023,797801454,4902253052059,6144.70,72.08,4.09,,59.50,,55.43,96.42,37.80,5.34
MEX,2000,98625552,742061329749,7524.03,72.56,4.02,12.20,5.08,53.40,74.92,98.00,27.40,4.24
MEX,2001,100099099,796064590549,7952.76,72.91,3.94,11.30,7.04,,75.29,97.10,26.20,4.58
MEX,2002,101548624,810666116402,7983.03,73.11,3.95,10.70,11.90,50.60,75.68,97.90,25.00,4.83
MEX,2003,102978515,765549967889,7434.07,73.31,4.09,10.20,12.90,,76.05,97.40,23.90,5.54
MEX,2004,104394131,819459227375,7849.67,73.43,4.12,10.20,14.10,50.30,76.33,98.60,23.00,5.68
MEX,2005,105811504,917571853437,8671.76,73.63,4.23,10.30,17.21,50.90,76.47,98.90,22.10,5.58
MEX,2006,107253666,1020265057882,9512.64,73.75,4.33,9.80,19.52,49.70,76.50,99.10,21.30,5.41
MEX,2007,108774360,1102355554880,10134.33,73.80,4.33,9.50,20.81,,76.50,97.90,20.70,5.51
MEX,2008,110374288,1161553459985,10523.77,73.70,4.28,9.80,21.71,50.80,76.51,98.90,20.00,5.45
MEX,2009,111999721,943437414951,8423.57,73.63,4.12,9.20,26.34,,76.51,98.30,19.50,5.85
MEX,2010,113623895,1105424238652,9728.80,73.72,4.20,9.40,31.05,47.70,76.52,99.20,18.90,5.49
MEX,2011,115243504,1229013703417,10664.49,73.92,4.22,9.10,37.18,,76.57,99.00,18.40,5.30
MEX,2012,116818208,1255110424742,10744.13,74.13,4.33,9.00,39.75,49.60,76.66,99.10,17.90,5.42
MEX,2013,118343573,1327436290439,11216.80,74.29,4.17,9.20,43.46,,76.80,99.10,17.50,5.58
MEX,2014,119784261,1364507717689,11391.38,74.40,4.01,9.80,44.39,48.90,76.97,99.20,17.00,5.35
MEX,2015,121072306,1213294467654,10021.24,74.43,4.05,9.20,57.43,,77.19,99.00,16.60,5.53
MEX,2016,122251351,1112233497453,9097.92,74.38,4.06,9.20,59.54,46.90,77.44,99.50,16.20,5.38
MEX,2017,123400057,1190721475853,9649.28,74.26,4.06,10.10,53.03,,77.72,100.00,15.80,5.31
MEX,2018,124573711,1256300182984,10084.79,74.30,3.84,10.30,56.66,46.00,78.03,99.50,15.40,5.24
MEX,2019,125762982,1304106204006,10369.56,74.53,3.93,10.30,69.63,,78.36,99.60,15.00,5.30
MEX,2020,126799054,1121064767169,8841.27,70.45,3.46,12.30,71.49,44.60,78.68,99.40,14.60,6.05
MEX,2021,127648148,1316569466834,10314.05,69.75,3.55,13.00,75.63,,78.93,100.00,14.20,5.88
MEX,2022,128613117,1466934724243,11405.79,73.97,3.52,,78.63,43.50,79.20,100.00,13.80,5.71
MEX,2023,129739759,1794410347718,13830.84,75.07,3.67,,81.18,,79.47,99.70,13.40,5.50
MHL,2000,50706,114838500,2264.79,63.32,0.00,19.60,1.53,,68.28,68.60,42.70,13.52
MHL,2001,51123,122406100,2394.35,63.74,0.00,19.10,1.71,,68.62,70.10,42.70,11.19
MHL,2002,51425,131960000,2566.07,63.85,0.00,18.60,2.34,,69.04,71.50,42.50,12.07
MHL,2003,51639,131128500,2539.33,63.96,0.00,18.60,2.57,,69.52,72.90,42.20,13.33
MHL,2004,51791,132900000,2566.08,64.04,0.00,18.40,3.60,,70.06,74.30,41.80,14.15
MHL,2005,51906,138000000,2658.65,64.11,0.00,18.40,3.88,,70.62,75.70,41.30,18.45
MHL,2006,51992,143200000,2754.27,64.21,0.00,17.00,3.80,,71.21,77.20,40.90,22.30
MHL,2007,52035,150500000,2892.28,64.26,0.00,15.20,3.95,,71.79,72.30,40.40,16.83
MHL,2008,52030,146600000,2817.61,64.30,0.00,14.80,4.60,,72.37,80.20,40.00,18.98
MHL,2009,52019,151200000,2906.63,64.40,0.00,14.00,5.60,,72.91,81.70,39.50,18.73
MHL,2010,52044,161100000,3095.46,64.50,0.00,13.70,7.00,,73.41,89.40,39.00,17.73
MHL,2011,51907,172300000,3319.40,64.64,0.00,12.30,10.00,,73.86,89.90,38.40,11.36
MHL,2012,51419,180700000,3514.27,64.78,0.00,12.00,12.50,,74.27,90.40,37.80,11.66
MHL,2013,50681,186400000,3677.91,64.95,0.00,12.40,14.00,,74.68,90.90,37.00,12.14
MHL,2014,49796,186000000,3735.24,65.11,0.00,12.20,16.80,,75.08,91.50,36.10,12.04
MHL,2015,48800,183700000,3764.34,65.29,0.00,11.70,19.28,,75.47,92.10,35.20,14.78
MHL,2016,47709,201800000,4229.81,65.48,0.00,12.10,29.79,,75.85,92.70,34.20,14.63
MHL,2017,46529,213700000,4592.83,65.67,0.00,12.00,38.70,,76.23,93.80,33.20,12.02
MHL,2018,45285,220000000,4858.12,65.87,0.00,12.00,43.88,,76.59,95.30,32.20,14.47
MHL,2019,44007,232900000,5292.34,66.05,0.00,12.10,49.76,35.50,76.94,96.80,31.20,14.99
MHL,2020,42706,241800000,5661.97,65.39,0.00,12.00,56.42,,77.29,98.30,30.30,12.12
MHL,2021,41367,261245500,6315.31,65.42,0.00,12.10,63.97,,77.62,99.80,29.40,12.49
MHL,2022,40077,258723500,6455.66,66.73,0.00,12.20,64.27,,77.99,100.00,28.50,13.61
MHL,2023,38827,264000000,6799.39,66.95,0.00,,64.08,,78.36,100.00,27.60,13.41
MKD,2000,2026350,3772859034,1861.90,72.95,4.46,19.40,2.49,34.30,58.49,99.00,16.00,8.87
MKD,2001,2034882,3709636031,1823.02,73.44,4.53,15.20,3.47,,58.09,99.00,15.10,8.38
MKD,2002,2020157,4018365747,1989.14,73.04,4.30,14.60,17.33,38.50,57.87,99.00,14.50,8.98
MKD,2003,2022725,4946296599,2445.36,73.24,4.67,17.30,19.07,38.70,57.85,99.00,14.20,9.01
MKD,2004,2016186,5682784472,2818.58,73.60,4.56,18.20,24.44,38.40,57.85,99.40,14.00,8.47
MKD,2005,2005330,6258602873,3120.98,73.70,4.82,19.00,26.45,39.30,57.86,99.10,13.70,7.68
MKD,2006,1994287,6861226972,3440.44,73.90,4.84,19.80,28.62,42.60,57.88,99.00,13.10,7.38
MKD,2007,1982933,8336474974,4204.11,73.80,5.23,15.70,36.30,,57.91,99.10,12.30,6.57
MKD,2008,1971493,9909552435,5026.42,74.40,5.14,15.60,46.04,46.10,57.96,99.20,11.50,6.55
MKD,2009,1958782,9401736825,4799.79,74.45,4.66,18.40,51.77,42.80,58.03,99.20,10.80,6.53
MKD,2010,1946298,9407170321,4833.37,75.00,4.71,22.30,51.90,40.10,58.12,99.50,10.40,6.71
MKD,2011,1937398,10494626768,5416.87,75.10,5.29,18.60,56.70,39.40,58.24,99.70,10.20,6.52
MKD,2012,1929821,9745261301,5049.83,74.90,4.99,18.30,57.45,38.10,58.39,99.60,10.40,6.61
MKD,2013,1922716,10817702346,5626.26,75.40,4.58,21.20,65.24,36.20,58.58,99.70,10.70,6.72
MKD,2014,1917557,11362265253,5925.39,75.45,4.36,21.20,68.06,35.20,58.80,99.80,11.10,6.29
MKD,2015,1912430,10064519963,5262.69,75.40,4.15,23.90,70.38,35.60,59.07,99.90,11.10,6.34
MKD,2016,1906313,10672467073,5598.49,75.40,4.00,21.40,72.16,34.50,59.38,100.00,10.60,6.38
MKD,2017,1898657,11307067070,5955.30,75.95,4.20,19.00,74.52,34.20,59.74,100.00,9.60,6.44
MKD,2018,1889051,12683068114,6713.99,76.65,3.99,20.90,79.17,33.00,60.16,99.80,8.40,6.46
MKD,2019,1876262,12606338449,6718.86,76.60,4.63,17.00,81.41,33.50,60.63,100.00,7.10,7.07
MKD,2020,1856124,12361036914,6659.60,74.40,4.08,20.00,81.41,,61.16,100.00,6.00,7.73
MKD,2021,1837114,14000283827,7620.80,73.25,4.16,19.50,81.87,,61.68,100.00,5.10,8.42
MKD,2022,1831712,13932436550,7606.24,74.42,4.48,,83.85,,61.95,100.00,4.20,7.42
MKD,2023,1827816,15855131189,8674.36,75.32,4.39,,88.50,,62.25,100.00,3.40,7.43
MLI,2000,11559290,3521570876,304.65,50.61,0.07,83.50,0.14,,18.98,9.60,189.90,5.47
MLI,2001,11912158,4124281594,346.22,51.30,0.07,82.10,0.19,39.90,19.32,10.80,183.90,4.52
MLI,2002,12288050,4647238257,378.19,52.00,0.07,83.60,0.23,,19.68,13.00,177.70,5.00
MLI,2003,12684955,5605613011,441.91,52.63,0.07,85.80,0.31,,20.06,14.70,171.70,5.05
MLI,2004,13102409,6485774930,495.01,53.25,0.07,81.50,0.43,,20.46,16.40,165.80,5.22
MLI,2005,13538647,7429066952,548.73,53.79,0.07,82.30,0.51,,20.87,18.20,160.10,5.20
MLI,2006,13990139,8212007554,586.99,54.31,0.08,81.70,0.73,38.90,21.30,16.60,154.60,5.46
MLI,2007,14457775,9699047443,670.85,54.76,0.09,78.90,0.81,,21.74,21.70,149.20,5.25
MLI,2008,14940782,11462490840,767.19,55.19,0.10,75.00,1.57,,22.19,23.40,144.00,5.03
MLI,2009,15435539,12155217833,787.48,55.59,0.13,78.70,1.80,33.00,22.66,24.00,138.90,5.21
MLI,2010,15945198,12710739160,797.15,55.99,0.12,84.00,2.00,,23.14,27.00,133.80,4.68
MLI,2011,16469049,15452791789,938.29,56.37,0.13,83.60,2.20,,23.64,28.80,128.80,4.01
MLI,2012,16957033,14795114603,872.51,56.70,0.13,81.20,2.80,,24.16,25.60,123.90,3.75
MLI,2013,17459615,15747192681,901.92,57.05,0.16,84.80,3.50,,24.70,32.40,119.10,3.96
MLI,2014,18020267,17081681993,947.92,57.48,0.16,84.60,7.00,,25.27,34.20,114.40,4.48
MLI,2015,18593022,15583181170,838.12,57.85,0.19,81.20,10.33,,25.85,37.60,109.70,4.11
MLI,2016,19191289,16743796800,872.47,58.29,0.24,77.90,14.00,,26.45,38.80,105.10,3.77
MLI,2017,19813011,18308362040,924.06,58.56,0.26,77.00,18.90,,27.06,34.80,100.60,3.67
MLI,2018,20442030,20368015381,996.38,58.87,0.28,77.20,21.40,36.00,27.70,50.90,96.20,3.73
MLI,2019,21068405,20477421885,971.95,59.22,0.29,74.90,24.96,,28.35,47.90,91.90,3.83
MLI,2020,21713836,20698560939,953.24,58.86,0.32,72.80,29.11,,29.02,50.60,87.60,3.51
MLI,2021,22388630,22999245263,1027.27,59.12,0.33,71.20,33.96,35.70,29.70,53.40,83.60,3.54
MLI,2022,23072640,22539987719,976.91,60.04,0.32,71.10,35.20,,30.40,53.00,79.70,3.72
MLI,2023,23769127,24777941861,1042.44,60.44,0.30,,36.04,,31.00,54.50,76.20,3.81
MLT,2000,390087,4036809767,10348.49,78.35,5.47,0.00,13.11,,93.28,100.00,7.60,6.63
MLT,2001,393028,4070867153,10357.70,78.84,6.35,0.00,17.88,,93.36,100.00,7.40,7.03
MLT,2002,395969,4455127398,11251.20,78.74,5.87,0.10,28.92,,93.44,100.00,7.20,7.73
MLT,2003,398582,5418315225,13593.98,78.55,6.56,0.10,31.64,,93.52,100.00,7.10,7.94
MLT,2004,401268,6104141501,15212.13,79.25,6.50,0.10,34.62,,93.61,100.00,7.00,8.04
MLT,2005,403834,6393234965,15831.34,79.30,6.52,0.10,41.24,,93.70,100.00,6.90,8.69
MLT,2006,405308,6749838862,16653.60,79.44,6.56,0.20,40.41,28.00,93.80,100.00,6.90,8.85
MLT,2007,406724,7908412374,19444.17,79.79,6.70,0.20,46.90,29.20,93.91,100.00,6.90,8.19
MLT,2008,409379,9172399573,22405.64,79.64,6.68,0.20,50.08,29.00,94.03,100.00,6.90,7.82
MLT,2009,412477,8769897418,21261.54,80.24,6.11,0.30,58.86,30.20,94.14,100.00,6.90,7.89
MLT,2010,414508,9097044301,21946.61,81.40,6.26,1.20,63.00,29.00,94.24,100.00,6.90,7.90
MLT,2011,416268,9789363086,23516.97,80.75,6.20,2.00,68.02,29.10,94.32,100.00,6.80,8.32
MLT,2012,420028,9609530619,22878.31,80.75,6.49,2.70,68.20,29.40,94.36,100.00,6.80,8.25
MLT,2013,424810,10796780874,25415.55,81.75,5.61,3.20,68.91,28.80,94.39,100.00,6.70,8.30
MLT,2014,433481,11888029752,27424.57,81.90,5.47,4.50,73.11,29.00,94.41,100.00,6.70,8.88
MLT,2015,444220,11340789706,25529.67,81.80,3.76,6.00,75.96,29.40,94.44,100.00,6.60,8.70
MLT,2016,454505,12025777078,26459.06,82.35,3.00,9.20,78.08,29.10,94.48,100.00,6.50,8.70
MLT,2017,467106,14161374599,30317.26,82.20,3.34,7.30,81.01,29.20,94.57,100.00,6.40,8.31
MLT,2018,483903,16153785817,33382.28,82.25,3.24,7.60,81.66,28.70,94.72,100.00,6.30,8.11
MLT,2019,503912,16337788881,32421.91,82.66,3.32,7.40,85.78,31.00,94.93,100.00,6.10,8.89
MLT,2020,515490,16404655808,31823.42,82.10,3.14,9.20,86.86,31.40,95.18,100.00,6.00,9.85
MLT,2021,518150,19730119031,38078.01,82.26,3.14,8.60,87.47,31.60,95.51,100.00,5.80,9.53
MLT,2022,531113,18938869147,35658.83,82.30,3.38,,91.54,34.60,95.60,100.00,5.60,9.09
MLT,2023,552747,22625329776,40932.52,83.36,3.23,,92.07,31.80,95.63,100.00,5.50,8.84
MMR,2000,45290841,8905066164,196.62,60.36,0.22,80.20,,,27.53,41.90,88.90,2.01
MMR,2001,45771139,6477790688,141.53,60.64,0.19,82.50,0.00,,27.71,43.00,86.50,2.16
MMR,2002,46232653,6777632512,146.60,60.93,0.19,83.00,0.00,,27.88,47.00,84.10,2.59
MMR,2003,46667192,10467109978,224.29,61.20,0.23,79.90,0.02,,28.06,45.10,81.60,2.40
MMR,2004,47068772,10567354056,224.51,61.44,0.23,80.20,0.02,,28.23,46.20,79.10,2.33
MMR,2005,47438365,11986972419,252.69,61.72,0.24,79.60,0.07,,28.39,47.30,76.30,2.34
MMR,2006,47785135,14502553710,303.50,62.03,0.22,81.30,0.18,,28.55,48.40,73.60,2.27
MMR,2007,48125043,20182477481,419.38,62.37,0.23,80.50,0.22,,28.71,49.50,70.80,2.04
MMR,2008,48390793,31862554102,658.44,56.36,0.17,85.60,0.22,,28.86,50.60,101.70,2.12
MMR,2009,48660459,36906181381,758.44,63.10,0.16,85.80,0.22,,29.00,51.80,65.10,2.17
MMR,2010,49024382,49540813342,1010.53,63.48,0.18,84.60,0.25,,29.14,48.80,62.40,1.97
MMR,2011,49419820,59977326086,1213.63,63.86,0.19,83.80,0.98,,29.27,54.10,59.70,1.95
MMR,2012,49837446,59937796648,1202.67,64.25,0.25,78.10,1.40,,29.40,55.30,57.00,2.44
MMR,2013,50262658,60269732855,1199.10,64.62,0.28,75.60,1.80,,29.51,56.50,54.60,3.11
MMR,2014,50681634,65531374200,1293.00,64.99,0.35,72.00,7.40,,29.62,52.00,52.40,4.15
MMR,2015,51089056,59607290408,1166.73,65.29,0.39,70.00,10.90,38.10,29.72,60.50,50.50,5.20
MMR,2016,51495696,63298361996,1229.20,65.64,0.45,68.80,16.00,,29.81,55.60,48.70,4.76
MMR,2017,51894938,66053040483,1272.82,65.91,0.65,59.50,23.62,30.70,29.91,69.80,46.80,4.69
MMR,2018,52272247,67860515990,1298.21,66.23,0.64,59.40,29.38,,29.99,66.10,45.20,4.54
MMR,2019,52640713,75065106228,1425.99,66.46,0.65,58.50,36.54,,30.08,68.30,43.60,3.81
MMR,2020,53016522,79006113643,1490.22,66.61,0.65,59.20,45.45,,30.16,70.40,42.10,4.28
MMR,2021,53387102,66345291160,1242.72,65.55,0.60,62.90,,,30.24,72.50,40.80,5.54
MMR,2022,53756787,62253049892,1158.05,66.51,0.58,,,,30.31,73.70,39.50,4.49
MMR,2023,54133798,66757619000,1233.20,66.89,0.58,,,,30.38,76.80,38.10,4.46
MNE,2000,604950,984293044,1627.07,73.40,,,,,59.09,99.10,14.20,
MNE,2001,607389,1159869246,1909.60,73.58,,,,,60.14,99.10,13.70,
MNE,2002,609828,1286314054,2109.31,73.97,,,,,61.03,99.00,13.00,
MNE,2003,612267,1708196981,2789.95,74.06,,,,,61.70,99.00,12.20,
MNE,2004,613353,2077046942,3386.38,74.21,,,25.35,,62.21,99.00,11.40,
MNE,2005,614261,2258016380,3675.99,73.98,,47.60,27.10,30.20,62.68,99.80,10.60,
MNE,2006,615025,2719979875,4422.55,73.84,,44.80,28.90,30.00,63.11,99.00,9.70,
MNE,2007,615875,3682586459,5979.44,74.34,,42.30,30.80,31.40,63.50,99.00,8.90,
MNE,2008,616969,4559410049,7390.01,75.14,,38.80,32.90,30.50,63.84,99.00,8.10,
MNE,2009,618294,4159063347,6726.68,75.14,,49.20,35.10,31.00,64.11,99.10,7.40,
MNE,2010,619428,4136936244,6678.64,75.99,,49.10,37.50,28.90,64.31,99.20,6.70,
MNE,2011,620345,4507127585,7265.52,76.08,,42.80,35.61,30.80,64.42,99.00,6.10,7.97
MNE,2012,621418,4071828832,6552.48,76.30,,45.90,56.84,41.20,64.52,99.30,5.50,8.30
MNE,2013,622587,4422097042,7102.78,76.49,,49.30,60.31,39.00,64.63,99.70,5.00,8.47
MNE,2014,623744,4579635404,7342.17,76.34,,46.00,63.89,38.80,64.72,97.70,4.60,8.00
MNE,2015,624651,4010884107,6421.00,76.60,,43.00,68.12,39.00,64.82,99.50,4.20,9.02
MNE,2016,625353,4357467226,6968.01,76.54,,43.90,69.88,38.50,64.91,99.60,3.90,8.63
MNE,2017,625982,4803964684,7674.29,76.69,,37.80,71.27,36.90,65.00,100.00,3.60,7.98
MNE,2018,626438,5433469311,8673.59,77.89,,40.60,71.52,36.80,65.09,100.00,3.30,8.34
MNE,2019,626753,5483622632,8749.26,76.68,,38.70,73.48,35.70,65.17,100.00,3.10,8.33
MNE,2020,626590,4734192593,7555.49,75.93,,39.60,77.61,35.40,65.25,99.90,2.90,11.42
MNE,2021,625053,5822908964,9315.86,73.82,,39.60,82.22,34.30,65.33,99.80,2.80,10.55
MNE,2022,623591,6259721790,10038.18,76.19,,,88.22,,65.40,100.00,2.60,10.19
MNE,2023,623529,7643318276,12258.16,77.59,,,88.55,,65.47,100.00,2.50,9.65
MNG,2000,2388299,1136896124,476.03,63.21,3.79,5.70,1.26,,56.73,67.30,62.50,6.08
MNG,2001,2417751,1267997934,524.45,63.39,3.73,6.10,1.65,,57.22,71.70,57.70,5.44
MNG,2002,2449027,1396555720,570.25,63.54,3.94,6.50,2.04,32.90,58.13,72.80,52.90,5.49
MNG,2003,2480374,1595297356,643.17,63.58,3.77,6.10,,,59.35,76.30,48.50,4.30
MNG,2004,2508412,1992066808,794.15,64.63,3.82,5.80,,,60.78,74.80,44.30,4.30
MNG,2005,2536407,2523471601,994.90,65.28,4.39,5.30,9.00,,62.31,86.20,40.50,3.86
MNG,2006,2567168,3414055662,1329.89,65.90,4.95,4.50,9.00,,63.84,77.00,37.00,3.75
MNG,2007,2601850,4234999704,1627.69,66.59,5.08,4.70,9.00,35.80,65.26,78.10,33.80,4.08
MNG,2008,2643201,5623216608,2127.43,67.25,5.00,4.70,9.80,,66.47,79.20,31.00,4.56
MNG,2009,2691115,4583850368,1703.33,67.97,5.18,4.40,10.00,,67.37,80.30,28.50,4.46
MNG,2010,2738622,7189481999,2625.22,68.51,5.44,4.50,10.20,33.10,67.83,78.50,26.30,3.74
MNG,2011,2786317,10409797378,3736.04,69.11,5.83,4.00,12.50,33.90,67.92,72.10,24.40,3.59
MNG,2012,2839705,12292770632,4328.89,69.50,6.22,3.00,16.40,33.80,67.95,83.70,22.80,3.86
MNG,2013,2899011,12582122604,4340.14,70.10,6.62,3.00,17.70,,67.98,81.20,21.50,4.09
MNG,2014,2963113,12226514668,4126.24,70.58,6.59,3.30,19.94,32.00,67.99,86.00,20.40,4.21
MNG,2015,3026864,11619892591,3838.92,70.81,5.96,3.50,22.50,,68.00,88.00,19.40,4.23
MNG,2016,3088856,11181350649,3619.90,70.22,6.19,3.40,22.27,32.30,67.98,90.80,18.40,4.58
MNG,2017,3148917,11480847741,3645.97,70.54,6.69,1.80,23.71,,67.93,93.60,17.40,4.34
MNG,2018,3208189,13178094720,4107.64,70.83,7.16,2.10,47.13,32.70,67.87,98.10,16.40,4.53
MNG,2019,3267673,14206359018,4347.55,71.05,7.75,2.30,51.08,,67.83,98.90,15.60,4.49
MNG,2020,3327204,13312981429,4001.25,71.35,6.77,2.90,62.50,,68.09,99.50,14.80,4.67
MNG,2021,3383741,15286441738,4517.62,71.65,7.36,3.00,81.61,,69.22,100.00,14.30,7.21
MNG,2022,3433748,17146471714,4993.51,71.90,7.27,,81.08,31.40,69.78,100.00,13.90,8.85
MNG,2023,3481145,20325121394,5838.63,72.12,7.80,,83.74,,70.45,100.00,13.60,6.07
MNP,2000,68356,,,74.90,0.00,0.00,,,90.16,100.00,,
MNP,2001,67984,,,75.42,0.00,0.00,,,90.25,100.00,,
MNP,2002,66778,1284000000,19227.89,75.93,0.00,0.00,,,90.34,99.90,,
MNP,2003,65421,1239000000,18938.87,76.51,0.00,0.00,,,90.42,99.90,,
MNP,2004,63938,1210000000,18924.58,76.79,0.00,0.00,,,90.50,99.80,,
MNP,2005,62354,1061000000,17015.75,77.31,0.00,0.00,,,90.58,99.80,,
MNP,2006,60682,990000000,16314.56,77.69,0.00,0.00,,,90.65,99.70,,
MNP,2007,58941,938000000,15914.22,77.86,0.00,0.00,,,90.73,100.00,,
MNP,2008,57150,939000000,16430.45,77.94,0.00,0.00,,,90.80,100.00,,
MNP,2009,55325,795000000,14369.63,77.90,0.00,0.00,,,90.87,100.00,,
MNP,2010,54091,799000000,14771.40,77.80,0.00,0.00,,,90.95,100.00,,
MNP,2011,53608,729000000,13598.72,77.69,0.00,0.00,,,91.03,100.00,,
MNP,2012,53234,746000000,14013.60,77.57,0.00,0.00,,,91.10,100.00,,
MNP,2013,52758,772000000,14632.85,77.45,0.00,0.00,,,91.18,100.00,,
MNP,2014,52178,832000000,15945.42,77.38,0.00,0.00,,,91.25,100.00,,
MNP,2015,51514,910000000,17665.10,77.36,0.00,0.00,,,91.33,100.00,,
MNP,2016,50773,1230000000,24225.47,77.39,0.00,0.00,,,91.40,100.00,,
MNP,2017,49959,1560000000,31225.60,77.47,0.00,0.00,,,91.47,100.00,,
MNP,2018,49077,1301000000,26509.36,77.51,0.00,0.00,,,91.54,100.00,,
MNP,2019,48129,1179000000,24496.67,77.84,0.00,0.00,,,91.62,100.00,,
MNP,2020,47528,866000000,18220.84,78.03,0.00,0.30,,,91.69,100.00,,
MNP,2021,46979,914000000,19455.50,78.16,0.00,0.50,,,91.78,100.00,,
MNP,2022,46078,1096000000,23785.75,78.53,0.00,0.50,,,91.88,100.00,,
MNP,2023,45143,,,78.81,0.00,,,,91.98,100.00,,
MOZ,2000,18129653,5930685215,327.13,49.48,0.09,93.60,0.11,,29.24,6.10,164.60,2.14
MOZ,2001,18537729,5650154067,304.79,50.26,0.10,93.00,0.16,,29.41,5.70,155.70,2.80
MOZ,2002,18958338,5950769427,313.89,50.88,0.10,93.20,0.26,46.90,29.57,8.40,147.50,3.19
MOZ,2003,19392475,6583526861,339.49,51.38,0.13,92.70,0.42,,29.71,8.10,139.80,3.25
MOZ,2004,19840313,7937255565,400.06,51.86,0.14,92.90,0.68,,29.86,10.70,132.50,3.53
MOZ,2005,20304569,8868504900,436.77,52.32,0.13,93.70,0.85,,30.01,11.80,125.70,4.21
MOZ,2006,20787087,9509835537,457.49,52.75,0.14,93.10,0.84,,30.17,13.00,118.80,3.95
MOZ,2007,21287635,10811456006,507.87,53.26,0.15,87.50,0.91,,30.36,12.40,110.70,3.80
MOZ,2008,21819036,12920340965,592.16,53.80,0.14,88.10,1.56,45.50,30.56,13.60,104.40,4.13
MOZ,2009,22391745,12263894790,547.70,54.40,0.15,86.10,2.68,,30.77,15.00,98.30,5.06
MOZ,2010,22999235,11411894724,496.19,55.04,0.16,84.90,4.17,,30.99,18.90,95.60,5.29
MOZ,2011,23649039,14619279989,618.18,55.73,0.18,85.40,4.60,,31.21,20.20,91.10,4.92
MOZ,2012,24337846,16688114144,685.69,56.46,0.19,84.50,5.00,,31.43,21.20,86.50,5.14
MOZ,2013,25051611,17198073057,686.51,57.19,0.20,83.10,5.50,,31.66,22.40,82.90,6.05
MOZ,2014,25788475,17978246586,697.14,57.97,0.22,81.20,6.00,54.00,31.90,24.80,79.70,6.24
MOZ,2015,26547572,16208985770,610.56,58.71,0.24,80.10,6.50,,32.14,24.00,75.80,6.61
MOZ,2016,27337105,12069051237,441.49,59.46,0.30,77.40,7.00,,32.38,26.20,73.30,7.22
MOZ,2017,28166393,13264640646,470.94,60.15,0.30,78.20,7.80,,32.63,24.30,72.00,7.81
MOZ,2018,29018644,15017358953,517.51,60.79,0.28,79.00,10.90,,32.99,31.10,70.20,7.98
MOZ,2019,29884380,15512759047,519.09,61.31,0.29,77.50,12.48,50.70,33.42,29.70,68.60,7.90
MOZ,2020,30783688,14235420174,462.43,61.39,0.26,80.20,14.29,,33.90,30.60,67.60,7.55
MOZ,2021,31707800,16168055475,509.91,60.27,0.29,76.90,16.36,,34.45,31.50,65.50,8.65
MOZ,2022,32656246,18884232599,578.27,63.01,0.33,,18.96,49.60,35.05,33.20,63.90,8.25
MOZ,2023,33635160,20927498317,622.19,63.61,0.32,,19.95,,35.71,36.00,61.70,8.50
MRT,2000,2613441,1779520886,680.91,61.04,0.40,44.40,0.19,39.00,38.06,19.10,98.00,3.38
MRT,2001,2678760,1746063558,651.82,61.66,0.44,44.20,0.26,,38.11,22.20,93.40,3.57
MRT,2002,2738655,1777057481,648.88,62.25,0.47,42.10,0.36,,38.39,21.70,88.20,4.00
MRT,2003,2802046,2051147607,732.02,62.81,0.49,40.20,0.42,,38.89,23.00,82.80,4.03
MRT,2004,2868664,2362501023,823.55,63.37,0.52,38.60,0.48,40.20,39.57,24.30,77.50,3.70
MRT,2005,2939059,2936019526,998.97,63.92,0.52,38.80,0.67,,40.41,18.20,72.50,3.40
MRT,2006,3013660,3919577286,1300.60,64.49,0.56,39.10,0.98,,41.37,27.00,68.10,2.70
MRT,2007,3093059,4346212355,1405.15,64.89,0.61,35.60,1.43,,42.44,33.00,64.30,2.88
MRT,2008,3183269,5206437194,1635.56,65.23,0.66,35.80,1.87,35.70,43.58,30.00,61.30,3.01
MRT,2009,3284448,4714595548,1435.43,65.49,0.64,33.40,2.28,,44.76,31.10,58.80,3.11
MRT,2010,3390965,5628878798,1659.96,65.66,0.62,34.00,4.00,,45.95,34.20,56.80,2.64
MRT,2011,3502811,6764627746,1931.20,65.75,0.65,33.30,4.50,,47.14,35.30,55.10,2.47
MRT,2012,3619034,6728208836,1859.12,65.81,0.70,31.90,5.00,,48.27,36.40,53.50,2.65
MRT,2013,3734318,7230646063,1936.27,65.89,0.62,35.10,6.20,,49.36,37.60,52.10,2.87
MRT,2014,3848514,6615483550,1718.97,66.21,0.70,31.00,11.80,32.60,50.47,38.80,50.60,3.47
MRT,2015,3965959,6182303677,1558.84,66.50,0.70,28.30,17.60,,51.67,39.50,49.10,3.67
MRT,2016,4086657,6407900701,1568.01,66.82,0.64,31.70,19.23,,52.92,41.20,47.70,3.19
MRT,2017,4210600,6812472965,1617.93,67.09,0.90,25.50,21.02,,54.20,42.90,46.20,3.42
MRT,2018,4337685,7475471310,1723.38,67.42,1.02,21.60,22.97,,55.13,43.60,44.70,2.88
MRT,2019,4467708,7894764886,1767.07,67.64,1.00,21.20,25.10,32.00,56.06,44.90,43.40,3.09
MRT,2020,4600131,8260567357,1795.72,66.79,1.01,20.90,29.91,,56.98,45.40,42.00,3.00
MRT,2021,4734874,9221044667,1947.47,66.76,0.93,22.10,35.64,,57.90,47.70,40.70,3.78
MRT,2022,4875637,9562497461,1961.28,68.28,1.03,19.60,42.46,,58.81,49.00,39.40,4.67
MRT,2023,5022441,10687541640,2127.96,68.48,0.96,,44.96,,59.71,50.30,38.10,4.34
MUS,2000,1186873,4726108622,3981.98,71.66,2.06,20.40,7.28,,42.06,99.00,18.80,2.86
MUS,2001,1196287,4675755867,3908.56,71.77,2.16,20.10,8.78,,41.88,99.20,17.50,2.92
MUS,2002,1204621,4906494249,4073.06,71.97,2.19,17.90,10.25,,41.70,99.40,16.60,3.19
MUS,2003,1213370,5894873920,4858.27,72.12,2.28,18.90,12.19,,41.51,99.10,16.00,3.18
MUS,2004,1221003,6667418752,5460.61,72.27,2.28,19.10,13.69,,41.33,99.00,15.70,3.32
MUS,2005,1228254,6576108447,5354.03,72.43,2.43,17.60,15.17,,41.14,99.00,15.60,3.52
MUS,2006,1233996,7137710413,5784.22,72.43,2.69,16.40,16.70,35.70,40.96,99.00,15.40,3.61
MUS,2007,1239630,8277474850,6677.38,72.57,2.75,15.70,20.22,,40.78,99.00,15.20,3.52
MUS,2008,1244121,10127741915,8140.48,72.57,2.80,12.70,21.81,,40.62,99.00,15.00,3.94
MUS,2009,1247429,9264482256,7426.86,72.88,2.76,12.80,22.51,,40.45,99.00,14.90,4.17
MUS,2010,1250400,10144716155,8113.18,72.97,2.94,12.80,28.33,,40.30,99.40,14.80,4.52
MUS,2011,1252404,11677718382,9324.24,73.27,2.92,12.00,34.95,,40.17,99.60,14.90,4.25
MUS,2012,1255882,11832323837,9421.53,73.86,2.98,11.40,35.42,38.50,40.04,99.40,15.00,4.22
MUS,2013,1258927,12434596541,9877.14,74.02,3.06,11.40,40.12,,39.91,99.40,14.90,4.62
MUS,2014,1261208,13230490082,10490.33,74.19,3.16,10.60,44.80,,39.79,99.50,14.70,5.38
MUS,2015,1262879,12162211503,9630.54,74.35,3.16,11.50,50.14,,39.67,99.60,14.50,5.55
MUS,2016,1263747,12757680847,10095.12,74.39,3.22,10.30,52.19,,39.56,99.70,14.60,5.54
MUS,2017,1264887,13896938315,10986.70,74.51,3.33,9.40,55.40,36.80,39.45,99.60,15.00,5.60
MUS,2018,1265577,14957535716,11818.75,74.42,3.30,9.20,58.60,,39.35,99.80,15.40,5.60
MUS,2019,1265985,14645235205,11568.25,74.24,3.32,8.90,61.73,,39.25,100.00,15.70,5.70
MUS,2020,1266014,11566111138,9135.85,74.18,2.96,9.40,67.73,,39.16,99.50,15.80,6.10
MUS,2021,1266334,11622048697,9177.71,73.68,3.15,8.60,71.60,,39.08,99.60,15.70,6.62
MUS,2022,1262523,12936444123,10246.50,73.51,3.21,,75.50,,39.00,100.00,15.50,5.84
MUS,2023,1248647,14072212290,11269.97,73.41,3.46,,79.50,,39.00,100.00,15.40,5.57
MWI,2000,11315942,2537307580,224.22,46.17,0.27,82.60,0.13,,14.68,4.80,171.00,2.35
MWI,2001,11593058,2498008665,215.47,47.21,0.27,83.10,0.16,,14.78,5.20,239.00,2.06
MWI,2002,11880440,5087328438,428.21,48.18,0.26,83.30,0.22,,14.87,5.60,143.20,2.70
MWI,2003,12181574,4669789300,383.35,49.60,0.26,82.80,0.28,,14.96,6.20,130.00,3.32
MWI,2004,12500737,5058726350,404.67,51.07,0.25,82.40,0.35,39.90,15.03,6.90,118.70,4.07
MWI,2005,12840031,5320409651,414.36,52.47,0.28,83.20,0.38,,15.10,6.60,109.70,4.30
MWI,2006,13198701,5818279739,440.82,53.65,0.29,82.80,0.43,,15.18,3.70,102.70,4.91
MWI,2007,13576343,6451210219,475.18,54.69,0.30,82.20,0.97,,15.25,7.40,96.90,5.44
MWI,2008,13976417,7743617352,554.05,55.72,0.31,80.40,0.70,,15.32,7.80,91.00,6.11
MWI,2009,14395788,9009887947,625.87,56.71,0.29,80.00,1.07,,15.40,8.30,85.30,5.87
MWI,2010,14826463,10128323011,683.12,57.79,0.30,81.20,2.26,45.50,15.48,8.70,80.10,5.14
MWI,2011,15265022,11648142958,763.06,58.86,0.38,80.20,3.33,,15.55,7.60,74.00,5.32
MWI,2012,15709577,8773203178,558.46,59.87,0.36,80.20,4.35,,15.63,7.40,67.90,6.02
MWI,2013,16161816,8031571928,496.95,60.82,0.31,79.80,5.05,,15.70,9.00,62.90,8.22
MWI,2014,16621538,8801326169,529.51,61.65,0.30,82.80,5.83,,15.77,11.90,60.00,6.90
MWI,2015,17085587,9219474379,539.61,62.32,0.29,81.00,6.00,,15.83,10.80,57.40,6.63
MWI,2016,17557739,7909868618,450.51,63.16,0.28,78.90,6.30,44.70,15.90,11.00,55.80,7.73
MWI,2017,18039715,8943543794,495.77,63.91,0.30,76.90,7.00,,15.96,12.70,53.80,7.58
MWI,2018,18528081,9879220354,533.20,64.46,0.29,73.20,8.80,,16.02,18.00,52.00,6.88
MWI,2019,19025752,11051852713,580.89,65.00,0.29,70.90,11.06,38.50,16.14,11.20,51.30,6.37
MWI,2020,19533888,11769313598,602.51,65.22,0.27,71.50,13.90,,16.30,11.50,50.40,7.04
MWI,2021,20047258,12378119199,617.45,64.78,0.31,71.10,15.30,,16.49,14.20,50.00,7.52
MWI,2022,20568728,12429059928,604.27,66.04,0.27,62.90,16.85,,16.71,14.00,50.10,6.63
MWI,2023,21104482,13363669673,633.21,67.35,0.22,,17.99,,16.97,15.60,49.60,6.53
MYS,2000,22967816,93789736842,4083.53,72.73,5.69,4.40,21.38,,61.97,98.60,9.90,2.51
MYS,2001,23526538,92783947368,3943.80,73.08,5.88,4.20,26.70,,63.02,98.60,9.30,2.68
MYS,2002,24102477,100845526316,4184.03,73.47,6.08,3.50,32.34,,64.06,98.60,8.80,2.67
MYS,2003,24679602,110202368421,4465.32,73.73,6.34,3.30,34.97,46.40,65.08,98.70,8.60,2.92
MYS,2004,25256772,124749473684,4939.25,74.03,6.71,3.20,42.25,,66.06,98.70,8.40,2.86
MYS,2005,25836071,143534405819,5555.58,74.37,7.01,3.00,48.63,,67.02,98.70,8.30,2.79
MYS,2006,26417909,162692258307,6158.41,74.70,7.11,3.10,51.64,44.80,67.92,98.80,8.30,3.11
MYS,2007,26998389,193549569478,7168.93,74.96,7.59,2.80,55.70,,68.76,98.90,8.30,3.07
MYS,2008,27570059,230811614370,8371.82,75.15,7.84,3.00,55.80,45.50,69.54,99.00,8.20,3.01
MYS,2009,28124778,202257453037,7191.43,75.27,7.04,2.30,55.90,,70.25,99.30,8.20,3.26
MYS,2010,28655776,255017638456,8899.35,75.38,7.52,2.00,56.30,,70.86,99.50,8.10,3.16
MYS,2011,29162039,297951668675,10217.11,75.49,7.48,2.20,61.00,43.60,71.42,99.50,8.10,3.31
MYS,2012,29662831,314443047642,10600.57,75.55,7.41,2.50,65.80,,71.97,99.80,8.00,3.46
MYS,2013,30174265,323276235524,10713.64,75.46,7.86,2.80,57.06,41.30,72.49,99.60,8.00,3.51
MYS,2014,30696137,338066095097,11013.31,75.35,8.19,3.00,63.67,,72.98,99.70,8.10,3.71
MYS,2015,31232798,301355266965,9648.68,75.29,8.10,3.40,71.06,41.10,73.44,99.90,8.20,3.82
MYS,2016,31789685,301256033870,9476.53,75.37,7.79,4.40,78.79,,73.86,99.90,8.20,3.70
MYS,2017,32355644,319109094160,9862.55,75.54,7.35,5.20,80.14,,74.24,100.00,8.20,3.71
MYS,2018,32910967,358788845713,10901.80,75.73,7.73,5.30,81.20,41.20,74.56,100.00,8.20,3.76
MYS,2019,33440596,365177721022,10920.19,75.90,7.63,5.70,84.19,,74.84,100.00,8.20,3.84
MYS,2020,33889558,337456163961,9957.53,76.06,7.47,7.00,89.56,,75.05,100.00,8.20,4.08
MYS,2021,34282399,373784553030,10903.10,73.92,7.52,7.50,96.75,40.70,75.51,100.00,8.20,4.37
MYS,2022,34695493,407830525990,11754.57,75.44,7.98,,97.40,,75.97,100.00,8.20,3.90
MYS,2023,35126298,399949418753,11386.04,76.66,8.04,,97.69,,76.44,100.00,8.30,3.96
NAC,2000,312909691,10999205634932,35151.37,76.89,20.68,7.00,,,79.03,100.00,8.30,12.20
NAC,2001,316051677,11324591275355,35831.45,77.09,20.29,6.29,,,79.27,100.00,8.20,12.87
NAC,2002,319046534,11693695836552,36652.01,77.19,19.69,6.49,,,79.51,100.00,8.10,13.66
NAC,2003,321812780,12356178599085,38395.55,77.30,19.78,6.91,,,79.74,100.00,8.00,14.11
NAC,2004,324806660,13248371709918,40788.49,77.73,19.83,7.17,,,79.97,100.00,7.90,14.13
NAC,2005,327822042,14217183637403,43368.60,77.75,19.74,7.50,68.30,,80.18,100.00,7.80,14.12
NAC,2006,331013939,15141018255289,45741.33,77.97,19.23,7.99,69.30,,80.36,100.00,7.70,14.24
NAC,2007,334183103,15949815407783,47727.77,78.24,19.35,7.94,74.80,,80.51,100.00,7.60,14.41
NAC,2008,337404564,16329835439550,48398.38,78.30,18.57,8.40,74.30,,80.63,100.00,7.50,14.67
NAC,2009,340465163,15859350766600,46581.42,78.65,17.08,8.92,71.90,,80.71,100.00,7.30,15.72
NAC,2010,343447854,16672954718092,48545.81,78.82,17.71,8.88,72.50,,80.73,100.00,7.20,15.66
NAC,2011,346242415,17399380418901,50252.02,78.92,16.99,9.86,71.00,,80.74,100.00,7.00,15.55
NAC,2012,349116140,18088707665072,51812.87,79.03,16.20,10.01,75.50,,80.73,100.00,6.90,15.56
NAC,2013,351870848,18733732587414,53240.37,79.04,16.48,10.39,72.80,,80.72,100.00,6.80,15.41
NAC,2014,354755155,19420303676809,54742.84,79.14,16.42,10.49,74.40,,80.69,100.00,6.70,15.60
NAC,2015,357583083,19858183921200,55534.46,79.00,15.96,10.39,76.10,,80.64,100.00,6.60,15.96
NAC,2016,360527592,20339809161641,56416.79,78.88,15.54,10.72,86.10,,80.58,100.00,6.60,16.27
NAC,2017,363217262,21268513812515,58555.90,78.87,15.28,11.21,87.80,,80.51,100.00,6.50,16.20
NAC,2018,365666028,22389072713238,61228.20,78.96,15.67,11.31,89.10,,80.41,100.00,6.40,16.08
NAC,2019,367908829,23291134417157,63306.81,79.13,15.16,11.58,89.70,,80.30,100.00,6.40,16.13
NAC,2020,369671124,23037855330882,62319.87,77.45,13.57,12.46,90.50,,80.20,100.00,6.40,18.12
NAC,2021,370404678,25755312987897,69532.90,76.86,14.35,,91.50,,80.24,100.00,6.40,16.96
NAC,2022,373011185,28262944669046,75769.70,77.82,14.45,,92.60,,80.28,100.00,6.40,16.10
NAC,2023,376868838,30016713196347,79647.64,78.73,13.76,,93.30,,80.34,100.00,6.40,16.29
NAM,2000,1818647,3922232165,2156.68,52.95,1.05,34.80,1.64,,32.12,36.50,78.20,10.05
NAM,2001,1857048,3557341215,1915.59,51.98,1.32,30.40,2.42,,32.86,36.00,77.60,10.47
NAM,2002,1889970,3349169826,1772.08,51.99,1.13,33.80,2.63,,33.65,36.90,76.60,10.48
NAM,2003,1917464,4926439384,2569.25,51.92,1.19,33.30,3.36,63.30,34.55,37.80,75.60,10.74
NAM,2004,1942082,6609205995,3403.15,52.18,1.23,34.80,3.80,,35.54,38.70,74.40,10.89
NAM,2005,1966582,7248374838,3685.77,52.56,1.31,34.60,4.01,,36.59,39.60,71.00,10.83
NAM,2006,1991888,8001779551,4017.18,53.18,1.27,35.80,4.40,,37.67,40.50,66.00,11.30
NAM,2007,2018600,8839536476,4379.04,54.03,1.29,36.50,4.84,,38.76,43.70,62.00,11.41
NAM,2008,2047056,8607431497,4204.79,54.74,1.45,32.50,5.33,,39.83,42.40,57.50,10.68
NAM,2009,2077394,8938847189,4302.91,55.35,1.47,33.40,6.50,61.00,40.85,44.10,53.20,9.90
NAM,2010,2109811,11431412421,5418.22,56.09,1.27,31.20,11.60,,41.79,44.40,50.30,10.62
NAM,2011,2146325,12523359441,5834.79,56.65,1.33,31.60,12.00,,42.63,42.30,50.00,10.86
NAM,2012,2194654,13042053592,5942.65,57.73,1.36,31.90,12.94,,43.38,46.40,52.60,10.20
NAM,2013,2252508,12043307277,5346.62,58.47,1.38,30.70,13.90,,44.11,47.40,50.80,10.09
NAM,2014,2312139,12435430970,5378.32,59.31,1.39,30.20,14.84,,44.82,48.40,50.00,8.41
NAM,2015,2374300,11335161084,4774.11,60.01,1.50,29.30,25.69,59.10,45.51,51.60,51.80,9.98
NAM,2016,2439213,10722018732,4395.69,60.81,1.60,29.20,31.03,,46.18,49.70,51.40,9.32
NAM,2017,2506853,12895153371,5143.96,61.66,1.50,30.20,36.84,,46.81,52.50,49.80,8.71
NAM,2018,2577327,13682019076,5308.61,62.58,1.48,30.90,42.82,,47.42,52.30,48.50,8.62
NAM,2019,2650494,12541928303,4731.92,63.55,1.46,30.20,49.78,,48.00,53.30,46.60,8.86
NAM,2020,2728762,10583748542,3878.59,64.07,1.30,31.20,57.86,,48.55,52.30,44.80,9.56
NAM,2021,2810548,12402486184,4412.84,60.85,1.32,30.00,60.26,,49.06,55.20,43.20,10.20
NAM,2022,2889662,12569449123,4349.80,64.19,1.24,,63.00,,49.53,56.20,41.60,9.62
NAM,2023,2963095,12522012874,4225.99,67.39,1.22,,63.70,,49.95,56.70,41.10,9.48
NCL,2000,223098,3420032041,15329.73,73.57,9.67,7.50,13.94,,61.61,100.00,,
NCL,2001,227707,3297734891,14482.36,73.96,9.68,6.70,18.24,,62.00,100.00,,
NCL,2002,232236,3740056748,16104.55,74.28,10.56,5.30,22.39,,62.41,100.00,,
NCL,2003,236678,4915353827,20768.11,74.50,11.48,4.90,26.41,,62.85,100.00,,
NCL,2004,240852,5895008978,24475.65,74.71,10.11,5.20,30.30,,63.31,100.00,,
NCL,2005,244381,6238629487,25528.29,74.87,11.05,5.10,32.36,,63.92,100.00,,
NCL,2006,247547,6979155388,28193.25,75.02,11.00,4.50,33.52,,64.75,100.00,,
NCL,2007,250725,8819917180,35177.65,75.18,11.13,5.80,35.05,,65.62,100.00,,
NCL,2008,253825,9067619760,35723.90,75.40,10.63,7.80,34.51,,66.33,100.00,,
NCL,2009,257250,8704438102,33836.49,75.68,10.54,7.00,33.99,,66.66,100.00,,
NCL,2010,261582,9364350077,35798.91,75.99,13.45,4.80,42.00,,66.70,100.00,,
NCL,2011,266543,10351448005,38835.94,76.32,13.30,5.90,50.00,,66.73,100.00,,
NCL,2012,271633,9659151917,35559.57,76.62,13.13,6.20,58.00,,66.74,100.00,,
NCL,2013,276822,10151382933,36671.16,76.87,14.18,6.60,66.00,,66.76,100.00,,
NCL,2014,281224,10635035595,37816.96,77.05,17.03,4.30,70.00,,66.78,100.00,,
NCL,2015,283168,8738203074,30858.72,77.21,16.12,5.10,74.00,,66.83,100.00,,
NCL,2016,283423,8724568955,30782.85,77.36,17.20,3.70,,,66.89,100.00,,
NCL,2017,283546,9174048682,32354.71,77.50,15.49,5.10,82.01,,66.97,100.00,,
NCL,2018,283541,9896402284,34902.90,77.56,21.25,4.60,,,67.06,100.00,,
NCL,2019,283606,9475655325,33411.34,77.26,20.39,5.20,,,67.16,100.00,,
NCL,2020,284176,9454629468,33270.33,77.05,19.87,6.10,,,67.27,100.00,,
NCL,2021,285214,10071349664,35311.55,77.11,16.35,8.30,,,67.41,100.00,,
NCL,2022,287123,9623318718,33516.36,77.70,16.08,9.60,,,67.57,100.00,,
NCL,2023,289870,9769167530,33701.89,78.77,16.78,,,,67.75,100.00,,
NER,2000,11509630,2241753193,194.77,49.17,0.06,87.60,0.04,,16.13,6.50,227.90,4.66
NER,2001,11920647,2448714704,205.42,49.87,0.06,87.70,0.11,,16.27,8.40,217.40,4.73
NER,2002,12349144,2782192879,225.29,50.65,0.06,87.70,0.13,,16.27,8.80,205.90,4.83
NER,2003,12796984,3394084732,265.23,51.55,0.06,87.00,0.16,,16.27,9.30,194.10,4.75
NER,2004,13265836,3760443738,283.47,52.40,0.06,87.00,0.19,,16.27,9.70,182.40,4.98
NER,2005,13756192,4383315965,318.64,53.32,0.06,87.50,0.22,44.40,16.27,7.10,171.40,5.88
NER,2006,14268581,4756361252,333.35,54.22,0.06,87.40,0.29,,16.27,9.30,161.60,5.99
NER,2007,14803610,5731485052,387.17,55.06,0.06,86.20,0.39,37.30,16.26,11.20,153.10,5.43
NER,2008,15361915,7297600226,475.04,55.85,0.06,86.10,0.70,,16.26,11.80,146.00,5.25
NER,2009,15943675,7352131310,461.13,56.49,0.07,83.20,0.76,,16.25,12.30,140.30,5.34
NER,2010,16548835,7851192502,474.43,57.08,0.09,80.70,0.83,,16.24,13.60,136.00,4.96
NER,2011,17176283,8772950778,510.76,57.60,0.09,77.20,0.90,31.50,16.23,14.30,132.70,4.87
NER,2012,17836769,9426912648,528.51,57.99,0.12,72.70,1.05,,16.21,14.40,130.30,4.31
NER,2013,18519898,10224897438,552.10,58.36,0.11,78.70,1.15,,16.22,15.20,128.30,4.47
NER,2014,19215909,10862943544,565.31,58.69,0.11,78.10,1.25,34.30,16.25,15.70,126.80,4.45
NER,2015,19939498,9683867926,485.66,58.85,0.11,78.90,2.48,,16.30,16.60,125.40,5.35
NER,2016,20685753,10341025540,499.91,59.23,0.10,80.20,4.32,,16.39,17.00,124.30,4.53
NER,2017,21435446,11359273443,529.93,59.52,0.09,82.00,10.22,,16.50,17.60,123.10,5.58
NER,2018,22188069,12800907986,576.93,59.77,0.09,82.00,10.74,37.30,16.64,17.60,121.90,5.30
NER,2019,22947757,12420836507,541.27,60.03,0.10,80.70,11.29,,16.81,18.50,120.80,5.67
NER,2020,23717613,13648332190,575.45,59.89,0.10,81.90,11.86,,17.01,18.70,119.50,6.17
NER,2021,24502140,14936154253,609.59,59.54,0.12,79.60,12.46,32.90,17.23,18.60,118.00,5.81
NER,2022,25311973,15531799641,613.61,60.40,0.13,,13.09,,17.48,19.50,116.00,4.35
NER,2023,26159867,16949765464,647.93,61.18,0.12,,12.98,,17.75,20.10,113.50,4.05
NGA,2000,126382494,69171451627,547.32,47.14,0.79,86.00,0.06,,43.28,43.20,177.30,3.20
NGA,2001,129862595,73557840064,566.43,47.55,0.82,84.50,0.09,,44.13,43.90,170.50,3.19
NGA,2002,133471989,95054059303,712.16,48.02,0.72,84.50,0.32,,44.98,44.60,163.90,2.49
NGA,2003,137202644,104738954264,763.39,48.62,0.78,82.90,0.56,40.10,45.84,52.20,157.40,5.05
NGA,2004,141057045,135764731646,962.48,49.15,0.74,84.00,1.29,,46.70,46.10,151.40,4.63
NGA,2005,145017253,175670569969,1211.38,49.54,0.71,83.90,3.55,,47.57,46.80,145.80,4.47
NGA,2006,149077334,238454997161,1599.54,49.88,0.62,85.80,5.55,,48.42,47.60,140.90,4.26
NGA,2007,153267261,278260846800,1815.53,50.38,0.55,87.10,6.77,,49.24,50.10,136.50,3.91
NGA,2008,157595014,339476276258,2154.11,50.75,0.58,85.70,8.00,,50.05,50.30,132.50,3.70
NGA,2009,162049464,295008835381,1820.49,51.08,0.50,88.10,9.30,,50.86,50.00,129.20,3.58
NGA,2010,166642886,366990417129,2202.26,51.32,0.57,86.00,11.50,35.70,51.68,48.00,126.30,3.30
NGA,2011,171379598,414466676831,2418.41,51.49,0.61,84.10,13.80,,52.49,55.90,123.80,3.32
NGA,2012,176200625,463971018239,2633.20,51.69,0.58,83.90,16.10,35.50,53.30,53.00,121.60,3.36
NGA,2013,181049443,520117180314,2872.79,51.83,0.63,81.40,19.10,,54.11,55.60,119.90,3.42
NGA,2014,185896915,574183763412,3088.72,51.94,0.66,79.90,21.00,,54.92,54.20,118.70,3.35
NGA,2015,190671878,493026682801,2585.73,51.94,0.62,81.30,22.51,35.90,55.73,52.50,117.80,3.58
NGA,2016,195443700,404649125252,2070.41,52.19,0.63,81.10,24.14,,56.54,59.30,117.40,3.65
NGA,2017,200254579,375745731053,1876.34,52.40,0.58,81.60,25.88,,57.35,54.40,117.20,3.75
NGA,2018,204938755,421739251509,2057.88,52.67,0.59,80.80,27.74,35.10,58.16,56.50,117.20,3.09
NGA,2019,209485641,668219992687,3189.81,53.01,0.60,80.10,29.74,,58.96,55.40,117.40,2.99
NGA,2020,213996181,598586817817,2797.18,53.07,0.56,81.80,31.89,,59.77,55.40,117.40,3.38
NGA,2021,218529286,609147716965,2787.49,53.46,0.60,80.30,35.51,,60.57,59.50,117.60,4.08
NGA,2022,223150896,646950257575,2899.16,54.08,0.58,,39.15,33.90,61.37,60.50,117.50,4.21
NGA,2023,227882945,487387801878,2138.76,54.46,0.55,,40.06,,62.17,61.20,116.80,4.19
NIC,2000,5022633,5109587050,1017.31,66.36,0.75,58.40,0.98,,55.22,73.00,37.10,5.24
NIC,2001,5087825,5351752034,1051.87,67.03,0.78,56.70,1.45,52.90,55.35,72.20,35.30,5.48
NIC,2002,5149909,5223727303,1014.33,67.95,0.80,54.70,1.71,,55.49,74.10,33.80,5.73
NIC,2003,5210963,5322228351,1021.35,68.75,0.87,51.50,1.88,,55.63,74.60,32.40,6.08
NIC,2004,5272912,5792932838,1098.62,69.51,0.88,51.20,2.32,,55.78,75.20,31.10,6.06
NIC,2005,5342105,6321324279,1183.30,70.37,0.83,52.80,2.57,48.80,55.94,73.80,29.70,6.22
NIC,2006,5418855,6763672381,1248.17,70.96,0.86,53.30,2.81,,56.11,76.30,28.40,6.36
NIC,2007,5497243,7423375015,1350.38,71.20,0.88,52.60,3.90,,56.28,76.90,27.10,6.96
NIC,2008,5576593,8496967597,1523.68,71.40,0.83,53.80,5.30,,56.46,77.50,25.80,7.17
NIC,2009,5656601,8298702489,1467.08,71.50,0.80,54.60,7.30,43.90,56.65,77.90,24.50,7.69
NIC,2010,5737450,8758602233,1526.57,71.76,0.81,54.40,10.00,,56.84,80.10,23.20,7.71
NIC,2011,5819051,9774329333,1679.71,72.03,0.84,53.30,10.60,,57.04,81.20,21.90,7.45
NIC,2012,5901287,10532017232,1784.70,72.44,0.82,53.30,13.50,,57.23,81.30,20.60,7.49
NIC,2013,5983845,10982988249,1835.44,72.55,0.78,54.30,15.50,,57.43,81.90,19.40,7.64
NIC,2014,6066492,11880438824,1958.37,72.79,0.81,53.00,17.60,46.20,57.62,81.90,18.30,7.98
NIC,2015,6149417,12756696261,2074.46,72.90,0.89,50.00,19.70,,57.81,83.20,17.20,7.96
NIC,2016,6232666,13286093388,2131.69,73.18,0.92,49.50,24.57,,58.00,83.90,16.10,8.05
NIC,2017,6316231,13785893007,2182.61,73.39,0.90,48.90,30.40,,58.19,84.60,15.30,8.33
NIC,2018,6400080,13025221974,2035.17,73.88,0.81,51.30,33.91,,58.37,85.20,14.60,8.50
NIC,2019,6483657,12699023614,1958.62,73.76,0.82,50.50,39.01,,58.54,85.70,14.30,8.50
NIC,2020,6565267,12726422432,1938.45,70.77,0.72,52.20,44.87,,58.70,86.00,14.20,8.56
NIC,2021,6644741,14209019392,2138.39,70.48,0.78,50.40,51.62,,58.86,86.30,14.20,9.55
NIC,2022,6730654,15634573556,2322.89,74.46,0.78,,59.38,,59.00,86.50,14.30,8.98
NIC,2023,6823613,17805842221,2609.44,74.95,0.81,,60.30,,59.13,88.30,13.80,8.30
NLD,2000,15925513,417649282154,26225.17,77.99,11.11,1.70,43.98,,78.48,100.00,6.20,7.70
NLD,2001,16046180,432536219669,26955.71,78.19,11.31,1.80,49.37,,80.18,100.00,6.00,8.04
NLD,2002,16148929,475529972123,29446.53,78.29,11.26,1.90,61.29,,80.81,100.00,5.90,8.62
NLD,2003,16225302,582435617082,35896.75,78.49,11.36,1.90,64.35,,81.30,100.00,5.70,9.02
NLD,2004,16281779,661224886143,40611.34,79.10,11.47,2.20,68.52,29.80,82.25,100.00,5.50,9.07
NLD,2005,16319868,688133699636,42165.40,79.35,11.16,2.70,81.00,29.00,83.50,100.00,5.30,9.06
NLD,2006,16346101,737593995289,45123.54,79.70,10.87,3.10,83.70,30.00,84.65,100.00,5.10,9.04
NLD,2007,16381696,853499460873,52100.80,80.10,10.92,3.70,85.82,29.60,85.41,100.00,4.90,9.00
NLD,2008,16445593,957901566041,58246.70,80.25,10.94,3.90,87.42,29.30,85.61,100.00,4.70,9.22
NLD,2009,16530388,878954223140,53172.03,80.55,10.57,4.40,89.63,27.90,86.22,100.00,4.60,9.91
NLD,2010,16615394,852464982433,51305.73,80.70,11.20,3.90,90.72,27.80,87.35,100.00,4.40,10.09
NLD,2011,16693074,913140741333,54701.77,81.20,10.43,4.70,91.42,27.80,88.01,100.00,4.30,10.15
NLD,2012,16754962,845689017066,50473.94,81.10,10.24,4.90,92.86,27.60,88.53,100.00,4.20,10.45
NLD,2013,16804432,883951539007,52602.29,81.30,10.08,5.00,93.96,28.10,89.17,100.00,4.20,10.50
NLD,2014,16865008,901556501756,53457.22,81.71,9.59,5.60,91.67,28.60,89.84,100.00,4.10,10.46
NLD,2015,16939923,775743675303,45793.81,81.51,10.00,5.80,91.72,28.20,90.28,100.00,4.10,10.19
NLD,2016,17030314,797163949290,46808.53,81.56,10.03,5.60,90.41,28.20,90.58,100.00,4.10,9.89
NLD,2017,17131296,848233537846,49513.68,81.76,9.82,6.40,93.20,28.50,91.12,100.00,4.00,9.94
NLD,2018,17231624,929733599797,53955.08,81.81,9.46,7.40,91.89,28.10,92.61,100.00,4.00,9.85
NLD,2019,17344874,928903005576,53554.90,82.11,9.11,8.60,93.29,29.20,93.89,100.00,4.00,9.94
NLD,2020,17441500,932560861701,53467.93,81.36,8.15,10.70,91.33,26.00,94.25,100.00,4.00,10.95
NLD,2021,17533044,1054472123450,60141.99,81.31,8.32,12.20,92.05,25.70,94.63,100.00,4.00,11.13
NLD,2022,17700982,1046540797549,59123.32,81.61,7.52,,92.52,,94.99,100.00,4.00,10.03
NLD,2023,17877117,1135475867551,63515.60,81.86,6.88,,97.01,,95.32,100.00,3.90,9.83
NOR,2000,4490967,170620327660,37991.89,78.63,9.30,60.20,52.00,27.40,76.13,100.00,4.90,7.70
NOR,2001,4513751,173590978347,38458.25,78.79,9.37,59.60,64.00,,76.40,100.00,4.70,8.01
NOR,2002,4538159,195359978957,43048.29,78.99,9.16,59.50,72.84,,76.80,100.00,4.60,8.98
NOR,2003,4564855,229192678173,50208.10,79.39,9.74,56.20,78.13,27.60,77.26,100.00,4.40,9.19
NOR,2004,4591910,265662977688,57854.57,79.84,9.78,56.90,77.69,31.60,77.57,100.00,4.20,8.80
NOR,2005,4623291,311417306946,67358.36,80.04,9.37,58.60,81.99,30.60,77.83,100.00,4.10,8.30
NOR,2006,4660677,349773283645,75047.74,80.34,9.44,57.00,82.55,26.40,78.09,100.00,3.90,7.88
NOR,2007,4709153,407813774161,86600.24,80.40,9.54,57.40,86.93,27.10,78.41,100.00,3.70,8.02
NOR,2008,4768212,472060283688,99001.53,80.59,9.88,58.50,90.57,27.00,78.75,100.00,3.60,7.92
NOR,2009,4828726,395664488017,81939.73,80.80,9.35,56.70,92.08,26.20,79.06,100.00,3.40,9.03
NOR,2010,4889252,440132138425,90020.34,81.00,9.81,56.00,93.39,25.70,79.25,100.00,3.30,8.86
NOR,2011,4953088,512868581628,103545.22,81.30,9.48,56.00,93.49,25.30,79.31,100.00,3.10,8.73
NOR,2012,5018573,525082939407,104627.94,81.45,9.24,56.90,94.65,25.70,79.49,100.00,3.00,8.72
NOR,2013,5079623,540132255319,106333.14,81.75,9.23,56.60,95.05,26.40,79.97,100.00,2.90,8.87
NOR,2014,5137232,515829568897,100410.02,82.10,9.15,55.80,96.30,26.80,80.61,100.00,2.80,9.28
NOR,2015,5188607,400669174331,77220.95,82.30,9.24,56.50,96.81,27.50,81.24,100.00,2.70,10.07
NOR,2016,5234519,383284047619,73222.40,82.41,9.05,57.70,97.30,28.50,81.68,100.00,2.60,10.53
NOR,2017,5276968,415673181543,78771.22,82.61,8.98,58.90,96.36,27.00,81.97,100.00,2.50,10.23
NOR,2018,5311916,454588871811,85579.08,82.76,8.78,58.90,96.49,27.60,82.25,100.00,2.50,9.96
NOR,2019,5347896,424244886364,79329.31,82.96,8.48,59.80,98.00,27.70,82.49,100.00,2.40,10.44
NOR,2020,5379475,382252517922,71057.59,83.21,8.12,60.90,94.61,28.40,82.70,100.00,2.40,11.42
NOR,2021,5408320,521592200233,96442.56,83.16,8.21,61.40,99.00,29.10,82.86,100.00,2.40,9.81
NOR,2022,5457127,617321834099,113122.13,82.51,7.98,,99.00,26.90,82.96,100.00,2.40,7.91
NOR,2023,5519601,502197633323,90984.41,83.01,7.54,,99.00,26.50,83.07,100.00,2.40,9.43
NPL,2000,24546509,5494252208,223.83,62.64,0.14,88.30,0.20,,31.10,29.90,78.70,3.13
NPL,2001,24946748,6007055042,240.80,63.29,0.15,87.80,0.24,,32.81,24.60,74.30,3.81
NPL,2002,25328981,6050875807,238.89,63.51,0.12,90.00,0.31,,35.04,36.40,70.20,3.94
NPL,2003,25688758,6330473097,246.43,64.23,0.13,89.40,0.38,43.80,38.05,39.60,66.50,3.86
NPL,2004,26016656,7273938315,279.59,64.74,0.11,90.30,0.45,,41.61,37.20,63.10,4.05
NPL,2005,26309458,8130258378,309.02,65.28,0.12,89.50,0.83,,45.51,46.10,60.00,3.95
NPL,2006,26565425,9043715356,340.43,65.89,0.10,91.20,1.14,,49.51,51.20,57.30,3.54
NPL,2007,26788492,10325618017,385.45,66.17,0.10,91.30,1.41,,53.38,52.60,54.70,3.67
NPL,2008,26990037,12545438605,464.82,66.44,0.11,90.50,1.73,,56.91,56.00,52.40,3.82
NPL,2009,27173035,12854985464,473.08,66.60,0.15,88.90,1.97,,59.86,59.30,50.10,3.90
NPL,2010,27341952,16002656434,585.28,66.77,0.18,87.30,7.93,32.80,62.02,68.60,47.90,4.36
NPL,2011,27464494,21573872421,785.52,67.12,0.20,87.00,9.00,,63.14,67.30,45.80,4.45
NPL,2012,27534915,21703100877,788.20,67.36,0.23,84.70,11.15,,63.66,75.20,43.70,4.49
NPL,2013,27589996,22162204925,803.27,67.60,0.23,86.00,13.30,,64.13,77.40,41.70,4.63
NPL,2014,27672370,22731612922,821.46,67.81,0.27,84.00,15.44,,64.56,84.90,39.70,5.08
NPL,2015,27823629,24360801287,875.54,67.37,0.26,85.20,17.58,,64.95,82.00,37.80,5.47
NPL,2016,27955462,24524109484,877.26,68.44,0.39,79.40,20.70,,65.29,90.70,36.00,5.42
NPL,2017,28011258,28971588940,1034.28,68.74,0.47,76.80,24.30,,65.58,86.60,34.20,4.72
NPL,2018,28079689,33111525237,1179.20,69.04,0.53,75.00,28.60,,65.81,93.90,32.60,4.53
NPL,2019,28414064,34186180699,1203.14,69.30,0.47,78.20,33.34,,65.99,89.90,31.00,4.45
NPL,2020,28966574,33433659301,1154.22,69.11,0.57,73.10,36.97,,66.11,89.90,29.60,5.21
NPL,2021,29475010,36924841394,1252.75,68.39,0.59,73.70,40.99,,66.14,89.90,28.30,5.53
NPL,2022,29715436,41182939520,1385.91,70.09,0.51,,45.45,30.00,66.30,91.30,27.10,6.53
NPL,2023,29694614,41049329851,1382.38,70.35,0.52,,45.81,,66.54,94.00,26.10,6.16
NRU,2000,10168,26930980,2648.60,59.57,0.00,0.00,,,100.00,99.10,41.10,18.97
NRU,2001,10130,22613288,2232.31,59.48,0.00,0.00,2.99,,100.00,99.00,39.40,16.22
NRU,2002,10082,21017424,2084.65,59.43,0.00,0.00,,,100.00,99.00,37.90,13.81
NRU,2003,10059,24778160,2463.28,59.36,0.00,0.00,,,100.00,99.00,36.50,9.97
NRU,2004,10060,30587566,3040.51,59.35,0.00,0.00,,,100.00,99.00,35.20,6.88
NRU,2005,10049,30070666,2992.40,59.36,0.00,0.00,,,100.00,99.00,34.00,10.82
NRU,2006,10034,29200359,2910.14,59.41,0.00,0.10,,,100.00,99.00,32.70,12.42
NRU,2007,10020,22766972,2272.15,59.49,0.00,0.10,,,100.00,99.80,31.40,24.23
NRU,2008,10009,37602265,3756.85,59.68,0.00,0.10,,,100.00,99.10,29.80,23.00
NRU,2009,10016,44176246,4410.57,59.85,0.00,0.00,,,100.00,99.10,28.20,12.32
NRU,2010,10043,47562845,4735.92,60.07,0.00,0.00,,,100.00,99.20,26.40,12.70
NRU,2011,10098,65071880,6444.04,60.29,0.00,0.00,54.00,,100.00,99.00,24.60,9.97
NRU,2012,10267,101055723,9842.77,60.53,0.00,0.10,,32.40,100.00,99.40,22.70,8.84
NRU,2013,10517,94385015,8974.52,60.70,0.00,0.10,,,100.00,99.40,20.90,9.57
NRU,2014,10742,99149244,9230.05,60.83,0.00,0.00,,,100.00,99.50,19.20,8.12
NRU,2015,10954,84863441,7747.26,60.90,0.00,0.10,,,100.00,99.00,17.50,13.91
NRU,2016,11150,97541943,8748.16,61.00,0.00,0.20,,,100.00,99.70,15.90,10.95
NRU,2017,11324,109355639,9656.98,61.10,0.00,0.60,62.39,,100.00,99.80,14.40,11.49
NRU,2018,11477,130995566,11413.75,61.24,0.00,0.70,,,100.00,99.90,13.10,11.09
NRU,2019,11587,125160116,10801.77,61.39,0.00,0.60,74.74,,100.00,100.00,12.00,11.56
NRU,2020,11643,124685688,10709.07,61.53,0.00,1.30,77.47,,100.00,100.00,10.90,11.56
NRU,2021,11709,149268324,12748.17,61.33,0.00,1.60,80.29,,100.00,100.00,10.00,10.85
NRU,2022,11801,180671357,15309.83,61.93,0.00,1.90,83.23,,100.00,100.00,9.30,18.34
NRU,2023,11875,161531317,13602.64,62.11,0.00,,83.04,,100.00,100.00,8.70,18.21
NZL,2000,3857700,52623281957,13641.10,78.64,8.55,26.40,47.38,,85.71,100.00,7.40,7.47
NZL,2001,3880500,53872425917,13882.86,78.69,9.00,24.60,53.24,,85.75,100.00,7.20,7.58
NZL,2002,3948500,66627729311,16874.19,78.85,8.86,26.60,59.08,,85.81,100.00,7.00,7.90
NZL,2003,4027200,88250885550,21913.71,79.15,8.92,25.90,60.96,,85.86,100.00,6.90,7.72
NZL,2004,4087500,103905210084,25420.23,79.55,8.69,28.20,61.85,,85.90,100.00,6.70,7.90
NZL,2005,4133900,114720129550,27751.07,79.85,8.75,26.80,62.72,,85.93,100.00,6.60,8.27
NZL,2006,4184600,111538810713,26654.59,80.05,8.68,27.00,69.00,,85.94,100.00,6.50,8.64
NZL,2007,4223800,137188946866,32479.98,80.15,8.31,27.00,69.76,,85.93,100.00,6.40,8.33
NZL,2008,4259800,133437126590,31324.74,80.35,8.50,26.10,72.03,,85.91,100.00,6.40,8.65
NZL,2009,4302600,121663439315,28276.73,80.70,7.77,28.50,79.70,,85.89,100.00,6.30,9.14
NZL,2010,4350700,146887902524,33761.90,80.90,7.69,29.40,80.46,,85.86,100.00,6.20,9.10
NZL,2011,4384000,168458838711,38425.83,81.16,7.46,30.30,81.23,,85.82,100.00,6.10,9.11
NZL,2012,4408100,176508049114,40041.75,81.41,7.89,28.80,81.64,,85.78,100.00,6.00,9.20
NZL,2013,4442100,190943478290,42984.96,81.40,7.78,28.30,82.78,,85.71,100.00,5.90,8.94
NZL,2014,4516500,201435445068,44599.90,81.46,7.81,29.00,84.00,,85.51,100.00,5.80,8.97
NZL,2015,4609400,178147457243,38648.73,81.61,7.68,29.30,85.20,,85.15,100.00,5.60,8.89
NZL,2016,4714100,188980351891,40088.32,81.66,7.37,30.10,86.50,,84.69,100.00,5.50,8.77
NZL,2017,4813600,206561943051,42912.15,81.86,7.53,28.40,87.70,,84.17,100.00,5.40,8.62
NZL,2018,4900600,211726161989,43204.13,81.71,7.27,28.90,89.00,,83.80,100.00,5.30,8.57
NZL,2019,4970300,213088034258,42872.27,82.06,7.49,28.00,89.86,,83.80,100.00,5.20,8.62
NZL,2020,5072400,213318129989,42054.67,82.26,6.84,28.70,90.92,,83.81,100.00,5.10,9.25
NZL,2021,5084600,253732493988,49902.15,82.21,6.83,28.90,91.99,,83.83,100.00,5.00,9.55
NZL,2022,5081700,249723029451,49141.63,81.96,6.32,,93.07,,83.85,100.00,5.00,10.57
NZL,2023,5200000,256372177758,49302.34,81.76,6.11,,93.33,,83.89,100.00,4.90,10.13
OED,2000,1202226474,27778488573283,23105.87,76.82,11.15,7.75,,,75.60,99.64,13.49,9.31
OED,2001,1211109104,27514799599350,22718.68,77.12,11.05,7.40,,,75.92,99.66,12.91,9.79
OED,2002,1220101353,28704330298726,23526.19,77.28,10.90,7.49,,,76.30,99.60,12.33,10.23
OED,2003,1229012217,32089713975113,26110.17,77.43,11.02,7.77,,,76.72,99.58,11.75,10.44
OED,2004,1237896576,35719361405775,28854.88,77.83,11.04,8.00,,,77.13,99.67,11.29,10.40
OED,2005,1246656490,37779302577053,30304.50,77.95,11.00,8.28,,,77.49,99.74,10.84,10.45
OED,2006,1255746646,39873621654155,31752.92,78.25,10.88,8.75,,,77.79,99.74,10.36,10.51
OED,2007,1264728255,43663244462480,34523.82,78.47,10.93,9.01,,,78.06,99.63,9.94,10.50
OED,2008,1274711058,46373966166330,36379.98,78.61,10.57,9.51,,,78.32,99.74,9.56,10.68
OED,2009,1283973216,43394862640332,33797.33,78.87,9.86,10.12,,,78.55,99.69,9.28,11.61
OED,2010,1292701737,45526677050420,35218.24,79.05,10.22,10.37,,,78.76,99.81,8.92,11.50
OED,2011,1299644689,48976221855397,37684.32,79.27,9.99,10.90,,,78.92,99.79,8.69,11.54
OED,2012,1307733583,48933153056613,37418.29,79.43,9.79,11.38,,,79.16,99.81,8.43,11.68
OED,2013,1315426979,49637322451830,37734.76,79.62,9.77,11.88,,,79.53,99.84,8.24,11.67
OED,2014,1323458714,50718548398933,38322.73,79.88,9.54,12.13,,,79.92,99.85,8.02,11.82
OED,2015,1331674197,47849615079403,35931.92,79.76,9.43,12.26,,,80.22,99.84,7.82,12.17
OED,2016,1340141055,48791020854024,36407.38,79.89,9.32,12.43,,,80.39,99.90,7.61,12.33
OED,2017,1348125258,50962966454996,37802.84,79.93,9.26,12.80,,,80.45,99.94,7.45,12.28
OED,2018,1356197538,53918014151383,39756.76,80.03,9.24,13.20,,,80.54,99.90,7.32,12.24
OED,2019,1364143219,54485019277771,39940.84,80.24,8.92,13.69,,,80.65,99.94,7.21,12.42
OED,2020,1369306579,53331159716241,38947.57,78.96,8.12,14.84,,,80.74,99.93,7.10,13.81
OED,2021,1371780402,59666281326989,43495.50,78.59,8.53,,,,80.86,100.00,6.97,13.35
OED,2022,1378591781,61286449816070,44455.84,79.52,8.43,,,,80.95,100.00,6.88,12.88
OED,2023,1387846131,65416979138063,47135.61,80.16,8.00,,,,81.05,99.92,7.12,12.75
OMN,2000,2282131,22259557867,9753.85,73.64,11.53,0.00,3.52,,71.54,100.00,16.50,2.68
OMN,2001,2310217,22205721717,9611.96,73.98,12.33,0.00,5.89,,71.52,100.00,15.50,2.70
OMN,2002,2337140,23065539662,9869.13,74.28,13.03,0.00,6.87,,71.50,100.00,14.60,2.78
OMN,2003,2363796,24733680104,10463.54,74.52,13.61,0.00,7.26,,71.49,100.00,13.90,2.78
OMN,2004,2404821,28378933680,11800.85,74.82,13.21,0.00,6.76,,71.54,100.00,13.30,2.60
OMN,2005,2459802,35506892068,14434.86,75.07,13.43,0.00,6.68,,71.86,99.90,12.90,2.26
OMN,2006,2514795,42577633290,16930.86,75.35,16.76,0.00,8.30,,72.39,99.90,12.50,2.02
OMN,2007,2570174,48300390117,18792.65,75.60,17.73,0.00,16.68,,73.07,100.00,12.20,2.11
OMN,2008,2626529,69804681404,26576.78,76.12,17.03,0.00,20.00,,73.81,100.00,12.00,1.76
OMN,2009,2684659,55454096229,20655.92,76.63,17.55,0.00,26.80,,74.53,100.00,11.90,2.47
OMN,2010,2757446,64993498049,23570.18,77.18,18.67,0.00,35.83,,75.16,100.00,11.70,2.48
OMN,2011,3076763,77497529259,25188.01,77.74,19.42,0.00,48.00,,75.66,100.00,11.60,2.24
OMN,2012,3547106,87408842653,24642.30,78.19,19.01,0.00,60.00,,76.09,100.00,11.40,2.28
OMN,2013,3833913,89936020806,23458.02,78.63,18.42,0.00,66.45,,76.49,100.00,11.30,2.51
OMN,2014,4002439,92699089727,23160.65,79.03,18.75,0.00,70.22,,76.89,100.00,11.20,3.14
OMN,2015,4184895,78710793238,18808.31,79.35,18.95,0.00,73.53,,77.30,100.00,11.10,4.08
OMN,2016,4390877,75128738622,17110.19,79.58,18.36,0.00,76.85,,77.75,100.00,11.00,4.18
OMN,2017,4537396,80856697009,17820.07,79.75,17.93,0.00,80.19,,78.31,100.00,11.00,3.95
OMN,2018,4597877,91505851756,19901.76,79.86,18.35,0.00,85.50,,78.97,100.00,10.90,3.21
OMN,2019,4591241,88060858257,19180.19,79.95,18.61,0.00,90.26,,79.58,100.00,10.80,3.81
OMN,2020,4522497,75909492848,16784.86,77.76,18.17,0.10,95.23,,80.02,100.00,10.70,5.12
OMN,2021,4500424,87323797139,19403.46,75.97,19.49,0.10,95.24,,80.12,100.00,10.60,4.34
OMN,2022,4730226,109852795839,23223.58,77.91,19.68,,95.25,,80.01,100.00,10.50,3.07
OMN,2023,5049269,106174707932,21027.74,80.03,18.96,,95.25,,79.57,100.00,10.40,3.49
PAK,2000,154879127,99484802345,642.34,61.90,0.72,51.00,,,33.00,72.80,107.90,2.48
PAK,2001,159270907,97145618480,609.94,62.24,0.72,51.50,1.32,28.70,33.20,73.90,105.10,2.34
PAK,2002,163222549,97923302809,599.94,62.56,0.69,51.40,2.58,,33.39,74.90,102.50,2.42
PAK,2003,167110248,112371913741,672.44,62.83,0.70,50.10,5.04,,33.57,76.00,100.10,2.10
PAK,2004,171286000,132216048339,771.90,63.10,0.77,47.90,6.16,30.90,33.74,77.00,98.00,2.04
PAK,2005,175453212,145208562961,827.62,62.42,0.76,48.00,6.33,31.30,33.92,78.10,96.00,2.37
PAK,2006,179682690,161871385506,900.87,63.62,0.81,47.00,6.50,,34.09,79.10,94.20,2.73
PAK,2007,184493231,184140869997,998.09,63.81,0.88,44.90,6.80,29.70,34.27,80.20,92.30,2.62
PAK,2008,189499113,202203748584,1067.04,64.00,0.83,46.60,7.00,,34.45,81.40,90.50,2.57
PAK,2009,194376534,187337783856,963.79,64.21,0.82,46.40,7.50,,34.63,82.50,88.50,2.50
PAK,2010,199239047,196709621850,987.30,64.38,0.78,47.40,8.00,28.80,34.82,87.10,86.50,2.43
PAK,2011,203746065,230586581060,1131.74,64.66,0.76,46.80,8.00,29.70,35.01,87.80,84.30,2.23
PAK,2012,207667125,250106966105,1204.36,64.88,0.76,47.20,8.10,,35.22,88.60,82.00,2.22
PAK,2013,211073978,258657231672,1225.43,65.13,0.76,48.10,9.00,29.50,35.43,89.30,79.60,2.42
PAK,2014,214264647,271390474858,1266.61,65.37,0.79,47.20,10.00,,35.66,90.10,77.20,2.49
PAK,2015,217290883,299963590535,1380.47,65.64,0.82,45.90,11.00,31.30,35.90,91.00,74.80,2.49
PAK,2016,220138869,313630000130,1424.69,65.94,0.89,43.70,12.39,,36.16,91.80,72.40,2.57
PAK,2017,223273967,339205534861,1519.23,66.22,0.96,42.10,13.78,,36.44,92.70,70.10,2.79
PAK,2018,226928892,356128166705,1569.34,66.48,0.89,43.40,15.34,29.60,36.75,93.40,67.90,2.83
PAK,2019,230800899,320909472771,1390.42,66.73,0.86,45.90,17.07,,37.11,93.90,65.80,2.85
PAK,2020,235001746,300425609818,1278.40,65.70,0.95,42.70,18.94,,37.51,94.50,63.70,2.95
PAK,2021,239477801,348516647445,1455.32,65.77,0.96,41.60,,,37.93,94.90,61.70,2.99
PAK,2022,243700667,374890295667,1538.32,67.42,0.97,,,,38.37,95.00,59.70,2.90
PAK,2023,247504495,336686348609,1360.32,67.65,0.84,,,,38.82,95.60,57.80,2.52
PAN,2000,3010369,11966497000,3975.09,73.44,1.72,27.70,6.55,56.60,62.22,81.40,25.70,6.98
PAN,2001,3069537,12252906300,3991.78,73.82,2.02,24.00,7.27,56.70,62.63,81.50,25.00,6.92
PAN,2002,3129344,12800851300,4090.59,74.20,1.73,28.70,8.52,56.10,63.03,82.10,24.20,7.06
PAN,2003,3189807,13603456000,4264.66,74.57,1.72,27.40,9.99,55.60,63.41,87.80,23.40,6.71
PAN,2004,3251155,15100203400,4644.57,74.85,1.69,28.20,11.14,54.80,63.76,83.40,22.60,7.08
PAN,2005,3313026,16623906700,5017.74,75.16,2.14,22.80,11.48,53.80,64.07,84.10,21.90,6.21
PAN,2006,3375024,18659721500,5528.77,75.43,2.22,22.10,17.35,54.60,64.36,84.80,21.20,6.55
PAN,2007,3437490,21717433800,6317.82,75.68,2.18,22.80,22.29,52.70,64.60,85.50,20.50,7.35
PAN,2008,3500648,25721328000,7347.59,75.94,2.07,23.40,33.82,52.70,64.81,86.30,19.80,6.80
PAN,2009,3564381,27791215500,7796.93,76.23,2.43,20.40,39.08,51.80,64.97,87.00,19.20,6.99
PAN,2010,3628535,30231009500,8331.46,76.42,2.53,20.60,40.10,51.60,65.09,86.80,18.70,7.22
PAN,2011,3693505,35687738300,9662.30,76.66,2.71,19.70,42.70,51.30,65.19,88.60,18.30,6.83
PAN,2012,3759256,41595439700,11064.81,76.88,2.78,21.20,40.30,51.70,65.28,89.30,17.90,6.50
PAN,2013,3825329,46949496500,12273.32,77.13,2.68,20.70,44.03,51.50,65.37,89.10,17.50,6.52
PAN,2014,3892101,51427104900,13213.20,77.37,2.77,19.80,44.92,50.50,65.45,90.80,17.30,6.92
PAN,2015,3960035,55767806100,14082.65,77.58,2.68,22.00,51.21,50.80,65.53,91.60,17.10,6.94
PAN,2016,4029086,59760858700,14832.36,77.77,2.65,22.10,54.00,50.40,65.60,92.40,17.00,7.09
PAN,2017,4098707,64327688800,15694.63,77.90,2.48,23.60,59.95,49.90,65.66,93.70,16.70,7.16
PAN,2018,4167860,67316471200,16151.33,78.27,2.38,24.50,61.81,49.20,65.71,93.80,16.30,7.60
PAN,2019,4234700,69778991200,16477.91,78.51,3.11,19.00,63.63,49.80,65.75,93.90,15.90,8.14
PAN,2020,4293261,57059846500,13290.56,76.33,2.26,28.50,64.82,,65.79,95.30,15.50,10.22
PAN,2021,4345405,67396392500,15509.81,77.00,2.48,28.00,66.04,50.90,65.81,95.30,15.20,9.14
PAN,2022,4400773,76479304500,17378.61,79.32,2.60,,67.28,,65.82,95.00,15.10,9.05
PAN,2023,4458759,83812155200,18797.19,79.59,2.86,,68.55,48.90,65.86,97.00,15.10,8.33
PER,2000,26598331,51744749133,1945.41,69.82,1.09,38.60,3.08,49.10,72.77,72.50,38.30,4.41
PER,2001,26964601,52030158775,1929.57,70.32,1.00,41.20,7.58,51.30,73.16,72.10,35.30,4.72
PER,2002,27288217,54777553515,2007.37,70.82,1.03,40.20,8.97,53.60,73.55,74.40,32.70,4.94
PER,2003,27580490,58731030122,2129.44,71.28,1.00,40.90,11.60,53.10,73.96,74.40,30.40,4.59
PER,2004,27852190,66768703498,2397.25,71.45,1.14,37.80,14.10,49.90,74.38,75.70,28.40,4.43
PER,2005,28101180,76060606061,2706.67,71.99,1.13,38.40,17.10,50.40,74.82,77.20,26.60,4.67
PER,2006,28324491,88643193062,3129.56,72.34,1.11,38.70,20.70,50.30,75.28,80.20,25.00,4.41
PER,2007,28530699,102170981144,3581.09,72.75,1.20,36.00,25.20,50.00,75.76,82.00,23.60,4.43
PER,2008,28719041,120550599815,4197.58,72.74,1.36,33.70,30.57,47.50,76.27,84.70,22.30,4.53
PER,2009,28896811,120822986521,4181.19,72.63,1.45,32.90,31.40,47.00,76.82,86.40,21.20,4.96
PER,2010,29086019,147527631521,5072.11,72.89,1.58,32.20,34.77,45.50,77.40,88.10,20.20,4.71
PER,2011,29304086,171761737047,5861.36,73.33,1.68,30.60,36.01,44.70,78.01,89.70,19.30,4.52
PER,2012,29550366,192650021649,6519.38,73.98,1.66,30.80,38.20,44.40,78.65,91.10,18.50,4.73
PER,2013,29817919,201175543571,6746.80,74.59,1.69,28.40,39.20,43.90,79.31,92.10,17.80,4.71
PER,2014,30115826,200786250583,6667.13,75.26,1.77,28.60,40.24,43.10,79.99,92.90,17.20,4.91
PER,2015,30457600,189802976286,6231.71,75.73,1.80,27.40,40.85,43.40,80.70,93.90,16.60,4.90
PER,2016,30866494,191898104390,6217.04,75.95,1.86,27.20,45.46,43.60,81.42,94.20,16.10,4.89
PER,2017,31324637,211007984081,6736.17,75.96,1.76,27.60,50.45,43.30,82.19,94.80,15.70,4.81
PER,2018,31897584,222597009739,6978.49,76.02,1.74,27.90,55.05,42.40,82.69,95.20,15.30,5.08
PER,2019,32449303,228346006004,7037.01,76.28,1.79,27.10,59.95,41.50,83.10,95.60,14.90,5.13
PER,2020,32838579,201409694756,6133.33,73.83,1.45,31.60,65.25,43.70,83.53,96.20,14.50,6.35
PER,2021,33155882,226406075009,6828.53,71.60,1.80,30.60,71.11,40.10,83.95,95.60,14.10,6.67
PER,2022,33475438,246169867863,7353.75,76.83,1.90,,74.67,40.30,84.37,96.20,13.70,6.10
PER,2023,33845617,268025009709,7919.05,77.74,1.92,,79.48,40.70,84.78,96.20,13.30,5.64
PHL,2000,79625397,83669788377,1050.79,67.79,0.93,33.90,1.98,47.70,39.14,74.70,36.80,3.06
PHL,2001,81401488,78921234458,969.53,67.83,0.88,32.90,2.52,,39.54,75.70,36.00,2.85
PHL,2002,83068889,84307345888,1014.91,67.89,0.88,31.80,4.33,,39.96,76.70,35.20,2.64
PHL,2003,84731835,87039092974,1027.23,68.05,0.88,30.90,4.86,46.60,40.39,76.60,34.40,3.08
PHL,2004,86394504,95001999685,1099.63,68.30,0.88,30.20,5.24,,40.85,87.60,33.60,3.05
PHL,2005,88015962,107419977318,1220.46,68.42,0.90,31.30,5.40,,41.33,79.80,32.80,3.74
PHL,2006,89508986,127652926368,1426.15,68.17,0.79,33.30,5.74,47.20,41.83,80.20,32.00,3.78
PHL,2007,91075184,155980408673,1712.66,68.55,0.85,32.40,5.97,,42.35,82.00,31.30,3.75
PHL,2008,92699095,181624626327,1959.29,68.64,0.84,33.90,6.22,,43.15,83.30,30.70,3.86
PHL,2009,94384250,175974755881,1864.45,68.63,0.83,34.10,9.00,46.30,44.34,84.30,30.10,4.16
PHL,2010,96337125,208368893151,2162.91,68.88,0.88,32.70,25.00,,45.52,85.50,29.50,4.13
PHL,2011,98248614,234216730291,2383.92,69.10,0.86,33.80,29.00,,46.68,87.20,29.00,4.03
PHL,2012,100175512,261920540963,2614.62,69.24,0.89,34.10,30.80,46.50,47.92,87.10,28.60,4.18
PHL,2013,102076336,283902828589,2781.28,69.28,0.96,33.10,32.70,,49.13,87.50,28.30,4.27
PHL,2014,103767130,297483555338,2866.84,69.31,1.00,32.40,34.70,,50.24,89.80,28.00,3.70
PHL,2015,105312992,306445871242,2909.86,69.45,1.07,30.80,36.90,44.60,51.15,89.10,27.90,3.90
PHL,2016,106735719,318627003017,2985.20,69.49,1.14,28.60,39.20,,51.91,92.00,27.80,3.95
PHL,2017,108119693,328480736803,3038.12,69.97,1.25,27.80,41.60,,52.60,93.00,27.80,3.96
PHL,2018,109465287,346841896587,3168.51,69.76,1.29,27.60,44.10,42.30,53.21,94.20,27.90,3.95
PHL,2019,110804683,376823402239,3400.79,69.68,1.34,26.90,43.03,,53.72,95.30,28.00,4.17
PHL,2020,112081264,361751145452,3227.58,70.10,1.22,29.10,53.76,,54.11,96.40,28.00,5.16
PHL,2021,113100950,394087359848,3484.39,66.68,1.29,28.00,66.91,40.70,54.45,97.50,27.90,5.98
PHL,2022,113964338,404353369605,3548.07,69.47,1.33,,75.21,,54.79,94.80,27.50,5.16
PHL,2023,114891199,437055627245,3804.08,69.83,1.41,,77.87,39.30,55.12,98.00,27.00,5.10
PLW,2000,19178,149551484,7798.08,64.50,110.65,0.00,,,69.59,97.90,26.50,8.64
PLW,2001,19352,159446234,8239.26,64.80,122.14,0.00,,,70.53,98.00,25.50,7.80
PLW,2002,19503,162658719,8340.19,65.08,74.05,0.00,20.24,,72.38,98.00,24.60,7.29
PLW,2003,19659,154566781,7862.39,65.45,87.40,0.00,21.60,,74.54,98.10,23.70,8.10
PLW,2004,19820,166363734,8393.73,65.82,76.78,0.00,26.97,,76.45,98.10,22.90,9.13
PLW,2005,19819,185658172,9367.69,66.22,87.55,0.00,,,77.57,98.90,22.10,8.63
PLW,2006,19593,190777422,9737.02,66.63,86.65,0.00,,,78.31,98.30,21.30,8.74
PLW,2007,19302,196012719,10155.05,67.11,71.69,0.00,,,79.02,98.40,20.60,8.84
PLW,2008,19009,199046109,10471.15,67.56,73.53,0.00,,,79.66,98.50,20.10,8.41
PLW,2009,18709,184049766,9837.50,67.99,116.19,0.00,,,80.22,98.60,19.70,9.63
PLW,2010,18396,184292328,10018.07,68.35,114.74,0.00,,,80.66,98.80,19.50,10.93
PLW,2011,18078,195163578,10795.64,68.64,131.08,0.00,,,80.97,98.90,19.50,9.94
PLW,2012,17765,214928297,12098.41,68.86,202.87,0.00,,,81.13,97.60,19.70,10.25
PLW,2013,17648,226257828,12820.59,68.98,103.37,0.00,,,81.08,99.20,20.10,10.93
PLW,2014,17715,245436547,13854.73,69.06,71.56,0.30,,,80.73,99.80,20.60,10.71
PLW,2015,17770,283224750,15938.37,69.07,67.27,0.40,,,80.39,99.50,21.30,9.76
PLW,2016,17797,303326125,17043.67,69.05,64.30,0.60,,,80.11,100.00,21.90,10.01
PLW,2017,17812,289983656,16280.24,69.02,67.17,0.60,,,79.83,100.00,22.50,10.90
PLW,2018,17814,288228344,16179.88,68.99,69.07,0.60,,,79.55,100.00,22.90,11.19
PLW,2019,17798,281954000,15841.89,68.98,71.26,0.90,,,79.28,100.00,23.00,12.17
PLW,2020,17792,258985859,14556.31,68.69,71.74,0.90,,,79.08,100.00,22.90,13.32
PLW,2021,17783,235935734,13267.49,68.56,74.73,0.90,,,79.09,100.00,22.70,14.55
PLW,2022,17759,247470813,13934.95,68.92,78.73,0.90,82.57,,79.11,100.00,22.40,14.88
PLW,2023,17727,276157406,15578.35,69.27,78.86,,82.92,,79.15,100.00,21.90,10.85
PNG,2000,5537064,3521339699,635.96,61.61,0.53,66.40,0.84,,13.22,12.40,72.00,2.02
PNG,2001,5728435,3081024212,537.85,61.65,0.62,63.40,0.90,,13.19,12.70,70.80,2.30
PNG,2002,5924003,2999511040,506.33,61.64,0.69,62.50,1.32,,13.15,13.10,69.60,2.78
PNG,2003,6123997,3536411824,577.47,61.74,0.74,60.40,1.37,,13.12,13.40,68.40,2.45
PNG,2004,6328041,3927157867,620.60,61.80,0.76,57.50,1.51,,13.10,13.80,67.20,2.59
PNG,2005,6535905,4865892972,744.49,61.87,0.80,58.60,1.72,,13.07,14.10,65.90,2.45
PNG,2006,6747720,8354911041,1238.18,62.02,0.79,58.90,1.75,,13.05,12.40,64.60,2.43
PNG,2007,6963345,9545028944,1370.75,62.21,0.76,57.10,1.79,,13.03,14.90,63.20,2.42
PNG,2008,7183002,11670892801,1624.79,62.51,0.71,56.90,1.15,,13.02,15.30,61.80,2.14
PNG,2009,7406438,11619456449,1568.83,62.77,0.67,56.00,1.61,41.90,13.01,17.20,60.30,2.33
PNG,2010,7633523,14250786675,1866.87,63.06,0.55,55.20,1.28,,13.00,19.50,58.90,2.11
PNG,2011,7859346,17985138066,2288.38,63.38,0.57,54.70,2.00,,13.00,17.30,57.50,2.29
PNG,2012,8081390,21295168666,2635.09,63.64,0.53,55.50,3.50,,13.01,17.50,56.10,2.67
PNG,2013,8302698,21261338065,2560.77,63.93,0.55,58.30,5.10,,13.06,17.80,54.70,3.00
PNG,2014,8523441,23210823987,2723.18,64.20,0.65,56.90,6.50,,13.13,18.10,53.30,3.27
PNG,2015,8743246,21723437010,2484.60,64.47,0.68,55.30,7.90,,13.23,18.40,57.30,1.82
PNG,2016,8961718,20758876953,2316.39,64.70,0.74,54.80,9.60,,13.37,13.50,50.40,2.33
PNG,2017,9178714,22742699138,2477.77,64.92,0.63,54.70,11.21,,13.52,19.20,48.90,2.23
PNG,2018,9394513,24109780708,2566.37,65.11,0.52,53.40,12.36,,13.71,16.60,47.50,2.30
PNG,2019,9609010,24750626030,2575.77,65.33,0.52,53.20,13.62,,13.93,23.60,46.10,2.33
PNG,2020,9815746,23848447850,2429.61,65.08,0.56,53.60,15.02,,14.17,20.50,44.70,2.30
PNG,2021,10012896,26113409478,2607.98,64.36,0.54,54.50,16.56,,14.44,20.90,43.20,2.34
PNG,2022,10203169,31653230962,3102.29,65.27,0.54,54.60,18.26,,14.74,19.00,41.90,2.61
PNG,2023,10389635,30816328066,2966.06,66.13,0.53,,18.56,,15.06,20.50,40.60,2.87
POL,2000,38258629,172953527033,4520.64,73.75,8.18,6.90,7.29,33.00,61.75,100.00,9.30,5.27
POL,2001,38248076,191823200371,5015.24,74.20,8.10,7.30,9.90,32.80,61.76,100.00,8.80,5.64
POL,2002,38230364,199694463256,5223.45,74.50,7.91,7.50,21.15,34.10,61.76,100.00,8.40,6.05
POL,2003,38204570,218561225998,5720.81,74.60,8.25,7.30,24.87,34.90,61.73,99.90,8.10,5.93
POL,2004,38182222,256268656145,6711.73,74.85,8.32,7.30,32.53,38.00,61.66,99.90,7.80,5.84
POL,2005,38165445,306999913151,8043.92,75.00,8.31,7.20,38.81,35.80,61.55,99.80,7.60,5.79
POL,2006,38141267,345897630736,9068.86,75.14,8.67,7.20,44.58,34.70,61.42,99.80,7.30,5.78
POL,2007,38120560,429715132138,11272.53,75.24,8.66,7.30,48.60,34.00,61.28,99.80,7.00,5.86
POL,2008,38125759,535612030672,14048.56,75.54,8.51,8.00,53.13,33.50,61.13,99.80,6.70,6.35
POL,2009,38151603,440891472247,11556.30,75.70,8.16,8.80,58.97,33.40,60.98,100.00,6.30,6.57
POL,2010,38042794,478111630684,12567.73,76.25,8.66,9.50,62.32,33.20,60.85,100.00,6.00,6.44
POL,2011,38063255,527848543023,13867.67,76.70,8.59,10.40,61.95,33.20,60.74,100.00,5.70,6.25
POL,2012,38063164,498148649703,13087.42,76.75,8.40,10.90,62.31,33.00,60.63,100.00,5.40,6.23
POL,2013,38040196,518179836405,13621.90,77.00,8.28,11.40,62.85,33.10,60.53,100.00,5.20,6.45
POL,2014,38011735,542134167179,14262.28,77.60,7.96,11.60,66.60,32.80,60.43,100.00,5.00,6.39
POL,2015,37986412,480054118583,12637.52,77.45,8.05,11.90,68.00,31.80,60.34,100.00,4.90,6.36
POL,2016,37970087,473259623976,12464.01,77.85,8.34,11.30,73.30,31.20,60.24,100.00,4.80,6.55
POL,2017,37974826,528356723263,13913.34,77.75,8.70,11.10,75.99,29.70,60.15,100.00,4.60,6.54
POL,2018,37974750,594616632477,15658.21,77.60,8.68,15.10,77.54,30.20,60.05,100.00,4.50,6.25
POL,2019,37965475,602683770145,15874.52,77.90,8.22,15.60,80.44,28.80,59.96,100.00,4.50,6.39
POL,2020,37515748,605914237904,16150.93,76.40,7.91,16.10,83.18,28.50,59.87,100.00,4.40,6.43
POL,2021,36981559,689170230665,18635.51,75.35,8.76,15.20,85.37,28.50,59.81,100.00,4.40,6.37
POL,2022,36821749,695607470875,18891.21,77.16,8.36,,86.94,28.90,59.83,100.00,4.30,6.47
POL,2023,36687353,812451193396,22145.27,78.26,7.65,,86.41,28.50,59.89,100.00,4.30,7.14
PRI,2000,3810605,61701800000,16192.13,75.51,6.61,0.60,10.47,,94.40,100.00,,
PRI,2001,3818774,69208400000,18123.20,75.97,6.51,0.50,15.63,,94.38,100.00,,
PRI,2002,3823701,71623500000,18731.46,76.82,5.27,0.50,17.55,,94.32,100.00,,
PRI,2003,3826095,74827400000,19557.12,76.94,6.83,0.50,19.71,,94.24,100.00,,
PRI,2004,3826878,80322313000,20988.99,76.91,6.84,0.50,22.13,,94.15,100.00,,
PRI,2005,3821362,83914521300,21959.32,76.70,6.89,0.60,23.40,,94.06,100.00,,
PRI,2006,3805214,87276164400,22935.94,77.56,4.46,0.50,25.44,,93.96,100.00,,
PRI,2007,3782995,89524131600,23664.88,77.66,4.75,0.50,27.86,,93.88,100.00,,
PRI,2008,3760866,93639300000,24898.33,78.11,4.09,0.50,38.00,,93.81,100.00,,
PRI,2009,3740410,96385600000,25768.73,78.38,3.74,0.50,41.50,,93.77,100.00,,
PRI,2010,3724465,98381300000,26414.88,78.72,3.61,0.40,45.30,,93.76,100.00,,
PRI,2011,3693464,100351700000,27170.08,78.77,3.16,0.70,48.00,,93.76,100.00,,
PRI,2012,3661045,101564800000,27742.02,79.26,3.10,0.50,69.00,,93.76,100.00,,
PRI,2013,3631427,102450000000,28212.05,80.32,3.01,1.40,69.00,,93.77,100.00,,
PRI,2014,3585017,102445800000,28576.10,80.04,3.21,1.60,76.13,,93.78,100.00,,
PRI,2015,3535167,103375500000,29242.04,80.68,3.42,1.90,63.47,,93.80,100.00,,
PRI,2016,3480432,104336700000,29978.09,80.36,3.26,1.90,68.64,,93.82,100.00,,
PRI,2017,3410837,103445500000,30328.48,79.07,3.41,2.30,68.74,,93.86,100.00,,
PRI,2018,3290690,100958100000,30679.92,81.09,4.17,1.40,70.86,,93.90,100.00,,
PRI,2019,3302691,105126400000,31830.53,81.44,3.82,2.40,77.74,,93.95,100.00,,
PRI,2020,3281591,103130900000,31427.10,80.01,3.80,2.50,,,94.01,100.00,,
PRI,2021,3262731,106426600000,32618.87,79.77,3.88,2.60,84.79,,94.06,100.00,,
PRI,2022,3220148,113843700000,35353.56,79.43,4.32,2.50,87.29,,94.11,100.00,,
PRI,2023,3203794,118478754281,36980.77,81.69,4.57,,,,94.18,100.00,,
PRK,2000,23665910,,,60.91,3.12,8.70,0.00,,59.42,,100.20,
PRK,2001,23815358,,,60.89,3.22,8.60,0.00,,59.48,,99.00,
PRK,2002,23943973,,,60.88,3.07,9.00,0.00,,59.54,,97.80,
PRK,2003,24090380,,,69.40,3.11,9.30,0.00,,59.61,,34.50,
PRK,2004,24254943,,,69.29,3.16,9.40,0.00,,59.68,,33.80,
PRK,2005,24396433,,,69.17,3.27,9.20,,,59.75,,33.30,
PRK,2006,24524507,,,69.06,3.31,9.00,,,59.83,,32.80,
PRK,2007,24646383,,,69.02,2.76,10.90,,,59.93,,32.40,
PRK,2008,24764618,,,69.30,3.01,10.20,,,60.03,,31.00,
PRK,2009,24878332,,,69.70,2.88,10.40,,,60.15,26.00,30.00,
PRK,2010,24987258,,,70.25,2.76,11.00,,,60.31,29.30,28.70,
PRK,2011,25097874,,,70.77,2.02,14.80,,,60.48,31.40,27.20,
PRK,2012,25211728,,,71.32,1.94,15.40,,,60.68,33.60,25.70,
PRK,2013,25329451,,,71.87,1.50,20.80,,,60.88,35.70,24.10,
PRK,2014,25451262,,,72.45,1.63,18.50,,,61.09,37.80,22.60,
PRK,2015,25575350,,,72.83,1.28,22.60,,,61.32,40.00,21.40,
PRK,2016,25698326,,,72.97,1.40,24.00,,,61.57,42.10,20.60,
PRK,2017,25817709,,,73.03,2.85,10.20,,,61.82,44.20,19.10,
PRK,2018,25931147,,,73.02,2.56,11.90,,,62.08,46.30,18.40,
PRK,2019,26037632,,,72.93,2.82,10.00,,,62.35,48.40,17.70,
PRK,2020,26136312,,,72.78,2.64,11.20,,,62.64,50.50,17.40,
PRK,2021,26232534,,,73.44,2.18,14.70,,,62.93,52.60,17.40,
PRK,2022,26328845,,,73.64,2.27,,,,63.23,54.70,17.70,
PRK,2023,26418204,,,73.64,2.49,,,,63.54,57.50,18.00,
PRT,2000,10289898,118605192877,11526.37,76.31,6.24,20.10,16.43,,54.41,100.00,7.20,8.60
PRT,2001,10362722,121604107165,11734.76,76.81,6.13,20.80,18.09,,55.07,100.00,6.60,8.63
PRT,2002,10419631,134795565549,12936.69,77.07,6.50,18.30,19.37,,55.79,100.00,6.00,8.79
PRT,2003,10458821,165226175537,15797.78,77.22,6.00,22.10,29.67,38.80,56.59,100.00,5.50,9.12
PRT,2004,10483861,189382122532,18064.16,77.67,6.16,19.90,31.78,38.90,57.42,100.00,5.00,9.53
PRT,2005,10503330,197253876705,18780.13,78.07,6.46,18.10,34.99,38.50,58.25,100.00,4.70,9.65
PRT,2006,10522288,208756449276,19839.45,78.42,5.98,22.30,38.01,38.10,59.03,100.00,4.40,9.35
PRT,2007,10542964,240496147317,22811.06,78.32,5.82,23.10,42.09,36.80,59.75,100.00,4.20,9.25
PRT,2008,10558177,263416394624,24949.04,78.52,5.61,23.20,44.13,36.60,60.35,100.00,4.00,9.58
PRT,2009,10568247,244667762836,23151.22,78.73,5.53,24.90,48.27,34.90,60.81,100.00,3.90,10.13
PRT,2010,10573100,238443864993,22551.94,79.03,5.04,27.80,53.30,35.80,61.08,100.00,3.80,10.02
PRT,2011,10557560,245426767676,23246.54,80.47,4.87,27.20,55.25,36.30,61.14,100.00,3.70,9.72
PRT,2012,10514844,216536676772,20593.43,80.37,4.73,25.50,60.34,36.00,61.14,100.00,3.70,9.64
PRT,2013,10457295,226677408292,21676.49,80.72,4.60,30.20,62.10,36.20,61.14,100.00,3.60,9.39
PRT,2014,10401062,230078616300,22120.69,81.12,4.58,30.50,64.59,35.60,61.14,100.00,3.60,9.34
PRT,2015,10358076,199038523120,19215.78,81.12,4.99,27.20,68.63,35.50,61.14,100.00,3.60,9.33
PRT,2016,10325452,206305431242,19980.28,81.12,4.89,29.00,70.42,35.20,61.13,100.00,3.60,9.40
PRT,2017,10300300,220862990767,21442.38,81.42,5.35,24.40,73.79,33.80,61.13,100.00,3.60,9.33
PRT,2018,10283822,242092894543,23541.14,81.32,4.97,27.50,74.66,33.50,61.12,100.00,3.50,9.42
PRT,2019,10286263,240115970063,23343.36,81.68,4.51,28.20,75.35,32.80,61.11,100.00,3.50,9.51
PRT,2020,10297081,229618773423,22299.40,81.33,3.95,31.30,78.26,34.70,61.10,100.00,3.40,10.52
PRT,2021,10361831,256055879091,24711.45,81.38,3.76,32.30,82.31,34.60,61.10,100.00,3.30,11.22
PRT,2022,10434332,256898677175,24620.52,81.63,3.80,,84.50,36.30,61.13,100.00,3.30,10.55
PRT,2023,10578174,292323800949,27634.62,82.33,3.54,,85.79,33.90,61.20,100.00,3.20,10.03
PRY,2000,5100868,8855705140,1736.12,70.03,0.71,70.40,0.75,,57.51,89.60,33.60,6.02
PRY,2001,5187689,8495806432,1637.69,70.28,0.73,69.80,1.10,54.60,57.97,91.00,32.80,5.61
PRY,2002,5261328,7196260657,1367.77,70.54,0.75,67.70,1.79,57.30,58.31,91.70,32.00,4.76
PRY,2003,5326436,7691367471,1444.00,70.80,0.77,67.00,2.11,54.90,58.55,92.60,31.30,4.91
PRY,2004,5388175,9624440836,1786.22,71.05,0.77,66.80,3.45,52.30,58.74,93.20,30.50,4.93
PRY,2005,5448097,10737500188,1970.87,71.32,0.70,68.80,7.91,51.40,58.89,94.70,29.70,4.83
PRY,2006,5505148,13429430050,2439.43,71.58,0.75,66.50,7.96,53.00,59.02,96.70,28.90,5.02
PRY,2007,5559386,17856393235,3211.94,71.82,0.70,68.40,11.21,53.00,59.13,96.50,28.20,5.02
PRY,2008,5613574,24615267664,4384.95,72.05,0.81,65.80,14.27,50.70,59.24,96.70,27.30,5.04
PRY,2009,5671236,22355151162,3941.85,72.28,0.83,65.40,18.90,49.10,59.37,96.90,26.50,5.52
PRY,2010,5737971,27260886405,4750.96,72.55,0.91,63.60,19.80,51.00,59.51,97.40,25.70,5.47
PRY,2011,5814626,33756238767,5805.40,72.79,0.94,62.50,24.76,52.30,59.69,98.20,24.90,5.82
PRY,2012,5897008,33271921136,5642.17,73.11,0.92,63.40,29.34,47.60,59.92,97.80,24.20,6.53
PRY,2013,5982445,38501122141,6435.68,73.29,0.94,62.50,36.90,47.90,60.24,99.00,23.40,6.06
PRY,2014,6069811,40377929296,6652.25,73.42,0.98,62.50,43.01,50.70,60.71,99.00,22.70,6.63
PRY,2015,6159103,36211447840,5879.34,73.45,1.08,60.50,49.72,47.60,61.33,99.30,21.90,6.69
PRY,2016,6249126,36089700223,5775.16,73.49,1.20,62.50,53.40,47.90,62.08,98.40,21.20,6.68
PRY,2017,6338660,38997129474,6152.27,73.45,1.34,60.10,61.08,48.50,62.95,99.30,20.50,6.61
PRY,2018,6427382,40225448341,6258.45,73.63,1.36,59.20,64.99,46.00,63.92,99.60,19.90,6.74
PRY,2019,6515058,37925338329,5821.18,73.67,1.31,60.10,68.52,45.70,64.98,99.70,19.20,7.16
PRY,2020,6603739,35432178068,5365.47,72.72,1.19,61.50,73.96,43.50,66.12,99.70,18.60,7.68
PRY,2021,6684182,39937357256,5974.91,68.11,1.19,58.80,77.02,42.90,67.31,100.00,18.00,8.03
PRY,2022,6760464,41841201627,6189.10,72.32,1.18,,76.26,44.60,68.64,100.00,17.50,7.74
PRY,2023,6844146,43140465596,6303.26,73.84,1.13,,78.09,44.20,69.35,99.80,16.90,8.36
PSE,2000,2922153,4313600000,1476.17,70.30,,17.50,1.11,,72.07,99.70,30.30,9.47
PSE,2001,2997784,4003700000,1335.55,69.75,,17.10,1.84,,73.73,99.10,29.40,10.32
PSE,2002,3075373,3555800000,1156.22,70.88,,21.80,3.10,,75.50,99.20,28.50,11.05
PSE,2003,3154969,3968000000,1257.70,70.97,,21.70,4.13,,77.29,99.10,27.70,9.56
PSE,2004,3236626,4603100000,1422.19,71.09,,23.10,4.40,34.00,78.99,99.50,26.80,11.38
PSE,2005,3320396,5125700000,1543.70,72.00,,22.80,16.00,34.70,80.52,99.60,26.00,11.00
PSE,2006,3406334,5348300000,1570.10,71.83,,18.10,18.41,34.00,81.76,99.70,25.10,10.50
PSE,2007,3494496,5815700000,1664.25,72.06,,20.50,21.18,35.60,82.60,98.80,24.30,9.59
PSE,2008,3591977,7310400000,2035.20,72.20,,20.10,24.36,,83.10,99.80,23.50,10.53
PSE,2009,3689099,8085700000,2191.78,72.31,,16.50,32.23,34.50,83.51,99.90,22.70,10.76
PSE,2010,3786161,9681500000,2557.08,73.30,,14.10,37.40,35.30,83.89,99.90,21.90,9.10
PSE,2011,3882986,11186100000,2880.80,73.56,,15.40,41.08,34.40,84.23,99.70,21.10,11.35
PSE,2012,3979998,12208400000,3067.44,73.72,,12.20,43.40,,84.55,99.80,20.30,10.30
PSE,2013,4076708,13515500000,3315.30,74.14,,11.70,46.60,,84.82,99.90,19.60,10.45
PSE,2014,4173398,13989700000,3352.11,72.78,,10.80,53.67,,85.04,99.90,21.90,9.92
PSE,2015,4270092,13972400000,3272.15,74.58,,11.00,56.70,,85.22,99.90,18.20,9.28
PSE,2016,4367088,15405400000,3527.61,74.92,,12.30,59.90,33.70,85.34,100.00,17.50,9.00
PSE,2017,4454805,16128000000,3620.36,75.22,,10.50,63.30,,85.38,99.90,16.90,9.12
PSE,2018,4569087,16276600000,3562.33,75.38,,12.70,64.40,,85.54,100.00,16.30,9.66
PSE,2019,4685306,17133500000,3656.86,75.81,,13.90,70.62,,85.81,100.00,15.70,9.19
PSE,2020,4803269,15531700000,3233.57,75.00,,15.00,76.18,,86.07,100.00,15.20,10.28
PSE,2021,4922749,18109000000,3678.64,73.89,,15.40,,,86.33,100.00,14.60,10.43
PSE,2022,5043612,19165500000,3799.96,76.66,,15.40,88.65,,86.60,100.00,14.10,9.71
PSE,2023,5165775,18635100000,3607.42,65.17,,,86.64,36.40,86.86,100.00,41.90,10.73
PYF,2000,240337,3599845480,14978.32,79.00,2.95,8.80,6.36,,55.95,100.00,,
PYF,2001,244097,3573808556,14640.94,79.32,3.40,6.70,6.25,,55.89,100.00,,
PYF,2002,247775,3965405553,16004.06,79.54,3.54,6.20,8.20,,55.86,100.00,,
PYF,2003,251637,4927780607,19582.89,79.71,3.71,7.20,14.12,,55.93,100.00,,
PYF,2004,255654,5564109982,21764.22,79.83,3.46,7.70,17.88,,56.27,100.00,,
PYF,2005,259507,5705052135,21984.19,79.95,3.63,8.00,21.54,,56.85,100.00,,
PYF,2006,263223,5877997980,22330.87,80.10,3.36,10.10,25.11,,57.58,100.00,,
PYF,2007,266438,6631156406,24888.18,80.33,3.56,9.80,28.59,,58.41,100.00,,
PYF,2008,268379,7136741422,26592.03,80.59,3.61,9.30,33.87,,59.26,100.00,,
PYF,2009,269481,6584557974,24434.22,80.87,3.47,9.30,44.60,,60.07,100.00,,
PYF,2010,270580,6086644799,22494.81,81.14,3.66,7.50,49.00,,60.76,100.00,,
PYF,2011,271727,6203940037,22831.52,81.43,3.52,6.90,49.00,,61.27,100.00,,
PYF,2012,273084,5692858099,20846.55,81.70,3.39,6.60,52.88,,61.53,100.00,,
PYF,2013,274728,6031827123,21955.63,81.94,3.62,6.50,56.80,,61.61,100.00,,
PYF,2014,276387,6151996561,22258.63,82.15,3.56,7.40,60.68,,61.68,100.00,,
PYF,2015,277866,5325846362,19166.96,82.34,3.62,7.80,64.56,,61.74,100.00,,
PYF,2016,279178,5497036477,19690.08,82.56,3.61,8.10,68.44,,61.77,100.00,,
PYF,2017,280087,5833352693,20826.93,82.77,3.14,8.10,72.70,,61.79,100.00,,
PYF,2018,279815,6135116253,21925.62,82.99,2.80,7.70,,,61.79,100.00,,
PYF,2019,279034,6022276196,21582.59,83.20,2.81,7.70,,,61.78,100.00,,
PYF,2020,279209,5574821989,19966.48,82.46,2.56,8.20,,,61.77,100.00,,
PYF,2021,279792,5994931236,21426.39,79.57,2.29,7.40,,,61.74,100.00,,
PYF,2022,280378,5622688338,20053.96,83.86,3.30,7.00,,,61.69,100.00,,
PYF,2023,281118,6137447783,21832.28,84.07,3.30,,,,61.70,100.00,,
QAT,2000,644989,17759890110,27535.18,75.25,49.23,0.10,4.86,,96.29,100.00,12.50,1.97
QAT,2001,677925,17538461538,25870.80,75.49,47.84,0.10,6.17,,96.47,100.00,12.00,2.32
QAT,2002,711205,19363736264,27226.66,75.77,50.90,0.10,10.23,,96.64,100.00,11.60,2.46
QAT,2003,744682,23533791209,31602.47,76.10,51.39,0.00,19.24,,96.83,100.00,11.20,3.50
QAT,2004,773332,31734065934,41035.50,76.48,53.24,0.00,20.70,,97.05,100.00,10.80,3.18
QAT,2005,825408,44530494505,53949.68,76.91,52.77,0.00,24.73,,97.30,100.00,10.40,2.56
QAT,2006,972831,60882142857,62582.45,77.32,50.36,0.10,28.97,,97.58,100.00,10.10,2.29
QAT,2007,1208595,79711813187,65954.11,77.74,46.46,0.10,37.00,,97.87,100.00,9.80,2.07
QAT,2008,1426938,115269780220,80781.21,78.26,43.35,0.10,44.30,,98.13,100.00,9.60,1.64
QAT,2009,1608903,97798351648,60785.74,78.84,39.76,0.10,53.10,,98.35,100.00,9.30,2.38
QAT,2010,1616832,125122252747,77387.29,79.44,44.66,0.10,69.00,,98.51,100.00,9.10,1.87
QAT,2011,1624761,167775274725,103261.51,79.99,51.20,0.10,69.00,,98.63,100.00,8.90,1.60
QAT,2012,1722438,186833502363,108470.38,80.50,53.60,0.00,69.30,,98.74,100.00,8.70,1.75
QAT,2013,1916426,198727642967,103697.01,80.97,53.29,0.00,85.30,,98.84,100.00,8.40,2.08
QAT,2014,2151745,206224598571,95840.63,81.40,51.48,0.00,91.49,,98.90,100.00,8.10,2.42
QAT,2015,2344557,161739955577,68985.29,81.79,48.66,0.00,92.88,,98.94,100.00,7.80,3.64
QAT,2016,2477113,151732181868,61253.64,82.15,46.04,0.10,95.12,,98.99,100.00,7.50,3.55
QAT,2017,2545820,161099122225,63279.86,82.46,44.82,0.10,97.39,35.10,99.03,100.00,7.10,3.21
QAT,2018,2580734,183334953819,71039.85,82.71,44.52,0.00,99.65,,99.08,100.00,6.80,2.96
QAT,2019,2638657,176371267692,66841.30,82.95,44.59,0.10,99.65,,99.12,100.00,6.60,3.18
QAT,2020,2794148,144411363352,51683.51,80.41,41.28,0.00,99.65,,99.16,100.00,6.30,3.82
QAT,2021,2504910,179732009560,71751.88,81.08,47.28,0.00,99.65,,99.20,100.00,6.20,2.89
QAT,2022,2657333,235709325714,88701.46,81.86,45.20,,98.04,,99.24,100.00,6.10,2.19
QAT,2023,2656032,213002809341,80195.87,82.37,48.64,,98.15,,99.28,100.00,6.00,2.52
ROU,2000,22442971,37253739511,1659.93,71.16,4.34,16.40,3.61,29.30,52.86,94.40,21.40,4.21
ROU,2001,22131970,40395116581,1825.19,71.16,4.72,13.40,4.54,29.40,52.76,94.60,20.60,4.38
ROU,2002,21730496,46065502703,2119.86,71.01,4.76,14.40,6.58,30.20,52.75,94.90,20.20,4.58
ROU,2003,21574326,57806384143,2679.41,71.31,5.00,15.70,8.90,29.90,52.80,95.10,19.90,5.37
ROU,2004,21451748,74973656852,3494.99,71.56,4.92,17.30,15.00,30.00,52.92,95.30,19.30,5.48
ROU,2005,21319685,98454380120,4618.00,71.91,4.90,18.50,21.50,29.80,53.07,95.60,18.20,5.53
ROU,2006,21193760,122023735993,5757.53,72.16,5.23,17.40,24.66,39.60,53.26,95.90,16.70,5.07
ROU,2007,20882982,174588782939,8360.34,72.57,5.13,18.20,28.30,37.50,53.45,96.10,15.20,5.02
ROU,2008,20537875,214315932061,10435.16,72.57,5.13,20.40,32.42,36.40,53.63,96.50,13.90,5.02
ROU,2009,20367487,174110532659,8548.45,73.31,4.21,22.10,36.60,35.60,53.79,96.80,13.00,5.28
ROU,2010,20246871,170064350672,8399.54,73.46,4.12,24.10,39.93,35.50,53.90,97.10,12.40,5.64
ROU,2011,20147528,192623977894,9560.68,74.41,4.46,21.10,40.01,35.90,53.96,97.40,11.80,4.48
ROU,2012,20058035,179117323107,8929.95,74.41,4.37,21.50,45.88,36.50,53.96,97.80,11.20,4.51
ROU,2013,19983693,189798603751,9497.67,75.06,3.98,23.10,49.76,36.90,53.91,98.10,10.60,5.22
ROU,2014,19908979,199722319676,10031.77,74.91,3.97,24.30,54.08,36.00,53.83,98.40,9.90,5.03
ROU,2015,19815616,177885131240,8977.02,74.91,4.05,23.70,55.76,35.90,53.71,98.80,9.20,4.94
ROU,2016,19702267,185290759249,9404.54,75.21,3.99,24.40,59.50,34.40,53.55,99.10,8.50,5.08
ROU,2017,19588715,210147385855,10727.98,75.21,4.18,23.40,63.75,36.00,53.36,100.00,7.90,5.19
ROU,2018,19473970,241791427224,12416.13,75.36,4.26,23.00,70.68,35.80,53.14,99.80,7.30,5.51
ROU,2019,19371648,250080428512,12909.61,75.61,4.19,23.50,73.66,34.80,52.89,100.00,6.80,5.70
ROU,2020,19265250,250624575872,13009.15,74.25,3.93,24.10,78.46,34.60,52.61,100.00,6.50,6.21
ROU,2021,19122059,285072444957,14908.04,72.81,4.22,23.60,83.59,33.90,52.23,100.00,6.40,6.45
ROU,2022,19048502,295317862856,15503.47,75.15,3.97,,85.50,32.30,52.16,100.00,6.60,5.80
ROU,2023,19061062,347757995759,18244.42,76.40,3.69,,89.20,29.80,52.16,100.00,6.90,5.71
RUS,2000,146596869,259710142197,1771.59,65.48,11.47,3.50,1.98,37.10,73.16,97.80,19.40,5.02
RUS,2001,145976482,306602070621,2100.35,65.38,11.54,3.60,2.94,36.90,73.23,97.90,18.40,5.24
RUS,2002,145306497,345470494418,2377.53,65.13,11.53,3.50,4.13,37.30,73.29,97.90,17.30,5.52
RUS,2003,144648618,430347420185,2975.12,65.03,12.01,3.30,8.30,40.00,73.41,97.90,16.10,5.16
RUS,2004,144067316,591016690732,4102.36,65.47,12.07,3.50,12.86,40.30,73.31,98.00,15.00,4.76
RUS,2005,143518814,764015973481,5323.46,65.53,12.12,3.60,15.23,41.30,73.16,98.00,13.90,4.77
RUS,2006,143049637,989932071353,6920.20,66.73,12.42,3.50,18.02,41.00,73.24,98.10,12.80,4.77
RUS,2007,142805114,1299703478482,9101.24,67.59,12.46,3.70,24.66,42.30,73.39,98.20,12.00,4.75
RUS,2008,142742366,1660848058303,11635.28,67.95,12.36,3.30,32.00,41.60,73.48,98.30,11.30,4.90
RUS,2009,142785348,1222645900056,8562.82,68.68,11.64,3.60,42.55,39.80,73.53,98.40,10.70,5.64
RUS,2010,142849468,1524916715224,10674.99,68.84,12.23,3.30,49.00,39.50,73.67,99.30,10.40,4.97
RUS,2011,143018195,2045922753398,14305.33,69.68,12.81,3.20,58.00,39.70,73.85,99.20,10.20,4.79
RUS,2012,143378447,2208293553878,15401.85,70.07,12.69,3.20,66.00,40.70,73.97,100.00,9.90,4.94
RUS,2013,143805638,2292470078346,15941.45,70.58,12.27,3.60,67.97,40.90,74.08,100.00,9.50,5.08
RUS,2014,144237223,2059241589895,14055.47,70.74,12.13,3.30,70.52,36.90,74.18,100.00,8.90,5.18
RUS,2015,144640716,1363482182198,9277.71,71.18,12.15,3.20,70.10,36.50,74.28,95.50,8.20,5.30
RUS,2016,145015460,1276786350881,8663.16,71.65,11.96,3.40,73.09,36.70,74.37,99.40,7.50,5.29
RUS,2017,145293260,1574199360089,10658.91,72.45,12.14,3.20,76.01,35.50,74.46,100.00,6.90,5.36
RUS,2018,145398106,1657328773461,11211.89,72.66,12.59,3.20,80.86,35.30,74.54,100.00,6.40,5.36
RUS,2019,145453291,1693115002708,11447.70,73.08,12.77,3.20,82.64,35.70,74.62,99.80,6.00,5.65
RUS,2020,145245148,1493075894362,10108.33,71.34,12.28,3.70,84.99,33.70,74.69,99.90,5.70,8.04
RUS,2021,144746762,1829186719575,12425.03,69.90,13.39,3.50,88.21,35.10,74.75,100.00,5.50,7.03
RUS,2022,144236933,2292495097681,15625.63,72.55,13.14,,90.42,33.90,74.85,100.00,5.40,6.88
RUS,2023,143826130,2046284838151,13987.00,73.25,13.55,,92.24,33.00,74.98,100.00,5.30,7.04
RWA,2000,8213931,2068836754,251.87,47.80,0.08,86.80,0.06,48.50,15.78,6.20,184.20,3.58
RWA,2001,8287094,1966600715,237.31,49.49,0.08,86.90,0.24,,16.55,4.70,166.50,3.32
RWA,2002,8400180,1966003468,234.04,51.26,0.10,87.10,0.29,,16.88,6.00,149.10,3.13
RWA,2003,8586875,2138237279,249.01,53.53,0.08,87.30,0.36,,16.89,7.40,132.70,6.93
RWA,2004,8816844,2376496067,269.54,55.52,0.08,87.60,0.43,,16.90,8.70,117.50,7.51
RWA,2005,9054528,2933819766,324.02,56.97,0.08,89.20,0.56,52.00,16.91,4.80,104.50,7.72
RWA,2006,9299246,3274207945,352.09,58.34,0.08,90.60,,,16.91,11.40,93.40,7.61
RWA,2007,9549933,4017977507,420.73,59.50,0.07,90.30,2.12,,16.91,12.80,84.10,7.86
RWA,2008,9804269,5120655375,522.29,60.64,0.07,90.60,4.50,,16.92,6.00,76.00,7.56
RWA,2009,10060432,5603399015,556.97,61.81,0.07,90.50,7.70,,16.92,15.60,69.10,7.80
RWA,2010,10317553,6052276078,586.60,62.80,0.07,90.50,8.00,47.20,16.93,9.70,63.30,8.08
RWA,2011,10573733,6802676034,643.36,63.48,0.07,89.70,7.00,,16.93,10.80,58.10,7.93
RWA,2012,10829901,7556673276,697.76,64.19,0.08,88.80,8.02,,16.94,17.50,54.20,8.10
RWA,2013,11093340,7714276920,695.40,64.65,0.09,88.50,9.00,45.10,17.07,15.20,51.40,6.77
RWA,2014,11364757,8129984484,715.37,65.09,0.08,88.00,10.60,,17.50,19.80,49.20,6.98
RWA,2015,11640022,8447064079,725.69,65.42,0.10,86.30,12.46,,18.20,22.80,47.30,6.65
RWA,2016,11919183,8596812241,721.26,65.73,0.10,85.50,14.64,43.70,19.12,29.40,45.80,5.97
RWA,2017,12202060,9164345443,751.05,66.14,0.11,84.50,17.20,,20.25,34.10,44.70,5.38
RWA,2018,12487996,9650161136,772.75,66.35,0.12,82.80,19.17,,21.54,38.00,43.70,5.46
RWA,2019,12776103,10519272170,823.36,66.69,0.12,81.80,21.36,,22.97,46.60,42.70,4.91
RWA,2020,13065837,10487146253,802.64,66.95,0.11,81.70,23.80,,24.50,45.20,41.60,5.80
RWA,2021,13355260,11252894910,842.58,66.85,0.13,79.40,24.44,,26.10,48.70,40.60,6.23
RWA,2022,13651030,13747404814,1007.06,67.53,0.16,79.90,28.02,,27.78,50.60,39.70,5.93
RWA,2023,13954471,14806501437,1061.06,67.79,0.16,,28.81,39.40,28.86,63.90,38.80,5.13
SAS,2000,1237185482,544940514563,440.47,62.80,0.84,49.18,,,27.04,56.77,90.00,3.87
SAS,2001,1260149056,562554379798,446.42,63.26,0.84,49.17,,,27.34,58.35,86.10,4.08
SAS,2002,1282584796,593707009777,462.90,63.78,0.86,47.94,,,27.66,59.42,82.40,4.09
SAS,2003,1304347790,694775911444,532.66,64.24,0.87,47.67,,,28.02,62.34,78.90,3.89
SAS,2004,1325950587,804159915390,606.48,64.59,0.92,47.00,,,28.41,61.48,75.60,3.87
SAS,2005,1346886384,924419567611,686.34,65.13,0.95,46.22,2.10,,28.82,65.85,72.00,3.73
SAS,2006,1367187349,1051884831127,769.38,65.57,1.00,45.25,2.60,,29.24,65.92,68.70,3.57
SAS,2007,1386949456,1342148092012,967.70,65.99,1.07,43.53,3.70,,29.67,69.28,65.50,3.51
SAS,2008,1406047164,1347380565219,958.28,66.43,1.13,41.45,4.10,,30.11,71.78,62.40,3.51
SAS,2009,1425370200,1502961023416,1054.44,66.84,1.19,39.47,4.90,,30.54,72.99,59.40,3.48
SAS,2010,1444967010,1869826822337,1294.03,67.35,1.25,38.16,7.10,,30.96,74.08,56.30,3.30
SAS,2011,1464372623,2045738549407,1397.01,67.81,1.32,36.81,9.40,,31.35,77.31,53.40,3.22
SAS,2012,1483553073,2057958207008,1387.18,68.26,1.42,36.39,10.40,,31.67,78.42,50.50,3.29
SAS,2013,1501661991,2111097580244,1405.84,68.69,1.44,36.61,11.70,,32.00,80.85,47.70,3.66
SAS,2014,1519839246,2323062261802,1528.49,69.12,1.54,35.51,13.00,,32.32,82.85,45.10,3.54
SAS,2015,1537370078,2414503392328,1570.54,69.51,1.56,34.88,14.70,,32.64,86.53,42.60,3.52
SAS,2016,1555111864,2679313169084,1722.91,69.92,1.57,34.21,16.70,,32.95,88.32,40.30,3.43
SAS,2017,1572520427,3075955433026,1956.07,70.29,1.64,33.59,18.80,,33.26,91.40,38.10,2.92
SAS,2018,1589164714,3159841615195,1988.37,70.65,1.70,33.88,20.90,,33.57,94.82,36.00,2.85
SAS,2019,1605412986,3318484576409,2067.06,71.00,1.68,34.43,29.70,,33.89,95.47,34.10,2.91
SAS,2020,1621073417,3172770463540,1957.20,70.36,1.54,36.89,42.50,,34.20,96.40,32.40,3.26
SAS,2021,1634785356,3717045071948,2273.72,67.82,1.69,,48.00,,34.51,99.37,30.80,3.30
SAS,2022,1648009565,3834471492016,2326.73,72.01,1.80,,54.20,,34.81,99.09,29.30,3.31
SAS,2023,1662580579,4073084906363,2449.86,72.32,1.91,,58.30,,35.14,99.41,28.00,3.26
SAU,2000,16177722,189514933333,11714.56,72.61,16.40,0.00,2.21,,79.97,100.00,21.90,4.21
SAU,2001,17041397,184137600000,10805.31,72.95,16.18,0.00,4.68,,80.16,100.00,20.60,4.46
SAU,2002,17910910,189605866667,10586.05,73.30,16.40,0.00,6.38,,80.34,100.00,19.40,4.25
SAU,2003,18786767,215807733333,11487.22,73.66,16.41,0.00,8.00,,80.54,100.00,18.40,3.98
SAU,2004,19669480,258742133333,13154.50,74.03,16.63,0.00,10.23,,80.75,100.00,17.30,3.58
SAU,2005,20559890,328459608764,15975.75,74.40,16.85,0.00,12.71,,80.98,100.00,16.30,3.42
SAU,2006,21459144,376900133511,17563.61,74.76,17.09,0.00,19.46,,81.20,100.00,15.40,3.62
SAU,2007,22368313,415964509673,18596.15,75.07,17.34,0.00,30.00,,81.42,100.00,14.50,3.56
SAU,2008,23287877,519796800000,22320.49,75.30,18.06,0.00,36.00,,81.64,100.00,13.70,2.97
SAU,2009,24217654,429097866667,17718.39,75.45,18.33,0.00,38.00,,81.86,100.00,12.90,4.29
SAU,2010,23978487,528207466667,22028.39,75.62,20.30,0.00,41.00,,82.08,100.00,12.10,3.65
SAU,2011,25091867,680660800000,27126.75,75.81,20.29,0.00,47.50,,82.25,100.00,11.40,3.68
SAU,2012,26168861,751921333333,28733.44,76.09,20.61,0.00,54.00,,82.43,100.00,10.80,3.99
SAU,2013,27624004,769755733333,27865.47,76.52,19.81,0.00,60.50,,82.61,100.00,10.10,4.42
SAU,2014,28309273,787153066667,27805.49,77.12,20.70,0.00,64.71,,82.78,100.00,9.60,5.16
SAU,2015,29816382,693414400000,23256.15,77.78,20.51,0.00,69.62,,82.96,100.00,9.00,5.86
SAU,2016,30954198,689279466667,22267.72,78.35,19.69,0.00,74.88,,83.13,99.90,8.50,6.24
SAU,2017,30977355,741266133333,23929.29,78.72,19.48,0.00,94.18,,83.30,100.00,8.00,6.03
SAU,2018,30196281,886564800000,29360.07,78.75,19.21,0.00,93.31,,83.47,99.90,7.60,5.34
SAU,2019,30063799,888890133333,29566.79,78.31,19.29,0.00,95.72,,83.64,100.00,7.20,5.47
SAU,2020,31552510,767951200000,24338.83,77.60,18.29,0.10,97.86,,83.81,100.00,6.90,6.65
SAU,2021,30784383,982661066667,31920.77,77.09,19.18,0.10,100.00,,83.97,100.00,6.70,5.93
SAU,2022,32175224,1239075200000,38510.23,77.31,19.28,,100.00,,84.13,100.00,6.40,5.31
SAU,2023,33702731,1218584800000,36156.86,78.73,18.85,,100.00,,84.30,100.00,6.20,5.69
SDN,2000,27816745,12257299147,362.12,58.95,0.22,80.40,0.03,,32.34,23.00,102.00,3.61
SDN,2001,28516770,15716361792,451.29,59.26,0.23,79.40,0.14,,32.38,29.40,98.60,3.36
SDN,2002,29228727,18137128388,506.26,59.31,0.27,76.80,0.44,,32.40,29.70,95.20,3.30
SDN,2003,29896035,21355298460,580.32,58.32,0.27,77.00,0.54,,32.43,29.90,91.90,3.89
SDN,2004,30556637,26646007251,705.11,56.77,0.30,75.40,0.79,,32.45,30.20,101.10,4.16
SDN,2005,31262444,35182711988,905.54,57.23,0.35,72.30,,,32.46,30.50,98.80,4.09
SDN,2006,31992435,45263831634,1132.47,60.40,0.42,69.20,,,32.47,30.80,83.00,4.89
SDN,2007,32764135,59440139775,1444.37,61.44,0.44,65.60,8.66,,32.48,31.10,80.40,5.66
SDN,2008,33623980,64833083257,1527.58,61.26,0.46,63.50,,,32.48,20.00,77.90,5.42
SDN,2009,34569113,51621044077,1178.22,62.68,0.46,63.10,,35.40,32.58,29.00,75.50,6.39
SDN,2010,35414399,58962978034,1305.64,62.98,0.48,61.30,,,32.72,36.00,73.40,5.06
SDN,2011,36140806,55018567211,1332.66,63.18,0.45,63.70,,,32.91,38.30,71.30,5.62
SDN,2012,36923178,37632919967,1019.22,63.43,0.47,63.70,,,33.14,40.70,69.30,5.69
SDN,2013,37785849,43024018082,1138.63,63.44,0.47,64.30,,,33.43,43.10,67.30,6.96
SDN,2014,38823318,49516748618,1275.44,63.99,0.48,63.70,,34.20,33.76,44.90,65.40,5.68
SDN,2015,40024431,51726758677,1292.38,64.38,0.54,61.90,12.00,,34.09,48.00,63.50,5.81
SDN,2016,41259892,42630376000,1033.22,64.68,0.58,58.90,14.10,,34.19,50.50,61.60,5.68
SDN,2017,42714306,41283617976,966.51,65.15,0.55,59.40,18.60,,34.29,53.00,59.70,5.92
SDN,2018,44230596,32333780383,731.03,65.50,0.53,59.80,,,34.38,55.30,57.80,4.46
SDN,2019,45548175,32338079165,709.98,65.80,0.52,59.40,,,34.47,57.60,56.10,4.60
SDN,2020,46789231,27034593750,577.80,65.12,0.46,62.60,,,34.56,59.70,54.30,3.04
SDN,2021,48066924,34229513775,712.12,64.46,0.49,61.00,,,34.64,61.80,52.70,2.97
SDN,2022,49383346,51666875363,1046.24,65.70,0.43,,,,34.72,63.20,51.00,3.79
SDN,2023,50042791,39898289821,797.28,66.33,0.43,,,,34.80,66.00,63.10,2.85
SEN,2000,9968260,6013185004,603.23,57.62,0.40,47.50,0.40,,40.67,37.70,128.90,3.55
SEN,2001,10212942,6507824829,637.21,58.16,0.44,45.80,0.98,41.20,40.88,38.90,121.70,3.68
SEN,2002,10466214,7006402320,669.43,58.91,0.45,43.80,1.01,,41.11,36.80,113.20,3.95
SEN,2003,10721176,8768721563,817.89,59.47,0.42,43.70,2.10,,41.36,41.90,104.20,4.30
SEN,2004,10975704,10076816667,918.10,60.31,0.47,39.90,4.39,,41.62,36.80,95.50,4.57
SEN,2005,11235472,11009033438,979.85,60.98,0.51,40.30,4.79,39.20,41.91,47.10,87.60,3.67
SEN,2006,11500094,11697918243,1017.20,61.80,0.49,43.40,5.61,,42.20,49.90,80.80,3.76
SEN,2007,11770344,13994218413,1188.94,62.65,0.53,40.00,6.89,,42.52,48.10,75.00,3.41
SEN,2008,12048959,16853989628,1398.79,63.20,0.53,39.80,7.12,,42.87,49.70,70.10,3.51
SEN,2009,12337389,16145867495,1308.69,63.75,0.53,51.30,7.50,,43.24,53.50,66.10,3.84
SEN,2010,12635413,16121315909,1275.88,64.22,0.55,49.50,8.00,,43.64,56.50,62.80,4.03
SEN,2011,12958897,17814283639,1374.68,64.80,0.58,48.00,9.80,40.30,44.07,56.50,60.00,4.21
SEN,2012,13310495,17660870412,1326.84,65.23,0.55,49.60,10.80,,44.54,56.50,57.60,4.27
SEN,2013,13710849,18918667725,1379.83,65.64,0.57,42.70,13.10,,45.04,57.00,55.50,4.39
SEN,2014,14152102,19797253440,1398.89,66.00,0.59,42.50,17.70,,45.60,61.00,53.70,4.39
SEN,2015,14593331,17774766696,1218.01,66.45,0.63,39.10,21.70,,46.27,60.50,52.20,4.38
SEN,2016,15034521,19040312333,1266.44,66.72,0.68,36.70,25.66,,47.06,64.50,50.80,4.26
SEN,2017,15475002,20965069573,1354.77,67.06,0.66,36.80,29.64,,47.93,61.70,49.40,4.16
SEN,2018,15914498,23116701556,1452.56,67.38,0.67,34.20,35.30,38.30,48.90,66.00,47.90,4.43
SEN,2019,16352922,23403995992,1431.18,67.67,0.67,36.20,43.38,,49.94,70.40,46.20,4.50
SEN,2020,16789219,24530513038,1461.09,67.50,0.64,38.70,53.31,,51.06,64.30,44.20,5.15
SEN,2021,17220867,27520784130,1598.11,66.87,0.76,35.40,55.04,36.20,52.23,68.00,42.20,4.44
SEN,2022,17651103,27783332223,1574.03,67.79,0.82,,56.83,,53.44,67.90,40.10,4.04
SEN,2023,18077573,30696331296,1698.03,68.68,0.76,,59.19,,54.70,74.20,38.20,4.32
SGP,2000,4027887,96076539926,23852.84,77.95,11.30,0.30,36.00,,100.00,100.00,3.90,3.34
SGP,2001,4138012,89793790670,21699.74,78.25,11.09,0.60,41.67,,100.00,100.00,3.60,3.16
SGP,2002,4175950,92538372870,22159.84,78.55,10.83,0.60,47.00,,100.00,100.00,3.40,3.36
SGP,2003,4114826,97646401096,23730.38,79.04,10.31,0.60,53.84,,100.00,100.00,3.20,3.61
SGP,2004,4166664,115033593101,27608.08,79.49,10.69,0.50,62.00,,100.00,100.00,3.10,3.15
SGP,2005,4265762,127807848728,29961.32,79.99,9.78,0.50,61.00,,100.00,100.00,3.00,3.03
SGP,2006,4401365,148627286361,33768.45,80.14,9.54,0.50,59.00,,100.00,100.00,2.90,2.93
SGP,2007,4588599,180941701358,39432.89,80.44,9.45,0.50,69.90,,100.00,100.00,2.90,2.84
SGP,2008,4839396,193617323539,40008.57,80.79,8.87,0.50,69.00,,100.00,100.00,2.80,3.19
SGP,2009,4987573,194150283772,38926.81,81.24,8.77,0.50,69.00,,100.00,100.00,2.80,3.39
SGP,2010,5076732,239807980591,47236.68,81.54,9.63,0.50,71.00,,100.00,100.00,2.80,3.20
SGP,2011,5183688,279356499090,53891.46,81.74,9.90,0.50,71.00,,100.00,100.00,2.80,3.15
SGP,2012,5312437,295092888077,55547.56,82.00,9.44,0.50,72.00,,100.00,100.00,2.80,3.32
SGP,2013,5399162,307576360585,56967.43,82.25,9.75,0.60,80.90,,100.00,100.00,2.80,3.68
SGP,2014,5469724,314863580758,57564.80,82.50,9.85,0.60,79.03,,100.00,100.00,2.70,3.87
SGP,2015,5535002,307998545269,55645.61,82.74,9.97,0.70,79.01,,100.00,100.00,2.70,4.18
SGP,2016,5607283,320759207439,57204.03,82.85,9.45,0.70,84.45,,100.00,100.00,2.60,4.38
SGP,2017,5612253,344795119214,61436.13,83.10,10.14,0.70,84.45,,100.00,100.00,2.60,4.36
SGP,2018,5638676,377976367877,67032.82,83.30,9.61,0.80,88.17,,100.00,100.00,2.50,4.07
SGP,2019,5703569,376827390962,66068.70,83.60,9.80,0.90,88.95,,100.00,100.00,2.50,4.41
SGP,2020,5685807,351226533656,61772.50,83.54,9.48,0.90,92.00,,100.00,100.00,2.40,5.70
SGP,2021,5453566,441110903525,80884.86,83.09,10.22,1.10,96.92,,100.00,100.00,2.40,5.15
SGP,2022,5637022,514252535239,91227.70,82.90,10.00,,95.95,,100.00,100.00,2.50,4.33
SGP,2023,5917648,511181761244,86382.59,83.10,9.48,,94.29,,100.00,100.00,2.60,4.49
SLB,2000,440469,419842674,953.17,67.12,0.53,55.30,0.48,,15.75,4.70,30.50,4.83
SLB,2001,449125,409508553,911.79,67.24,0.57,54.10,0.47,,16.06,7.60,30.20,6.61
SLB,2002,457671,346406739,756.89,67.35,0.59,52.80,0.50,,16.40,10.50,29.80,10.11
SLB,2003,466154,417666639,895.98,67.48,0.60,51.50,0.56,,16.77,13.40,29.60,7.08
SLB,2004,474611,468000121,986.07,67.63,0.60,49.90,0.65,,17.17,16.30,29.30,7.73
SLB,2005,483080,552881357,1144.49,67.79,0.62,49.70,0.84,46.10,17.60,19.20,29.10,9.02
SLB,2006,491594,617257458,1255.62,67.97,0.61,48.90,1.65,,18.05,14.40,28.80,8.01
SLB,2007,500156,695291218,1390.15,67.85,0.65,47.40,2.00,,18.53,12.90,28.40,7.19
SLB,2008,508790,776335523,1525.85,68.34,0.65,46.70,3.00,,19.04,28.10,28.00,5.51
SLB,2009,518141,805557289,1554.71,68.40,0.63,45.80,4.00,,19.56,21.20,27.60,6.61
SLB,2010,532968,898128551,1685.15,68.67,0.67,45.10,5.00,,20.12,35.40,27.20,4.67
SLB,2011,552945,1063898227,1924.06,68.82,0.67,43.60,6.00,,20.73,39.10,26.70,5.03
SLB,2012,573606,1185217634,2066.26,68.96,0.65,43.80,7.00,37.10,21.39,42.90,26.20,4.88
SLB,2013,594945,1285905958,2161.39,69.01,0.66,41.80,8.00,,22.10,44.70,25.80,4.58
SLB,2014,616908,1335576763,2164.95,68.98,0.61,45.90,9.00,,22.86,50.50,25.40,4.89
SLB,2015,639415,1307908814,2045.48,69.32,0.52,48.60,10.00,,23.66,55.10,25.00,4.45
SLB,2016,662379,1379486291,2082.62,69.50,0.49,48.70,11.00,,24.50,58.20,24.60,4.53
SLB,2017,685672,1469790526,2143.58,69.65,0.43,49.00,15.15,,25.38,62.90,24.10,4.17
SLB,2018,709101,1615473250,2278.20,69.81,0.46,48.60,20.86,,26.29,65.80,23.60,3.86
SLB,2019,728147,1619150564,2223.66,69.98,0.44,48.40,22.49,,27.28,69.40,23.10,4.44
SLB,2020,744498,1536143428,2063.33,69.26,0.41,49.00,24.20,,28.03,72.90,22.50,4.89
SLB,2021,762591,1558312104,2043.44,68.89,0.44,49.10,26.04,,28.69,76.30,21.90,4.95
SLB,2022,781066,1466670930,1877.78,70.41,0.38,50.10,28.02,,29.35,76.00,21.30,4.82
SLB,2023,800005,1506124566,1882.64,70.53,0.37,,28.67,,30.01,81.30,20.60,5.36
SLE,2000,4423611,635866404,143.74,44.83,0.10,93.30,0.12,,35.53,7.70,222.80,5.29
SLE,2001,4692716,1681473894,358.32,45.45,0.12,91.20,0.16,,35.76,8.50,217.30,5.22
SLE,2002,4971435,1933863911,389.00,46.17,0.12,88.00,0.18,,36.01,9.20,211.60,5.55
SLE,2003,5177687,2142618046,413.82,46.78,0.12,86.50,0.19,40.20,36.27,9.90,205.70,5.06
SLE,2004,5355717,2237350687,417.75,47.49,0.11,86.50,0.20,,36.55,16.80,199.60,5.24
SLE,2005,5501712,2545275313,462.63,48.31,0.10,88.10,0.22,,36.85,11.30,193.20,5.23
SLE,2006,5624466,3263697467,580.27,49.55,0.13,84.40,0.23,,37.17,12.20,186.50,5.30
SLE,2007,5749352,3632957611,631.89,50.02,0.12,86.30,0.24,,37.51,13.00,179.60,5.32
SLE,2008,5894722,4157895298,705.36,50.69,0.11,86.00,0.25,,37.87,12.10,172.40,5.60
SLE,2009,6055646,3953403098,652.85,51.31,0.11,86.10,0.26,,38.25,14.60,165.20,6.27
SLE,2010,6222714,4262805967,685.04,51.93,0.11,84.90,0.58,,38.64,11.50,157.90,5.64
SLE,2011,6387251,4861632885,761.15,52.59,0.14,81.00,0.90,34.00,39.05,14.20,150.80,6.61
SLE,2012,6551080,6141666509,937.50,53.16,0.15,79.10,2.50,,39.46,17.20,144.10,5.93
SLE,2013,6714051,7502762863,1117.47,54.05,0.17,74.60,4.00,,39.89,13.50,137.90,8.46
SLE,2014,6876385,7686138791,1117.76,54.28,0.18,73.00,6.06,,40.33,18.80,135.90,15.12
SLE,2015,7037655,6788352975,964.58,55.45,0.15,74.00,6.34,,40.77,19.70,136.80,12.38
SLE,2016,7205328,6084297211,844.42,56.94,0.15,73.60,7.68,,41.23,20.30,121.80,10.05
SLE,2017,7379299,5749846528,779.19,57.76,0.14,74.60,9.30,,41.71,23.40,117.00,6.01
SLE,2018,7554563,6390514689,845.91,59.06,0.16,75.90,14.42,35.70,42.20,26.10,112.40,5.30
SLE,2019,7731991,6523577590,843.71,59.59,0.16,75.40,15.71,,42.70,22.70,108.30,5.71
SLE,2020,7912558,6688307706,845.28,59.69,0.16,75.10,17.12,,43.21,26.30,104.40,5.66
SLE,2021,8094602,7166931483,885.40,60.26,0.18,71.10,18.65,,43.73,27.50,100.60,5.07
SLE,2022,8276807,7121125277,860.37,61.28,0.18,71.60,21.51,,44.27,29.40,97.10,4.80
SLE,2023,8460512,6415852766,758.33,61.79,0.17,,23.71,,44.81,35.50,93.80,4.72
SLV,2000,5943366,11784927700,1982.87,67.71,0.98,33.50,1.18,51.50,56.56,84.50,32.20,7.84
SLV,2001,5968060,12282533600,2058.04,67.97,1.01,33.10,1.50,51.30,57.45,87.10,30.30,7.89
SLV,2002,5986631,12664190300,2115.41,68.53,1.01,34.00,1.90,51.90,58.35,87.50,28.60,7.89
SLV,2003,5998599,13243892200,2207.83,68.79,1.10,33.90,2.50,50.40,59.25,87.00,26.90,7.77
SLV,2004,6004671,13724810900,2285.69,69.30,1.14,33.30,3.20,47.80,60.14,87.40,25.40,8.13
SLV,2005,6005578,14698000000,2447.39,69.34,1.17,34.10,4.20,48.50,61.03,87.50,24.00,9.20
SLV,2006,6002319,15999890000,2665.62,69.61,1.23,34.80,5.50,45.70,61.91,89.20,22.70,8.69
SLV,2007,6009824,17011750000,2830.66,69.82,1.29,28.20,6.11,45.20,62.77,91.10,21.50,8.48
SLV,2008,6029297,17986890000,2983.25,70.14,1.18,31.50,10.08,46.90,63.64,91.00,20.40,8.50
SLV,2009,6048279,17601620000,2910.19,70.36,1.14,32.20,12.11,45.80,64.53,91.10,19.40,8.84
SLV,2010,6068249,18447920000,3040.07,70.91,1.11,32.60,15.90,43.50,65.43,91.60,18.40,8.90
SLV,2011,6090127,20283780000,3330.60,71.19,1.15,29.50,18.90,42.30,66.33,92.60,17.60,8.88
SLV,2012,6113975,21386150000,3497.91,71.42,1.14,30.30,20.32,41.80,67.22,93.70,16.70,8.61
SLV,2013,6138839,21990960000,3582.27,71.23,1.08,27.50,23.11,43.40,68.09,95.00,16.00,9.05
SLV,2014,6162955,22593470000,3666.01,71.14,1.11,24.00,24.76,41.60,68.92,95.10,15.30,8.60
SLV,2015,6183676,23438240000,3790.34,70.95,1.17,21.00,26.80,40.60,69.70,95.40,14.60,8.76
SLV,2016,6200800,24191430000,3901.34,70.91,1.18,20.70,29.00,40.00,70.40,96.00,13.90,8.71
SLV,2017,6213533,24979190000,4020.13,71.01,1.07,25.00,33.82,38.00,71.09,96.80,13.30,8.42
SLV,2018,6219807,26020850000,4183.55,71.38,1.14,23.20,43.80,38.60,71.76,97.00,12.70,8.32
SLV,2019,6222318,26881140000,4320.12,71.73,1.30,19.40,50.49,38.80,72.41,97.40,12.20,8.81
SLV,2020,6234673,24921190000,3997.19,70.24,1.07,23.70,54.60,,73.06,99.70,11.70,8.95
SLV,2021,6255782,29043140000,4642.61,69.94,1.20,21.90,57.26,39.00,73.68,97.90,11.20,10.13
SLV,2022,6280319,31870110000,5074.60,71.97,1.35,,60.06,38.80,74.15,100.00,10.80,9.82
SLV,2023,6309624,33565430000,5319.72,72.10,1.46,,62.62,39.80,74.61,98.30,10.40,9.29
SMR,2000,26799,1007661291,37600.70,80.50,,,48.80,,93.77,100.00,5.20,5.79
SMR,2001,27143,1059529731,39035.10,80.80,,,50.34,,93.90,100.00,4.80,5.64
SMR,2002,27491,1148872076,41790.84,81.06,,,50.83,,93.95,100.00,4.50,5.39
SMR,2003,27843,1462590387,52529.91,81.33,,,50.00,,94.00,100.00,4.10,4.77
SMR,2004,29457,1715341295,58232.04,81.59,,,50.57,,94.21,100.00,3.80,4.86
SMR,2005,29836,1786513631,59877.79,81.93,,,,,94.65,100.00,3.60,4.89
SMR,2006,30184,1909765811,63270.80,82.26,,,50.21,,95.21,100.00,3.30,4.91
SMR,2007,31211,2188653429,70124.42,82.61,,,50.36,,95.82,100.00,3.10,5.10
SMR,2008,31662,2403214436,75902.17,82.89,,,54.52,,96.39,100.00,2.90,5.41
SMR,2009,33066,2064277984,62429.02,83.22,,,54.21,,96.84,100.00,2.70,6.18
SMR,2010,33270,1881191950,56543.19,83.46,,,,,97.07,100.00,2.60,6.21
SMR,2011,32620,1813717695,55601.40,83.71,,,49.60,,97.10,100.00,2.40,8.07
SMR,2012,33469,1604701051,47945.89,83.94,,,,,97.10,100.00,2.30,8.99
SMR,2013,33041,1678741202,50807.82,84.18,,,,,97.10,100.00,2.10,8.24
SMR,2014,32655,1673910988,51260.48,84.39,,,,,97.10,100.00,2.00,8.30
SMR,2015,32897,1419400396,43146.80,84.60,,,,,97.10,100.00,1.90,8.43
SMR,2016,33101,1468342400,44359.46,84.78,,,55.00,,97.10,100.00,1.80,8.42
SMR,2017,33825,1528621193,45192.05,84.93,,,60.18,,97.10,100.00,1.70,8.26
SMR,2018,34522,1655354329,47950.71,85.10,,,,,97.10,100.00,1.60,8.28
SMR,2019,34663,1616231696,46627.00,85.26,,,67.85,,97.10,100.00,1.50,8.15
SMR,2020,34770,1544713785,44426.63,82.65,,,77.95,,97.10,100.00,1.50,8.48
SMR,2021,34252,1855395712,54168.97,83.54,,,81.67,,97.10,100.00,1.40,7.51
SMR,2022,33755,1831701023,54264.58,85.71,,,97.33,,97.11,100.00,1.40,7.22
SMR,2023,33860,2027243194,59871.33,85.71,,,97.34,,97.13,100.00,1.30,6.61
SOM,2000,8838713,3412797450,386.12,50.75,0.07,93.30,0.02,,33.06,2.10,173.20,
SOM,2001,9198493,2252847465,244.91,50.83,0.07,93.30,0.08,,33.51,4.70,173.20,
SOM,2002,9550063,2192684135,229.60,50.82,0.08,92.60,0.12,,33.99,7.40,173.20,
SOM,2003,9909157,2836724352,286.27,50.72,0.08,92.80,0.38,,34.47,9.80,173.20,
SOM,2004,10280998,3859592813,375.41,50.69,0.07,93.00,1.05,,34.96,12.40,173.20,
SOM,2005,10644228,4683246454,439.98,50.89,0.07,93.30,1.08,,35.47,15.00,173.20,
SOM,2006,10975502,5026743282,458.00,50.92,0.07,93.50,1.10,,36.00,15.20,172.60,
SOM,2007,11322582,5430713729,479.64,50.89,0.07,93.00,1.12,,36.56,20.20,170.50,
SOM,2008,11663084,5913620293,507.04,51.46,0.07,93.40,1.14,,37.18,22.90,166.70,
SOM,2009,11961201,2948594552,246.51,52.10,0.06,93.60,1.16,,37.84,25.50,162.40,
SOM,2010,12261756,2687807004,219.20,48.90,0.06,93.60,,,38.57,52.30,186.70,
SOM,2011,12348830,2906000097,235.33,32.45,0.06,93.70,1.25,,39.38,52.00,363.10,
SOM,2012,12461160,4364670160,350.26,49.14,0.06,93.90,1.38,,40.27,51.80,185.40,
SOM,2013,12869594,5062881600,393.40,54.02,0.06,94.40,1.50,,41.26,51.50,143.20,3.37
SOM,2014,13339491,5728399720,429.43,54.44,0.06,94.60,1.63,,42.35,51.40,138.60,3.02
SOM,2015,13806963,6152149100,445.58,55.06,0.06,94.50,1.76,,43.86,51.20,134.30,2.94
SOM,2016,14348740,6613743070,460.93,55.28,0.06,94.80,1.88,,45.94,51.10,130.20,2.28
SOM,2017,14916629,7621501710,510.94,52.19,0.06,94.90,,,48.36,52.10,156.40,2.44
SOM,2018,15452487,7873000000,509.50,54.77,0.06,94.90,,,50.95,50.70,136.40,2.51
SOM,2019,16030971,8656000000,539.95,57.25,0.05,95.00,2.73,,51.64,49.20,118.40,2.41
SOM,2020,16651191,8628000000,518.16,57.10,0.05,95.50,15.02,,52.29,49.90,114.70,2.47
SOM,2021,17271431,9483000000,549.06,55.70,0.05,95.40,23.87,,52.91,49.30,111.00,2.74
SOM,2022,17801897,10203000000,573.14,53.93,0.05,95.40,27.60,,53.50,48.90,143.10,2.85
SOM,2023,18358615,10958000000,596.89,58.82,0.05,,26.12,,54.07,50.30,104.30,3.74
SRB,2000,7516346,7326373882,974.73,71.58,,22.10,,,55.59,99.90,12.70,5.81
SRB,2001,7503433,13599378662,1812.42,72.23,,19.60,,,56.05,99.80,12.10,6.19
SRB,2002,7500031,17930583571,2390.73,72.29,,18.00,,32.70,56.46,100.00,11.40,7.25
SRB,2003,7480591,23593044418,3153.90,72.44,,15.70,,32.80,56.88,99.70,10.60,7.31
SRB,2004,7463157,26845632342,3597.09,72.68,,14.60,23.50,35.50,57.31,99.60,9.70,7.64
SRB,2005,7440769,28334256181,3807.97,72.83,,16.10,26.30,36.50,57.75,99.70,9.00,8.09
SRB,2006,7411569,33298057362,4492.71,73.39,,15.30,27.20,29.70,58.17,99.60,8.50,8.29
SRB,2007,7381579,44888028946,6081.09,73.63,,14.00,33.15,28.70,58.56,99.60,8.10,9.02
SRB,2008,7350222,54220641202,7376.74,73.89,,15.50,35.60,27.60,58.89,99.60,7.90,9.13
SRB,2009,7320807,46955984410,6414.04,73.99,,20.70,38.10,28.00,59.16,99.60,7.80,8.99
SRB,2010,7291436,43536629233,5970.93,74.34,,20.50,40.90,29.00,59.35,99.70,7.60,9.15
SRB,2011,7236519,51251098408,7082.29,74.54,,17.40,42.20,,59.43,99.70,7.40,8.76
SRB,2012,7201497,45103269969,6263.04,74.84,,19.50,48.10,39.90,59.35,99.80,7.10,8.96
SRB,2013,7166553,50455529604,7040.42,75.19,,20.00,53.45,39.40,59.61,99.90,6.80,8.93
SRB,2014,7131787,49114321280,6886.68,75.34,,23.20,62.08,40.40,59.88,99.70,6.60,8.86
SRB,2015,7095383,41297410635,5820.32,75.29,,21.20,65.32,40.50,60.14,99.90,6.30,8.46
SRB,2016,7058322,42225495910,5982.37,75.69,,20.90,67.06,38.80,60.39,99.90,6.10,8.15
SRB,2017,7020858,45972834714,6548.04,75.54,,20.00,70.33,36.10,60.62,100.00,5.90,7.90
SRB,2018,6982604,52787520249,7559.86,75.89,,21.00,73.36,35.00,60.84,100.00,5.80,8.18
SRB,2019,6945235,53864693665,7755.63,75.94,,21.40,77.42,34.50,61.05,99.80,5.60,8.29
SRB,2020,6899126,55874017669,8098.71,74.48,,26.00,78.37,35.00,61.22,100.00,5.50,8.31
SRB,2021,6834326,66159884073,9680.53,72.78,,27.20,81.17,33.10,61.36,100.00,5.40,9.23
SRB,2022,6664449,66809895701,10024.82,75.24,,,83.54,32.80,61.90,100.00,5.40,8.58
SRB,2023,6623183,81343999280,12281.71,76.14,,,85.36,32.80,62.14,100.00,5.40,8.03
SSD,2000,6032267,,,47.59,,,,,16.04,,180.10,
SSD,2001,6308391,,,48.55,,,,,16.26,,171.10,
SSD,2002,6596806,,,49.39,,,,,16.45,,162.20,
SSD,2003,6903127,,,52.32,,,,,16.62,,153.70,
SSD,2004,7233041,,,53.05,,,,,16.76,,145.80,
SSD,2005,7590143,,,53.97,,,,,16.87,,138.40,
SSD,2006,7976526,,,54.65,,,,,16.95,,131.50,
SSD,2007,8388788,,,55.43,,,,,17.00,0.80,124.90,
SSD,2008,8817647,14586253383,1654.21,56.28,,,,,17.03,1.30,118.70,
SSD,2009,9243556,12231264525,1323.22,56.85,,,,46.30,17.29,3.00,112.70,
SSD,2010,9745953,14602072411,1498.27,57.49,,,,,17.54,1.50,107.20,
SSD,2011,10288109,14907308933,1448.98,57.67,,,,,17.78,2.80,102.30,
SSD,2012,10756240,11931472169,1109.26,58.24,,30.60,1.50,,18.03,3.30,98.90,
SSD,2013,11166275,18426469017,1650.19,58.29,,30.10,2.20,,18.29,3.80,97.20,
SSD,2014,11235073,13962212847,1242.73,45.63,,29.40,2.60,,18.55,4.30,182.60,
SSD,2015,11107561,11997800760,1080.15,39.76,,27.50,3.00,,18.81,4.80,240.80,
SSD,2016,10830102,,,36.72,,28.70,3.50,44.00,19.08,5.30,272.90,
SSD,2017,10259154,,,35.35,,35.10,4.10,,19.35,4.20,292.00,22.11
SSD,2018,10122977,,,51.91,,31.50,4.80,,19.63,6.30,133.70,11.70
SSD,2019,10423384,,,58.13,,31.40,6.67,,19.91,6.80,96.70,9.07
SSD,2020,10698467,,,57.65,,32.80,,,20.19,7.30,96.70,9.35
SSD,2021,10865780,,,57.05,,32.40,,,20.48,7.70,96.70,6.30
SSD,2022,11021177,,,57.20,,,,,20.78,8.40,96.70,6.57
SSD,2023,11483374,,,57.62,,,,,21.07,5.40,96.70,11.61
SSF,2000,680768792,428788727164,629.86,51.64,0.85,72.64,,,32.66,25.71,150.40,4.89
SSF,2001,699215347,410936482186,587.71,51.99,0.85,72.52,,,33.12,26.16,146.30,4.91
SSF,2002,718276009,449501126212,625.81,52.36,0.84,72.00,,,33.60,27.34,138.90,4.45
SSF,2003,737918076,565920228913,766.91,52.83,0.86,71.31,,,34.10,29.60,133.00,5.40
SSF,2004,758237956,702843567490,926.94,53.35,0.89,70.81,,,34.61,29.37,127.70,5.39
SSF,2005,779233636,836994144673,1074.12,53.89,0.89,70.52,2.00,,35.13,29.35,119.80,5.22
SSF,2006,800828364,988827706638,1234.76,54.59,0.86,70.61,2.60,,35.64,31.20,114.00,5.13
SSF,2007,823124982,1145187476949,1391.27,55.26,0.86,70.11,3.10,,36.10,32.52,109.10,5.04
SSF,2008,846224198,1300970976245,1537.38,55.89,0.89,69.98,3.60,,36.62,32.40,104.50,4.82
SSF,2009,869926373,1241887642937,1427.58,56.37,0.82,70.04,4.30,,37.09,32.63,102.80,5.22
SSF,2010,894259855,1469543958179,1643.31,57.11,0.84,70.55,6.00,,37.53,33.34,97.20,5.16
SSF,2011,919112234,1650873639675,1796.16,57.47,0.82,69.95,7.50,,37.98,35.90,97.10,5.09
SSF,2012,944523292,1717201201151,1818.06,58.23,0.82,68.97,9.20,,38.42,36.78,90.70,4.92
SSF,2013,970746312,1825391175424,1880.40,58.72,0.85,67.85,11.20,,38.88,38.03,87.60,4.90
SSF,2014,997426231,1902822047308,1907.73,58.99,0.86,67.63,13.40,,39.36,38.35,86.80,4.70
SSF,2015,1024659421,1687942836834,1647.32,59.40,0.82,68.03,16.20,,39.84,39.20,85.00,4.92
SSF,2016,1052166739,1532640901656,1456.65,59.81,0.81,67.96,18.30,,40.30,43.83,83.40,5.00
SSF,2017,1080208893,1673446999208,1549.19,60.16,0.80,67.82,20.00,,40.77,43.76,82.50,4.98
SSF,2018,1109196428,1799777413644,1622.60,60.77,0.80,67.67,22.00,,41.26,46.41,79.00,4.67
SSF,2019,1138472475,2045881962740,1797.04,61.13,0.79,68.17,24.40,,41.71,47.19,78.00,4.49
SSF,2020,1168133785,1902234301367,1628.44,61.17,0.73,70.27,26.70,,42.17,48.54,75.90,4.87
SSF,2021,1198069722,2139729978110,1785.98,60.70,0.75,,29.00,,42.65,50.65,77.10,5.07
SSF,2022,1228187451,2290209566620,1864.71,61.86,0.72,,31.10,,43.16,51.51,78.30,4.92
SSF,2023,1258809472,2117602210171,1682.23,62.60,0.70,,32.30,,43.64,53.25,73.20,4.92
STP,2000,144018,76198395,529.09,61.21,0.38,54.70,4.64,32.10,52.97,52.90,82.20,9.32
STP,2001,146375,75951133,518.88,61.50,0.38,55.50,6.31,,53.96,51.50,76.70,9.64
STP,2002,149922,85171074,568.10,61.83,0.43,55.30,7.58,,55.09,52.50,71.10,9.50
STP,2003,153814,102085769,663.70,62.16,0.47,51.80,10.16,,56.41,53.60,65.70,11.47
STP,2004,157705,114582284,726.56,62.56,0.52,48.90,13.32,,57.88,54.70,60.50,10.72
STP,2005,161639,136450662,844.17,62.43,0.55,47.90,13.76,,59.42,55.80,55.70,10.35
STP,2006,165638,142775104,861.97,63.04,0.57,47.30,14.18,,60.97,56.90,51.10,7.11
STP,2007,169700,149146919,878.89,63.34,0.58,47.70,14.59,,62.48,58.00,46.90,7.01
STP,2008,173793,188021165,1081.87,63.45,0.60,46.00,15.48,,63.87,59.10,43.10,5.97
STP,2009,177853,200668065,1128.28,63.67,0.64,45.40,16.41,,65.08,56.90,39.50,5.75
STP,2010,181802,190021192,1045.21,63.87,0.68,38.20,18.75,30.80,66.06,61.40,36.20,5.81
STP,2011,185649,226455001,1219.80,64.12,0.69,42.40,20.16,,66.73,62.60,33.20,5.65
STP,2012,189439,229371348,1210.79,64.51,0.70,40.10,21.57,,67.03,57.90,30.40,7.07
STP,2013,193148,267041748,1382.58,64.93,0.69,42.80,23.00,,67.13,65.00,27.90,8.94
STP,2014,196767,293119143,1489.68,65.48,0.67,38.40,24.41,,67.26,68.60,25.50,7.91
STP,2015,200291,259999643,1298.11,66.02,0.70,39.20,25.82,,67.39,67.30,23.30,6.53
STP,2016,203689,292267272,1434.87,66.56,0.72,38.10,28.00,,67.52,69.40,21.30,7.60
STP,2017,206970,322002845,1555.79,67.07,0.72,39.20,32.62,40.70,67.65,74.30,19.60,7.47
STP,2018,210187,383717328,1825.60,67.60,0.73,40.60,37.99,,67.78,71.00,18.20,5.92
STP,2019,213392,412976083,1935.29,68.04,0.75,38.60,44.26,,67.91,75.10,17.10,5.48
STP,2020,217435,471229485,2167.22,67.98,0.71,41.60,51.55,,68.04,76.80,16.10,7.32
STP,2021,221961,524402456,2362.59,68.03,0.71,40.80,54.95,,68.17,78.50,15.30,7.86
STP,2022,226305,540809499,2389.74,69.24,0.62,42.50,58.57,,68.37,78.00,14.70,5.77
STP,2023,230871,690456807,2990.66,69.72,0.63,,58.70,,68.60,81.30,14.10,5.77
SUR,2000,476643,947671970,1988.22,64.41,3.11,23.60,2.51,,66.70,95.40,31.00,5.87
SUR,2001,486560,834279358,1714.65,64.82,3.13,24.10,3.06,,66.72,95.30,30.00,3.82
SUR,2002,496551,1093574468,2202.34,65.27,2.25,27.80,4.16,,66.73,95.20,29.00,5.33
SUR,2003,506414,1274190311,2516.10,65.78,2.44,24.60,4.72,,66.74,95.10,28.10,4.89
SUR,2004,513923,1484092538,2887.77,66.36,2.71,22.60,6.08,,66.74,95.00,27.20,5.46
SUR,2005,519313,1793410397,3453.43,67.00,3.25,18.90,6.40,,66.73,94.90,26.50,5.24
SUR,2006,524997,2626380435,5002.66,67.64,2.92,22.10,9.50,,66.70,91.00,25.70,5.86
SUR,2007,531016,2936612022,5530.18,68.31,2.66,24.60,14.11,,66.64,94.70,25.10,5.22
SUR,2008,537245,3532969035,6576.09,68.87,2.72,26.20,21.06,,66.58,94.70,24.40,4.75
SUR,2009,543568,3875409836,7129.58,69.32,2.67,26.50,31.36,,66.51,94.60,23.80,4.98
SUR,2010,549923,4368370998,7943.60,69.63,3.18,22.10,31.59,,66.43,91.20,23.20,4.70
SUR,2011,556269,4422276622,7949.89,69.82,3.52,21.20,32.00,,66.37,94.60,22.70,4.41
SUR,2012,562633,4980000000,8851.24,69.96,4.35,15.80,34.68,,66.31,94.60,22.20,4.28
SUR,2013,569020,5145757576,9043.19,70.11,4.02,17.60,37.40,,66.27,94.60,21.60,4.49
SUR,2014,575373,5240606061,9108.19,70.33,4.56,12.80,40.08,,66.22,94.60,21.10,4.52
SUR,2015,581627,5126237646,8813.62,70.57,4.69,11.60,42.76,,66.18,95.00,20.60,5.81
SUR,2016,587757,3317421648,5644.21,70.98,5.04,11.10,45.40,,66.14,95.80,20.10,5.99
SUR,2017,593713,3591679431,6049.52,71.25,4.13,15.50,48.95,,66.10,96.60,19.50,5.32
SUR,2018,599513,3996198867,6665.74,71.47,3.59,18.30,55.10,,66.07,97.40,18.90,6.61
SUR,2019,605768,4016040575,6629.67,71.77,4.39,14.90,62.03,,66.04,97.90,18.40,8.38
SUR,2020,612317,2911807496,4755.39,72.32,4.25,14.60,,,66.01,98.40,17.90,6.03
SUR,2021,617896,3107923198,5029.85,68.94,4.40,14.50,,,65.99,98.80,17.40,5.02
SUR,2022,623164,3791603200,6084.44,73.25,4.59,,,39.20,65.90,99.00,16.80,5.93
SUR,2023,628886,3472693412,5521.98,73.63,3.97,,87.40,,65.76,99.60,16.30,5.41
SVK,2000,5388720,20626538612,3827.73,73.05,7.74,3.70,9.43,,56.11,100.00,9.60,5.31
SVK,2001,5378867,21377597035,3974.37,73.40,7.80,6.00,12.53,,56.00,100.00,9.30,5.34
SVK,2002,5376912,24768142566,4606.39,73.60,7.80,5.50,40.14,,55.88,100.00,9.10,5.52
SVK,2003,5373374,33761723946,6283.15,73.60,7.89,5.30,43.04,,55.74,100.00,8.80,5.48
SVK,2004,5372280,42960730480,7996.74,73.96,7.79,6.20,52.89,27.10,55.58,100.00,8.60,6.40
SVK,2005,5372807,48823790951,9087.20,73.90,7.86,6.30,55.19,29.30,55.42,99.90,8.30,6.62
SVK,2006,5373054,57111148619,10629.18,74.20,7.86,6.60,56.08,25.80,55.25,99.90,8.00,6.85
SVK,2007,5374622,77019443089,14330.21,74.21,7.69,8.20,61.80,24.70,55.07,100.00,7.70,7.18
SVK,2008,5379233,96685492864,17973.84,74.70,7.65,7.60,66.05,26.00,54.90,100.00,7.40,6.96
SVK,2009,5386406,89342984698,16586.75,74.91,6.91,10.00,70.00,27.20,54.73,100.00,7.10,7.95
SVK,2010,5391428,91112160801,16899.45,75.11,7.40,10.30,75.71,27.30,54.57,100.00,6.90,7.67
SVK,2011,5398384,99705104723,18469.44,75.96,7.02,10.40,74.44,26.50,54.42,100.00,6.70,7.31
SVK,2012,5407579,94724394278,17516.97,76.11,6.68,10.50,76.71,26.10,54.28,100.00,6.60,7.53
SVK,2013,5413393,99134277850,18312.78,76.41,6.72,10.70,77.88,28.10,54.14,100.00,6.40,7.48
SVK,2014,5418649,101713075599,18770.93,76.81,6.27,12.20,79.98,26.10,54.00,100.00,6.30,6.87
SVK,2015,5423801,89178548717,16442.08,76.56,6.37,13.40,77.63,26.50,53.87,100.00,6.20,6.74
SVK,2016,5430798,90347173229,16636.08,77.17,6.53,13.10,80.48,25.20,53.74,100.00,6.10,7.06
SVK,2017,5439232,95978130735,17645.53,77.17,6.94,12.40,81.63,23.20,53.61,100.00,6.00,6.73
SVK,2018,5446771,106611673365,19573.37,77.27,6.84,12.40,80.45,25.00,53.49,100.00,5.90,6.64
SVK,2019,5454147,105843498304,19406.06,77.67,6.38,17.60,82.85,23.20,53.37,100.00,5.90,6.91
SVK,2020,5458827,107732602896,19735.49,76.87,5.98,17.60,89.92,24.20,53.25,100.00,5.90,7.06
SVK,2021,5447247,120511265913,22123.33,74.61,6.73,17.90,88.93,24.10,53.19,100.00,6.00,7.63
SVK,2022,5431752,115792972358,21317.79,76.97,6.11,,89.07,24.10,53.19,100.00,6.10,7.70
SVK,2023,5426740,133578518424,24614.87,78.12,5.74,,87.21,23.80,53.19,100.00,6.20,7.35
SVN,2000,1988925,20159190702,10135.72,75.41,7.59,18.00,15.11,,50.70,100.00,5.40,7.85
SVN,2001,1992060,20668868707,10375.63,75.76,8.52,18.70,30.18,,50.76,100.00,5.20,7.96
SVN,2002,1994530,23214593516,11639.13,76.01,8.66,16.30,27.84,29.10,50.77,100.00,4.90,8.12
SVN,2003,1995733,29360575032,14711.67,76.86,8.58,16.90,31.85,30.90,50.76,100.00,4.70,8.17
SVN,2004,1997012,34156553313,17103.83,77.21,8.71,17.80,40.81,24.80,50.71,100.00,4.40,8.00
SVN,2005,2000474,35947936824,17969.71,77.61,8.82,18.60,46.81,24.60,50.65,100.00,4.20,8.05
SVN,2006,2006868,39260368837,19563.01,78.09,8.94,17.40,54.01,24.40,50.57,100.00,4.00,7.87
SVN,2007,2018122,47880266543,23725.16,78.56,8.89,18.40,56.74,24.40,50.47,100.00,3.80,7.54
SVN,2008,2021316,55509332322,27461.98,78.77,9.35,17.60,58.00,23.70,50.36,100.00,3.60,7.89
SVN,2009,2039669,49975540955,24501.79,78.97,8.28,19.60,64.00,24.80,50.24,100.00,3.40,8.64
SVN,2010,2048583,47793117241,23329.84,79.42,8.38,20.10,70.00,24.90,50.12,100.00,3.20,8.64
SVN,2011,2052843,51199194599,24940.63,79.97,7.83,19.10,67.34,24.90,49.95,100.00,3.10,8.60
SVN,2012,2057159,46167053954,22442.14,80.12,7.54,20.20,68.35,25.60,49.76,100.00,2.90,8.79
SVN,2013,2059953,47867056859,23236.97,80.32,7.53,22.50,72.68,26.20,50.05,100.00,2.80,8.84
SVN,2014,2061980,49514466380,24013.07,81.08,6.85,22.90,71.59,25.70,50.98,100.00,2.70,8.58
SVN,2015,2063531,42709468275,20697.27,80.78,6.93,21.40,73.10,25.40,53.66,100.00,2.60,8.58
SVN,2016,2065042,44290685824,21447.84,81.18,7.27,21.00,75.50,24.80,53.65,100.00,2.50,8.57
SVN,2017,2066388,48153200135,23303.08,81.03,7.43,19.70,78.89,24.20,55.25,100.00,2.50,8.26
SVN,2018,2073894,53689067640,25888.05,81.38,7.45,20.60,79.75,24.60,55.19,100.00,2.40,8.35
SVN,2019,2088385,53909922736,25814.17,81.53,7.10,20.90,83.11,24.40,55.45,100.00,2.40,8.57
SVN,2020,2102419,53384760135,25392.07,80.53,6.44,22.70,86.60,24.00,55.38,100.00,2.40,9.49
SVN,2021,2108079,61540813362,29192.84,80.68,6.57,23.40,89.00,24.30,55.30,100.00,2.30,9.53
SVN,2022,2112076,59899117741,28360.30,81.28,6.34,,88.91,24.30,55.34,100.00,2.30,9.63
SVN,2023,2120461,69255264238,32660.48,81.93,5.95,,90.38,24.70,55.54,100.00,2.30,9.30
SWE,2000,8872109,262903560280,29632.59,79.64,6.54,39.80,45.69,27.00,84.04,100.00,4.10,7.32
SWE,2001,8895960,242497797485,27259.32,79.80,6.53,37.40,51.77,26.50,84.08,100.00,4.00,7.89
SWE,2002,8924958,267371907447,29957.78,79.85,6.65,35.90,70.57,26.20,84.13,100.00,4.00,8.19
SWE,2003,8958229,334072443516,37292.24,80.10,6.66,34.60,79.13,25.30,84.20,100.00,3.90,8.32
SWE,2004,8993531,384545442175,42758.00,80.50,6.46,35.50,83.89,26.10,84.27,100.00,3.70,8.14
SWE,2005,9029572,391688455929,43378.41,80.55,6.04,39.30,84.83,26.80,84.35,100.00,3.60,8.16
SWE,2006,9080505,422528394459,46531.38,80.75,6.07,40.10,87.76,26.40,84.46,100.00,3.50,8.04
SWE,2007,9148092,490047789548,53568.31,80.90,5.78,41.80,82.01,27.10,84.59,100.00,3.30,7.99
SWE,2008,9219637,514614100833,55817.18,81.10,5.61,43.20,90.00,28.10,84.75,100.00,3.20,8.23
SWE,2009,9298515,434311714442,46707.64,81.35,5.05,45.70,91.00,27.30,84.93,100.00,3.10,8.78
SWE,2010,9378126,492750897239,52542.58,81.45,5.64,44.70,90.00,27.70,85.13,100.00,3.10,8.32
SWE,2011,9449213,570538581144,60379.48,81.80,5.13,45.40,92.77,27.60,85.36,100.00,3.00,10.50
SWE,2012,9519374,549739674655,57749.56,81.70,4.80,48.30,93.18,27.60,85.63,100.00,3.00,10.83
SWE,2013,9600379,584125353119,60843.99,81.96,4.58,47.30,94.78,28.80,85.92,100.00,2.90,10.99
SWE,2014,9696110,577727767304,59583.46,82.25,4.41,48.60,92.52,28.40,86.26,100.00,2.90,11.07
SWE,2015,9799186,501602351912,51188.17,82.20,4.38,51.90,90.61,29.20,86.62,100.00,2.90,10.93
SWE,2016,9923085,513058312951,51703.51,82.31,4.28,50.90,89.65,29.60,87.00,100.00,2.80,10.96
SWE,2017,10057698,535172356785,53210.22,82.41,4.16,51.80,93.01,28.80,87.24,100.00,2.80,10.95
SWE,2018,10175214,549649344043,54018.46,82.56,3.90,51.60,89.25,30.00,87.47,100.00,2.70,11.09
SWE,2019,10278887,530894124494,51648.99,83.11,3.84,52.90,94.49,29.30,87.71,100.00,2.60,10.93
SWE,2020,10353442,544265668452,52568.57,82.36,3.67,57.80,94.54,28.90,87.94,100.00,2.60,11.42
SWE,2021,10415811,631693331301,60647.54,83.06,3.89,57.90,94.67,29.80,88.17,100.00,2.50,11.23
SWE,2022,10486941,575071237641,54836.89,83.06,3.60,,95.01,31.60,88.40,100.00,2.50,10.86
SWE,2023,10536632,578990915246,54950.28,83.31,3.48,,95.70,29.30,88.63,100.00,2.40,11.15
SWZ,2000,1041414,1697161558,1629.67,47.63,1.05,60.10,0.93,53.10,22.84,20.40,112.50,4.61
SWZ,2001,1051064,1502870486,1429.86,46.34,1.06,60.90,1.28,,22.71,26.90,115.70,5.14
SWZ,2002,1059441,1393945031,1315.74,45.38,1.02,63.60,1.82,,22.57,25.90,117.00,5.52
SWZ,2003,1066700,2149632433,2015.22,44.63,0.94,66.50,2.44,,22.43,28.70,117.90,6.38
SWZ,2004,1073159,2710331785,2525.56,43.91,0.93,66.60,3.23,,22.31,31.40,118.00,6.81
SWZ,2005,1079022,3097946371,2871.07,43.96,0.92,67.00,3.70,,22.21,34.20,117.00,7.38
SWZ,2006,1084436,3215307901,2964.96,44.56,0.92,66.80,3.70,,22.15,35.20,106.40,7.83
SWZ,2007,1090705,3391122887,3109.11,45.16,0.95,66.90,4.10,,22.14,39.80,100.30,7.93
SWZ,2008,1098091,3235921171,2946.86,45.85,0.92,67.80,6.85,,22.17,42.60,97.90,8.86
SWZ,2009,1105153,3525213502,3189.80,46.91,0.95,66.70,8.94,51.40,22.23,38.60,92.40,8.63
SWZ,2010,1111650,4360714359,3922.74,48.33,0.77,68.50,11.04,,22.33,45.60,82.10,8.59
SWZ,2011,1117833,4722912047,4225.06,49.06,0.73,69.30,18.13,,22.46,51.20,67.60,8.47
SWZ,2012,1123863,4747813067,4224.55,50.71,0.72,68.80,20.78,,22.62,54.30,62.70,7.82
SWZ,2013,1129990,4463396204,3949.94,52.11,0.85,66.10,24.70,,22.81,57.50,59.70,7.46
SWZ,2014,1136299,4285065665,3771.07,53.49,0.87,68.30,25.00,,23.03,65.00,60.00,7.26
SWZ,2015,1142813,3908217914,3419.82,54.94,0.86,68.80,25.64,,23.27,64.10,57.50,7.06
SWZ,2016,1149507,3722306117,3238.18,56.23,0.91,64.30,28.57,54.60,23.53,63.40,54.40,6.82
SWZ,2017,1158195,4462640651,3853.10,57.57,0.92,65.30,35.33,,23.81,73.50,53.60,6.98
SWZ,2018,1168929,4643751059,3972.65,58.71,0.91,65.70,39.38,,24.06,74.00,50.40,7.32
SWZ,2019,1179874,4617018959,3913.15,59.85,0.96,64.40,43.93,,24.35,77.00,51.50,8.40
SWZ,2020,1192729,4134677810,3466.57,59.86,0.81,63.70,49.01,,24.67,80.00,50.50,7.10
SWZ,2021,1206593,4807069277,3984.00,58.23,0.82,65.40,54.00,,25.02,82.90,47.90,7.41
SWZ,2022,1218917,4746660274,3894.16,63.03,0.88,64.70,57.34,,25.40,82.30,47.30,7.24
SWZ,2023,1230506,4621191262,3755.52,64.12,0.88,,61.33,,25.81,86.40,46.20,7.50
SXM,2000,30773,,,74.41,,,,,100.00,100.00,,
SXM,2001,30726,,,74.53,,,,,100.00,99.90,,
SXM,2002,30960,,,74.59,,,,,100.00,99.90,,
SXM,2003,31327,,,74.59,,,,,100.00,99.80,,
SXM,2004,31690,,,74.62,,,,,100.00,99.80,,
SXM,2005,32057,,,74.68,,,,,100.00,99.70,,
SXM,2006,32428,,,74.78,,,,,100.00,99.70,,
SXM,2007,32791,,,74.81,,,,,100.00,99.70,,
SXM,2008,33145,,,74.85,,,,,100.00,99.70,,
SXM,2009,33491,854972067,25528.41,74.80,,,,,100.00,99.70,,
SXM,2010,33794,892290503,26403.81,74.82,,,,,100.00,100.00,,
SXM,2011,34267,936089385,27317.52,74.87,,,,,100.00,100.00,,
SXM,2012,35023,985865922,28149.10,75.13,,0.00,,,100.00,100.00,,
SXM,2013,35854,1022905028,28529.73,75.39,,0.00,,,100.00,100.00,,
SXM,2014,36672,1361811508,37134.91,75.74,,0.00,,,100.00,100.00,,
SXM,2015,37471,1417888715,37839.63,75.90,,0.00,,,100.00,100.00,,
SXM,2016,38249,1427017207,37308.61,75.95,,0.00,,,100.00,100.00,,
SXM,2017,38996,1353212123,34701.31,75.46,,0.00,,,100.00,100.00,,
SXM,2018,39712,1259200447,31708.31,75.69,,0.00,,,100.00,100.00,,
SXM,2019,40385,1407880447,34861.47,75.68,,0.00,,,100.00,100.00,,
SXM,2020,41008,1236428101,30150.90,75.00,,0.00,,,100.00,100.00,,
SXM,2021,41571,1353071061,32548.44,74.51,,0.00,,,100.00,100.00,,
SXM,2022,42139,1592564637,37793.13,76.18,,0.00,,,100.00,100.00,,
SXM,2023,42749,1686525978,39451.82,76.37,,,,,100.00,100.00,,
SYC,2000,81131,654212394,8063.66,72.78,9.30,1.50,7.40,,43.40,94.10,13.80,4.61
SYC,2001,81202,662064156,8153.30,73.25,10.32,1.30,11.02,,43.22,94.40,13.80,4.55
SYC,2002,83723,742134838,8864.17,71.09,9.06,1.10,14.30,,43.09,96.10,13.70,4.20
SYC,2003,82781,750847230,9070.28,71.03,9.24,1.10,14.59,,43.00,94.90,13.80,4.86
SYC,2004,82475,893012218,10827.67,72.66,12.87,1.00,24.27,,42.92,95.20,13.80,4.67
SYC,2005,82858,977899382,11802.11,72.13,11.64,0.90,25.41,,42.85,95.50,13.80,4.45
SYC,2006,84600,1081441283,12782.99,72.22,12.41,0.90,34.95,42.80,42.79,99.00,13.80,4.33
SYC,2007,85033,1077308814,12669.30,73.14,10.20,1.00,38.38,,42.74,96.10,13.90,3.79
SYC,2008,86956,979597394,11265.44,73.16,10.59,0.90,40.44,,42.70,96.50,13.90,3.52
SYC,2009,87298,850901620,9747.09,73.08,11.69,0.80,,,42.67,96.80,14.00,3.44
SYC,2010,89770,981616542,10934.79,73.20,10.21,0.70,41.00,,42.66,97.00,14.10,4.40
SYC,2011,87441,1058918707,12110.09,72.72,8.94,0.80,43.16,,42.67,98.10,14.20,4.36
SYC,2012,88303,1089407839,12337.16,74.28,10.04,0.80,47.08,,42.73,98.30,14.30,5.29
SYC,2013,89949,1333160407,14821.29,73.12,8.92,1.50,50.40,46.80,42.82,98.00,14.40,4.19
SYC,2014,91359,1387577870,15188.19,73.23,10.14,1.40,51.25,,42.94,100.00,14.50,4.44
SYC,2015,93419,1432403352,15333.11,74.30,10.56,1.40,54.26,,43.09,100.00,14.60,4.24
SYC,2016,94677,1568513348,16566.99,74.31,11.62,1.20,56.51,,43.28,100.00,14.70,4.71
SYC,2017,95843,1675370641,17480.37,74.30,12.03,1.20,62.55,,43.50,100.00,14.70,4.48
SYC,2018,96762,1784313927,18440.23,72.84,10.39,1.20,69.24,32.10,43.74,100.00,14.80,4.42
SYC,2019,97625,1868690097,19141.51,74.05,9.17,1.20,76.63,,44.00,100.00,14.80,4.25
SYC,2020,98462,1382551752,14041.48,77.24,8.52,1.30,79.25,,44.29,100.00,14.80,5.84
SYC,2021,99258,1487173795,14982.91,73.40,7.94,1.70,82.00,,44.60,100.00,14.70,5.21
SYC,2022,119878,1999888599,16682.70,74.51,7.03,1.90,84.83,,44.91,100.00,14.50,4.40
SYC,2023,119773,2171547935,18130.53,75.42,7.01,,86.00,,45.10,100.00,14.30,4.48
SYR,2000,16637888,18937031610,1138.19,70.86,2.76,2.00,0.18,,51.88,93.40,23.10,4.57
SYR,2001,17051338,20078599626,1177.54,71.30,2.70,2.10,0.35,,52.29,93.10,22.20,4.71
SYR,2002,17468332,20786986580,1189.98,71.74,2.62,1.60,2.09,,52.70,86.60,21.40,4.96
SYR,2003,17889296,21828144686,1220.18,72.19,2.57,1.90,3.40,37.50,53.10,92.60,20.80,5.14
SYR,2004,18336875,25086910448,1368.11,72.49,2.62,2.60,4.32,,53.50,92.30,20.20,4.50
SYR,2005,18814091,28858937499,1533.90,72.80,3.13,2.10,5.65,,53.82,92.00,19.80,4.13
SYR,2006,19637022,33751812959,1718.78,73.04,3.14,1.80,7.83,40.10,54.06,99.50,19.40,3.80
SYR,2007,20884125,40465331020,1937.61,73.26,3.11,1.50,11.50,,54.29,91.50,19.10,3.74
SYR,2008,21636564,52557913397,2429.12,73.37,3.08,1.20,14.00,,54.59,91.30,18.90,3.41
SYR,2009,21976969,54111721044,2462.20,73.50,2.84,0.90,17.30,40.40,55.03,91.10,18.80,3.57
SYR,2010,22482421,61390833273,2730.61,73.54,2.79,1.40,20.70,,55.70,92.70,18.80,3.35
SYR,2011,22878098,67539433544,2952.14,72.26,2.56,1.60,22.50,,58.48,91.50,21.60,2.66
SYR,2012,22759763,43190318033,1897.66,66.21,2.03,2.00,24.30,,65.09,90.70,34.20,3.22
SYR,2013,21666917,21361254635,985.89,65.15,1.44,3.10,26.20,,73.06,90.40,36.90,3.78
SYR,2014,20273659,21502061466,1060.59,65.49,1.53,2.70,28.09,,76.00,90.20,35.50,4.23
SYR,2015,19424618,16466861435,847.73,63.27,1.45,0.60,29.98,,75.75,90.00,37.10,3.67
SYR,2016,19193834,12597854088,656.35,65.19,1.35,1.30,31.87,,75.15,89.80,32.20,3.89
SYR,2017,19224668,16369842725,851.50,65.65,1.62,1.10,32.70,,74.54,89.60,32.90,3.91
SYR,2018,19577845,21497779248,1098.07,67.37,1.74,0.90,33.77,,74.06,86.00,32.50,3.94
SYR,2019,20353534,22583046645,1109.54,70.97,1.64,1.00,,,73.82,89.20,24.60,3.97
SYR,2020,21049429,12501503673,593.91,71.94,1.51,1.10,,,73.41,89.00,21.90,3.67
SYR,2021,21628839,14892885528,688.57,72.42,1.48,1.10,,,73.01,88.80,20.50,3.50
SYR,2022,22462173,23737634644,1056.78,72.79,1.39,,,26.40,72.61,89.00,20.70,3.38
SYR,2023,23594623,,,72.12,1.33,,,,72.17,88.40,20.10,2.71
TCA,2000,18730,,,73.97,0.95,0.40,,,84.61,95.60,11.70,
TCA,2001,19576,358744800,18325.75,74.41,0.94,0.40,,,85.33,94.90,11.10,
TCA,2002,20597,366707900,17803.95,74.84,1.26,0.40,,,86.01,95.20,10.50,
TCA,2003,21727,409753600,18859.19,75.26,1.27,0.40,,,86.67,95.40,9.90,
TCA,2004,22856,485598800,21246.01,75.63,1.23,0.40,,,87.30,95.70,9.40,
TCA,2005,23988,578645800,24122.30,75.95,1.40,0.40,,,87.91,96.00,8.90,
TCA,2006,25123,721891500,28734.29,76.20,1.70,0.30,,,88.48,96.20,8.50,
TCA,2007,26270,773490000,29443.85,76.43,2.00,0.30,,,89.02,96.60,8.10,
TCA,2008,27427,862684000,31453.82,76.08,2.14,0.30,,,89.51,96.90,7.80,
TCA,2009,28588,703176000,24596.89,76.67,2.28,0.30,,,89.97,100.00,7.50,
TCA,2010,29739,686788000,23093.85,76.78,2.46,0.30,,,90.37,100.00,7.30,
TCA,2011,30846,842941000,27327.40,76.87,1.81,0.40,,,90.73,100.00,7.00,
TCA,2012,32127,832848000,25923.62,76.97,1.81,0.40,,,91.04,93.10,6.80,
TCA,2013,33653,863328000,25653.82,77.10,1.99,0.40,,,91.32,100.00,6.60,
TCA,2014,35050,956605000,27292.58,77.21,2.17,0.40,,,91.60,100.00,6.40,
TCA,2015,36605,1078274000,29457.01,77.32,2.19,0.40,,,91.87,100.00,6.20,
TCA,2016,38315,1202078000,31373.56,77.44,2.30,0.40,,,92.15,100.00,6.00,
TCA,2017,39913,1197958000,30014.23,77.51,2.21,0.30,,,92.42,100.00,5.80,
TCA,2018,41559,1314329000,31625.62,77.60,4.56,0.40,,,92.68,100.00,5.60,
TCA,2019,43166,1371838000,31780.52,77.69,5.12,0.50,,,92.94,100.00,5.50,
TCA,2020,44386,918387000,20690.92,77.50,4.84,0.50,,,93.20,99.40,5.30,
TCA,2021,45243,1236459000,27329.29,77.23,4.75,0.80,,,93.45,100.00,5.10,
TCA,2022,45847,1434119000,31280.54,77.92,4.81,0.80,,,93.69,99.90,5.00,
TCA,2023,46198,1638653000,35470.22,78.01,4.79,,,,93.93,100.00,4.80,
TCD,2000,8512093,1388506772,163.12,47.94,0.03,88.70,0.04,,21.65,3.10,182.40,4.21
TCD,2001,8804124,1710843377,194.32,48.31,0.03,88.60,0.05,,21.68,3.40,179.00,4.08
TCD,2002,9116192,1997005709,219.06,48.36,0.03,88.50,0.17,,21.70,3.80,175.60,5.60
TCD,2003,9487833,2742815072,289.09,48.61,0.04,83.90,0.32,39.80,21.72,4.10,172.30,4.25
TCD,2004,9920036,4422855661,445.85,48.69,0.05,84.00,0.36,,21.74,3.50,168.80,4.24
TCD,2005,10328092,8655892393,838.09,48.86,0.05,83.80,0.40,,21.75,4.80,165.40,3.73
TCD,2006,10706424,9709626596,906.90,48.75,0.05,83.70,0.58,,21.76,5.10,161.80,3.73
TCD,2007,11081660,10865385132,980.48,49.21,0.05,82.40,0.85,,21.77,5.50,158.10,3.47
TCD,2008,11476296,13385593990,1166.37,49.50,0.04,79.80,1.19,,21.78,5.90,154.30,3.16
TCD,2009,11893754,12317614054,1035.64,49.83,0.04,79.40,1.50,,21.78,6.30,150.50,3.36
TCD,2010,12312575,14058506664,1141.80,50.11,0.04,79.20,1.70,,21.85,6.40,146.70,3.09
TCD,2011,12754997,16685349674,1308.14,50.43,0.05,80.70,1.90,43.30,21.96,9.00,142.90,2.86
TCD,2012,13210998,17892228570,1354.34,50.77,0.09,76.10,2.10,,22.11,7.80,139.30,2.67
TCD,2013,13691079,17865316886,1304.89,51.05,0.10,72.60,2.50,,22.30,8.10,135.80,2.96
TCD,2014,14188678,18144336904,1278.79,51.14,0.10,72.50,2.90,,22.53,8.40,132.30,3.30
TCD,2015,14647621,14559599500,993.99,51.32,0.11,72.70,3.50,,22.80,7.70,128.70,3.40
TCD,2016,15114655,13026289836,861.83,51.60,0.11,72.70,5.80,,23.11,9.20,125.00,3.71
TCD,2017,15622759,13349041409,854.46,51.88,0.14,72.80,6.35,,23.46,10.90,121.40,3.51
TCD,2018,16156531,15327000249,948.66,52.45,0.15,73.10,6.96,37.50,23.85,10.10,117.60,3.29
TCD,2019,16685223,14905517743,893.34,52.99,0.14,72.80,7.62,,24.27,8.40,114.00,3.38
TCD,2020,17224679,14932897821,866.95,53.08,0.14,71.90,8.34,,24.73,10.90,110.60,4.35
TCD,2021,17828273,16871937698,946.36,53.14,0.15,69.90,9.65,,25.23,11.30,107.30,3.97
TCD,2022,18455316,17828508290,966.04,54.53,0.16,70.00,11.17,37.40,25.76,11.70,103.90,4.16
TCD,2023,19319064,18352937976,949.99,55.07,0.15,,12.04,,26.33,12.00,100.60,5.00
TGO,2000,4783722,2106848752,440.42,54.59,0.26,77.10,0.80,,33.10,17.00,119.20,3.33
TGO,2001,4904144,2093498674,426.88,54.76,0.23,82.00,0.90,,33.55,19.60,115.70,3.44
TGO,2002,5027130,2410199032,479.44,55.04,0.24,78.70,1.00,,34.00,21.30,112.20,3.45
TGO,2003,5154112,2987984051,579.73,55.31,0.28,74.80,1.20,,34.45,23.00,108.80,3.45
TGO,2004,5281320,3191561509,604.31,55.61,0.26,76.10,1.50,,34.90,24.80,105.50,3.48
TGO,2005,5413154,3221910408,595.20,55.93,0.24,77.20,1.80,,35.35,26.50,102.40,3.98
TGO,2006,5569664,3320907722,596.25,56.15,0.22,79.70,2.00,42.20,35.80,27.90,99.30,4.31
TGO,2007,5748443,3759962853,654.08,56.40,0.21,79.90,2.20,,36.24,30.00,96.50,3.68
TGO,2008,5936138,4578847113,771.35,56.66,0.27,76.50,2.40,,36.68,31.80,93.70,3.74
TGO,2009,6130946,4721888275,770.17,56.94,0.44,63.40,2.60,,37.12,33.70,90.90,3.93
TGO,2010,6325788,4746386893,750.32,57.24,0.40,65.80,3.00,,37.55,30.80,88.30,4.33
TGO,2011,6500582,5422439152,834.15,57.62,0.36,69.10,3.50,46.00,37.99,39.70,85.60,4.39
TGO,2012,6653718,5413541649,813.61,57.95,0.34,72.70,4.00,,38.42,39.10,82.90,4.64
TGO,2013,6798848,6021729630,885.70,58.36,0.28,76.20,4.50,,38.85,41.00,80.20,4.79
TGO,2014,6937644,6393314708,921.54,58.78,0.25,81.40,5.70,,39.28,45.70,77.70,4.90
TGO,2015,7071502,5755457836,813.89,59.23,0.22,81.00,7.12,43.00,39.72,44.70,75.20,6.25
TGO,2016,7200884,6071167584,843.11,59.68,0.30,80.70,11.31,,40.15,46.80,72.80,6.59
TGO,2017,7324386,6387424240,872.08,60.15,0.23,78.40,12.36,,40.58,48.00,70.40,6.50
TGO,2018,7458206,7029215766,942.48,60.61,0.26,76.70,15.50,42.50,41.01,50.00,68.10,6.16
TGO,2019,7619925,6992942459,917.72,61.06,0.28,78.60,20.73,,41.45,52.50,66.00,5.91
TGO,2020,7788054,7486031562,961.22,61.14,0.31,76.20,29.02,,41.88,54.10,63.90,6.19
TGO,2021,7936176,8541668141,1076.30,61.34,0.32,75.10,30.34,37.90,42.31,55.70,62.00,5.62
TGO,2022,8068616,8646453099,1071.62,62.29,0.32,,35.61,,42.73,57.20,60.00,6.24
TGO,2023,8223850,9723300577,1182.33,62.74,0.31,,37.57,,43.25,59.20,58.10,6.11
THA,2000,63007815,126392224254,2005.98,71.21,2.77,21.80,3.69,42.80,31.46,82.10,21.70,3.10
THA,2001,63651141,120296476180,1889.93,71.52,2.88,19.90,5.56,,32.74,90.40,20.70,3.03
THA,2002,64266437,134300904400,2089.75,71.78,3.04,19.90,7.53,41.90,34.07,91.00,19.70,3.33
THA,2003,64868166,152280615246,2347.54,72.10,3.13,20.20,9.30,,35.43,91.60,18.90,3.24
THA,2004,65452047,172895685155,2641.56,72.10,3.38,19.90,10.68,42.50,36.79,92.20,18.00,3.14
THA,2005,66017420,189318408469,2867.70,72.89,3.47,20.10,15.03,,38.13,92.80,17.20,3.16
THA,2006,66567687,221758296022,3331.32,73.34,3.50,20.50,17.16,41.80,39.44,99.10,16.50,3.10
THA,2007,67102394,262942621455,3918.53,73.78,3.54,21.60,20.03,39.80,40.70,94.10,15.90,3.19
THA,2008,67619830,291382982431,4309.14,74.22,3.53,22.60,18.20,40.30,41.90,94.80,15.20,3.46
THA,2009,68121080,281710630187,4135.44,74.67,3.41,22.80,20.10,39.60,43.00,99.00,14.70,3.62
THA,2010,68579447,341104766329,4973.86,75.01,3.59,22.80,22.40,39.40,44.00,99.70,14.10,3.39
THA,2011,69007208,370818739624,5373.62,75.30,3.58,23.00,23.67,37.50,44.80,99.30,13.60,3.57
THA,2012,69436098,397558325279,5725.53,75.59,3.81,23.60,26.46,39.30,45.37,99.10,13.10,3.52
THA,2013,69845114,420333654593,6018.08,75.96,3.95,23.20,28.94,37.80,45.83,99.40,12.70,3.45
THA,2014,70216367,407339040198,5801.20,76.28,3.88,24.40,34.89,37.00,46.31,99.50,12.30,3.68
THA,2015,70540795,401296238228,5688.85,76.56,3.99,22.60,39.32,36.00,46.95,99.60,11.90,3.85
THA,2016,70859841,413366349748,5833.58,76.77,3.92,22.40,47.50,36.70,47.88,99.90,11.50,3.94
THA,2017,71160187,456356813537,6413.09,76.99,3.95,22.20,52.89,36.40,49.23,99.90,11.10,3.85
THA,2018,71376079,506754208404,7099.78,77.19,3.88,23.70,56.82,36.40,54.58,99.80,10.80,3.87
THA,2019,71522271,543976691794,7605.70,77.20,4.01,23.90,66.65,34.90,55.93,99.90,10.40,3.79
THA,2020,71641484,500274927779,6983.03,77.33,3.85,20.90,77.84,35.00,57.24,100.00,10.10,4.36
THA,2021,71727332,506049783825,7055.19,77.61,3.74,19.00,85.27,34.90,58.51,100.00,9.80,5.15
THA,2022,71735329,495691837308,6910.01,75.29,3.96,,87.98,34.30,59.74,99.90,9.50,5.35
THA,2023,71702435,517013369475,7210.54,76.41,3.84,,89.54,33.50,60.93,100.00,9.20,4.54
TJK,2000,6284735,860541842,136.93,63.54,0.44,62.40,0.05,,26.54,98.50,78.40,4.26
TJK,2001,6407377,1080772551,168.68,64.20,0.43,64.10,0.05,,26.53,98.60,71.80,4.58
TJK,2002,6531669,1221106220,186.95,64.90,0.42,64.20,0.06,,26.53,99.00,65.60,4.44
TJK,2003,6658575,1555318261,233.58,65.87,0.42,64.60,0.06,32.70,26.53,100.00,59.80,4.70
TJK,2004,6790547,2076176869,305.75,66.60,0.49,61.40,0.08,33.60,26.53,98.50,54.60,4.80
TJK,2005,6924720,2312352021,333.93,66.53,0.46,63.70,0.30,,26.53,99.30,50.30,5.21
TJK,2006,7057566,2830213849,401.02,67.00,0.49,61.60,3.77,,26.53,98.60,46.60,5.03
TJK,2007,7194477,3719524541,517.00,67.41,0.56,53.80,7.20,32.20,26.53,98.60,43.60,5.54
TJK,2008,7338403,5161299725,703.33,67.92,0.52,54.60,8.78,,26.53,98.60,41.20,5.91
TJK,2009,7490230,4979472364,664.80,68.25,0.41,60.60,10.07,30.80,26.53,99.00,39.30,5.86
TJK,2010,7652141,5642221099,737.34,68.37,0.40,61.80,11.55,,26.53,98.80,37.60,5.74
TJK,2011,7824785,6522756255,833.60,68.70,0.39,60.00,13.03,,26.48,98.90,36.20,5.86
TJK,2012,8014084,7633036903,952.45,69.13,0.44,55.80,14.51,,26.41,99.10,35.00,5.98
TJK,2013,8216724,8448411318,1028.20,69.58,0.44,55.10,16.00,,26.49,99.00,34.00,6.53
TJK,2014,8425552,9112605459,1081.54,69.70,0.57,45.90,17.49,,26.56,99.10,33.00,6.67
TJK,2015,8643840,8271431485,956.92,69.67,0.59,48.10,18.98,34.00,26.48,98.00,32.20,6.91
TJK,2016,8865631,6992416097,788.71,69.98,0.64,43.70,20.47,,26.37,99.30,31.50,6.96
TJK,2017,9085946,7536402853,829.46,70.52,0.76,44.20,21.96,,26.27,99.30,31.00,6.85
TJK,2018,9307333,7764999999,834.29,70.74,0.88,41.60,32.60,,26.23,99.30,30.70,7.01
TJK,2019,9529966,8300813599,871.02,70.96,0.95,40.10,22.69,,26.13,99.40,30.40,6.95
TJK,2020,9749310,8133963551,834.31,68.61,0.96,38.80,27.54,,26.19,99.50,30.10,8.89
TJK,2021,9966908,8937805347,896.75,69.59,0.95,34.90,36.71,32.40,26.20,99.60,29.80,8.38
TJK,2022,10182222,10713525200,1052.18,71.56,0.94,,48.91,39.50,26.20,100.00,29.40,7.63
TJK,2023,10389799,12244169293,1178.48,71.79,0.90,,54.42,38.00,26.19,100.00,28.80,7.44
TKM,2000,4582677,2904663311,633.84,64.93,8.58,0.10,0.13,,46.07,99.60,68.70,4.03
TKM,2001,4675409,3534772732,756.03,65.33,8.62,0.10,0.18,,46.37,99.60,65.40,4.77
TKM,2002,4769465,4462029109,935.54,65.59,9.06,0.10,0.30,,46.59,99.60,61.90,4.11
TKM,2003,4863865,5977440583,1228.95,65.85,9.90,0.10,0.43,,46.70,99.60,58.60,4.98
TKM,2004,4958093,6838351088,1379.23,66.06,10.35,0.10,0.75,,46.74,99.50,55.40,6.19
TKM,2005,5052257,8103901996,1604.02,66.28,10.47,0.10,1.00,,46.77,99.50,52.60,5.59
TKM,2006,5147105,10276674365,1996.59,66.57,10.68,0.10,1.32,,46.81,99.80,50.10,4.92
TKM,2007,5244046,12664165103,2414.96,67.02,11.59,0.10,1.41,,46.84,99.60,48.10,3.09
TKM,2008,5345029,19271523179,3605.50,67.58,11.59,0.10,1.75,,46.87,99.60,46.40,3.45
TKM,2009,5451592,20214385965,3707.98,68.16,10.02,0.10,1.95,,46.89,99.70,45.00,2.81
TKM,2010,5564356,22583157895,4058.54,68.61,11.08,0.10,3.00,,46.92,100.00,44.00,3.21
TKM,2011,5683417,29233333333,5143.62,68.87,11.64,0.10,5.00,,46.94,99.80,43.40,3.22
TKM,2012,5808546,35164210526,6053.87,68.96,11.76,0.00,7.20,,46.96,99.90,42.90,3.34
TKM,2013,5939341,39197543860,6599.65,68.97,10.99,0.10,9.60,,46.98,99.90,42.80,3.97
TKM,2014,6075283,43524210526,7164.15,69.00,10.41,0.10,12.20,,47.00,100.00,42.90,4.26
TKM,2015,6215770,35799714286,5759.50,69.06,10.93,0.10,15.00,,47.01,100.00,43.20,5.02
TKM,2016,6360041,33313947368,5238.01,69.14,10.58,0.10,17.99,,47.02,100.00,43.50,5.59
TKM,2017,6507061,33352261307,5125.55,69.19,11.09,0.10,,,47.03,100.00,43.80,5.82
TKM,2018,6655524,26036313869,3911.99,69.27,11.15,0.10,,,47.04,100.00,43.80,5.55
TKM,2019,6803944,29700000000,4365.12,69.41,10.77,0.10,,,47.05,99.90,43.50,5.55
TKM,2020,6949912,27350527268,3935.38,68.85,11.05,0.10,,,47.05,100.00,42.90,5.57
TKM,2021,7092043,26334182094,3713.20,69.35,13.46,0.10,,,47.06,100.00,42.10,5.49
TKM,2022,7230193,37583913148,5198.19,69.91,14.01,,,,47.06,100.00,41.10,5.37
TKM,2023,7364438,39020211240,5298.46,70.07,12.86,,,,47.07,100.00,40.20,5.50
TLS,2000,745088,366924300,492.46,58.10,0.47,,,,24.11,17.80,111.50,
TLS,2001,812249,477359300,587.70,58.77,0.33,,,35.90,24.47,25.60,106.40,
TLS,2002,879159,469455500,533.98,59.48,0.28,48.20,0.00,,24.85,24.10,101.50,
TLS,2003,916878,490439100,534.90,60.13,0.29,47.90,,,25.26,27.70,96.80,2.84
TLS,2004,929074,440772000,474.42,60.74,0.56,44.00,,,25.70,30.40,92.30,4.26
TLS,2005,948311,462268000,487.46,61.27,0.37,43.60,0.10,,26.31,33.50,88.00,5.28
TLS,2006,976597,453792400,464.67,61.88,0.35,41.90,0.50,,27.12,36.70,84.00,6.00
TLS,2007,1004889,542795400,540.15,62.40,0.31,41.90,1.00,27.80,28.00,36.60,80.40,5.65
TLS,2008,1032429,648523600,628.15,62.86,0.30,39.70,1.50,,28.81,43.10,76.90,6.97
TLS,2009,1058782,726937800,686.58,63.27,0.32,36.90,2.00,,29.40,46.30,73.90,7.31
TLS,2010,1084679,881909300,813.06,63.66,0.31,34.80,3.00,,29.64,38.00,71.00,6.47
TLS,2011,1110207,1042534600,939.05,64.02,0.33,32.80,4.00,,29.63,52.70,68.40,6.87
TLS,2012,1134885,1160555000,1022.62,64.38,0.55,25.60,7.00,,29.61,56.00,65.90,6.99
TLS,2013,1158695,1395727400,1204.57,64.72,0.65,22.60,11.00,,29.58,59.20,63.90,8.53
TLS,2014,1181903,1447535200,1224.75,65.03,0.63,18.10,17.50,28.70,29.55,62.40,61.90,7.60
TLS,2015,1205131,1590282400,1319.59,65.33,0.58,18.00,18.60,,29.50,67.30,60.20,7.69
TLS,2016,1228312,1640464600,1335.54,65.61,0.54,12.70,21.20,,29.45,76.50,58.70,6.94
TLS,2017,1251703,1584878400,1266.18,65.90,0.50,13.20,24.20,,29.36,79.50,57.30,6.80
TLS,2018,1275959,1555988600,1219.47,66.20,0.52,12.70,27.60,,29.25,85.20,56.00,6.40
TLS,2019,1300945,2032550400,1562.36,66.50,0.56,11.70,28.00,,29.11,90.60,54.80,4.99
TLS,2020,1326053,2162619200,1630.87,66.92,0.51,11.40,32.01,,28.96,96.00,53.40,7.26
TLS,2021,1350139,3625024300,2684.93,66.20,0.53,12.10,35.04,,28.79,100.00,52.00,4.92
TLS,2022,1369295,3208599900,2343.25,67.37,0.51,11.40,,,28.59,99.70,50.70,7.46
TLS,2023,1384286,2079767200,1502.41,67.69,0.48,,,,28.60,100.00,49.20,9.60
TON,2000,102677,204848488,1995.08,69.64,0.97,2.50,2.43,37.70,23.03,85.60,16.90,2.90
TON,2001,103288,181117230,1753.52,69.80,0.92,2.70,2.83,,23.05,86.30,16.50,3.43
TON,2002,103874,182764281,1759.48,70.03,1.01,2.50,2.91,,23.07,87.00,16.00,3.59
TON,2003,104464,202246591,1936.04,70.23,1.20,2.00,2.99,,23.09,87.60,15.60,3.44
TON,2004,105071,230678011,2195.45,70.43,1.06,2.10,3.95,,23.12,88.30,15.20,4.51
TON,2005,105671,261823805,2477.73,70.56,1.15,2.10,4.91,,23.15,89.00,14.80,4.39
TON,2006,106253,292232703,2750.35,70.71,1.25,1.90,5.85,,23.18,92.30,14.40,5.47
TON,2007,106726,298519623,2797.07,70.89,1.07,2.20,7.18,,23.22,90.50,14.00,4.73
TON,2008,107020,344438844,3218.45,71.04,1.16,2.00,8.11,,23.29,91.20,13.70,6.06
TON,2009,107203,312415028,2914.24,70.95,1.22,1.80,10.00,37.50,23.36,92.00,13.40,3.97
TON,2010,107400,366887375,3416.08,71.32,1.18,1.00,16.00,,23.42,92.80,13.10,4.82
TON,2011,107570,414143828,3849.99,71.44,1.12,1.10,25.00,,23.46,92.20,12.80,4.74
TON,2012,107460,471122971,4384.17,71.55,1.10,1.10,30.00,,23.46,92.80,12.60,8.14
TON,2013,107078,451788498,4219.25,71.65,1.12,1.60,32.75,,23.42,95.10,12.30,4.17
TON,2014,106609,440997735,4136.59,71.72,1.24,1.70,35.95,,23.34,95.90,12.10,5.20
TON,2015,106095,437525539,4123.90,71.85,1.27,1.90,38.65,33.50,23.24,100.00,11.90,4.78
TON,2016,105524,420828255,3987.99,71.95,1.36,2.00,39.95,,23.13,97.00,11.60,5.23
TON,2017,105356,459976847,4365.93,72.07,1.47,2.00,46.20,,22.97,98.20,11.40,5.63
TON,2018,105567,493530767,4675.05,72.17,1.40,1.80,48.81,,22.70,99.00,11.10,6.12
TON,2019,105669,506031248,4788.83,72.29,1.57,1.80,51.56,,22.33,98.40,10.90,5.75
TON,2020,105704,506571487,4792.36,72.38,1.76,1.90,54.47,,21.88,99.90,10.60,5.56
TON,2021,105490,519306339,4922.80,72.13,1.96,1.80,57.55,27.10,21.26,100.00,10.40,7.06
TON,2022,105042,556514556,5298.02,72.64,1.54,2.30,61.61,,21.15,100.00,10.10,7.95
TON,2023,104597,591139734,5651.59,72.90,1.55,,64.13,,21.15,100.00,9.80,7.36
TTO,2000,1319774,8154342116,6178.59,68.63,14.52,0.80,7.72,,55.93,91.30,28.80,4.23
TTO,2001,1325567,8824849191,6657.41,68.87,16.39,0.70,15.38,,55.90,96.30,28.50,4.03
TTO,2002,1332011,9008298229,6762.93,69.23,17.64,0.70,22.00,,55.83,96.50,28.10,4.72
TTO,2003,1338709,11305459802,8445.05,69.45,20.28,0.60,25.97,,55.72,96.70,27.70,4.19
TTO,2004,1345380,13280291990,9871.03,69.88,21.48,0.60,27.02,,55.57,96.80,27.30,4.31
TTO,2005,1294494,15982389018,12346.44,70.19,27.05,0.50,28.98,,55.39,95.00,26.90,4.43
TTO,2006,1297944,18369361094,14152.66,70.44,29.70,0.60,30.00,,55.18,100.00,26.50,4.15
TTO,2007,1303188,21641620050,16606.68,70.80,30.25,0.40,32.30,,54.94,100.00,26.10,4.15
TTO,2008,1308587,27871587350,21298.99,71.12,29.54,0.50,34.80,,54.68,100.00,25.70,3.66
TTO,2009,1310106,19172165226,14634.06,71.40,28.57,0.50,44.30,,54.39,99.00,25.30,5.49
TTO,2010,1317714,22157920592,16815.42,71.81,31.13,0.40,48.50,,54.09,100.00,24.80,5.08
TTO,2011,1328019,25433007437,19151.09,72.23,31.07,0.40,55.20,,53.93,97.50,24.40,4.72
TTO,2012,1335194,27147349937,20332.14,72.51,28.52,0.40,57.50,,53.93,100.00,23.90,4.63
TTO,2013,1340557,28560537057,21304.98,72.79,27.85,0.40,59.90,,53.93,100.00,23.50,4.80
TTO,2014,1345343,29474180005,21908.30,72.90,27.65,0.30,62.40,,53.93,100.00,23.10,4.87
TTO,2015,1349667,26841141793,19887.23,72.88,27.24,0.40,65.10,,53.93,100.00,22.70,5.65
TTO,2016,1353895,23624322193,17449.15,72.94,24.90,0.40,67.80,,53.93,100.00,22.30,6.47
TTO,2017,1356633,23830750901,17566.10,72.98,23.99,0.40,70.60,,53.93,100.00,22.00,6.57
TTO,2018,1359193,23883058083,17571.50,72.66,24.00,0.50,72.76,,53.93,100.00,21.60,6.65
TTO,2019,1363985,23477745792,17212.61,72.84,24.36,0.40,74.99,,53.93,100.00,21.20,6.91
TTO,2020,1366725,20888515184,15283.63,72.65,21.81,0.50,77.28,,53.94,100.00,20.80,7.48
TTO,2021,1367558,24222963263,17712.57,71.11,20.97,0.50,84.37,,53.94,100.00,20.40,7.21
TTO,2022,1365805,28341164301,20750.52,73.33,20.87,,81.70,,53.95,100.00,19.90,6.64
TTO,2023,1367510,25036993423,18308.45,73.49,19.71,,81.97,,53.95,98.70,19.30,7.53
TUN,2000,9764935,21473528161,2199.04,72.60,2.16,14.20,2.75,40.80,63.62,94.80,29.20,4.81
TUN,2001,9869677,22065832449,2235.72,72.82,2.23,14.20,4.30,,63.95,97.30,27.20,4.86
TUN,2002,9971515,23141616605,2320.77,73.07,2.18,14.60,5.25,,64.28,97.80,25.50,5.12
TUN,2003,10071632,27453902261,2725.86,73.30,2.14,14.10,6.49,,64.61,98.40,24.00,5.21
TUN,2004,10166163,31183885241,3067.42,73.52,2.24,13.90,8.53,,64.93,99.00,22.70,5.20
TUN,2005,10255472,32272186695,3146.83,73.71,2.29,14.20,9.66,37.70,65.23,99.20,21.60,5.15
TUN,2006,10346410,34376664601,3322.57,73.89,2.34,14.30,12.99,,65.52,99.40,20.70,5.13
TUN,2007,10441702,38915353867,3726.92,74.04,2.39,14.30,17.10,,65.80,99.40,20.00,5.18
TUN,2008,10542635,44859439902,4255.05,74.19,2.41,14.60,27.53,,66.07,99.40,19.40,5.16
TUN,2009,10650681,43455740497,4080.09,74.32,2.38,16.10,34.07,,66.34,99.50,19.00,5.41
TUN,2010,10765980,46206091938,4291.86,74.44,2.58,12.60,36.80,38.50,66.63,99.50,18.70,5.61
TUN,2011,10886035,48123325825,4420.65,74.47,2.41,13.20,39.10,,66.92,99.50,18.50,6.12
TUN,2012,11009647,47311401813,4297.27,74.60,2.57,13.00,41.44,,67.21,99.50,18.40,6.29
TUN,2013,11141361,48685446414,4369.79,74.67,2.53,13.20,43.80,,67.50,99.70,18.30,6.51
TUN,2014,11274288,50271812921,4458.98,74.78,2.68,12.90,46.16,,67.75,99.80,18.30,6.45
TUN,2015,11402264,45779494042,4014.95,74.88,2.69,12.50,46.50,32.80,67.88,99.90,18.20,6.21
TUN,2016,11528674,44360072680,3847.80,75.01,2.59,12.40,49.60,,68.06,100.00,18.10,6.25
TUN,2017,11650498,42163530591,3619.03,75.18,2.60,11.80,55.50,,68.29,100.00,17.90,6.19
TUN,2018,11765514,42686504460,3628.10,75.37,2.57,11.90,64.19,,68.55,99.80,17.50,5.94
TUN,2019,11875081,41905642419,3528.87,75.60,2.55,12.20,66.70,,68.82,100.00,16.90,6.02
TUN,2020,11974057,42491780918,3548.65,75.00,2.40,12.90,68.56,,69.10,99.90,16.00,7.06
TUN,2021,12048622,47073234359,3906.94,72.89,2.57,11.60,68.32,33.70,69.40,99.90,15.00,7.34
TUN,2022,12119334,44929920093,3707.29,76.05,2.50,,,,69.71,100.00,13.90,7.51
TUN,2023,12200431,48205328303,3951.12,76.51,2.56,,,,70.03,100.00,12.90,7.99
TUR,2000,65425961,274748463179,4199.38,71.93,3.47,17.30,3.76,,58.97,99.90,37.20,4.60
TUR,2001,66245128,202195080239,3052.23,72.27,3.12,18.10,5.19,,59.87,99.90,34.50,4.89
TUR,2002,67048795,240778008474,3591.09,72.61,3.24,17.50,11.38,41.40,60.74,99.80,32.00,5.06
TUR,2003,67831730,315392899922,4649.64,72.91,3.39,16.30,12.33,42.20,61.58,99.80,29.60,5.01
TUR,2004,68592617,410156784496,5979.61,73.22,3.44,16.80,14.58,41.30,62.44,99.70,27.40,4.91
TUR,2005,69329557,508314210213,7331.85,73.51,3.55,15.30,15.46,42.60,63.33,99.70,25.30,4.89
TUR,2006,70045349,559668118237,7990.08,73.80,3.91,14.20,18.24,39.60,64.29,99.70,23.50,5.15
TUR,2007,70158112,685228481017,9766.92,74.13,4.28,12.50,28.63,38.40,65.34,99.70,21.80,5.24
TUR,2008,71051678,775415944333,10913.41,74.38,4.22,12.50,34.37,39.00,66.51,99.70,20.30,5.22
TUR,2009,72039206,653894449921,9076.92,74.68,4.18,13.10,36.40,39.00,67.84,99.70,18.90,5.49
TUR,2010,73142150,782545664268,10698.97,74.96,4.27,14.20,39.82,38.80,69.35,100.00,17.60,5.02
TUR,2011,74223629,844192507381,11373.64,74.82,4.48,12.70,43.07,40.00,71.00,100.00,16.60,4.65
TUR,2012,75175827,885327622479,11776.76,75.55,4.58,13.00,45.13,40.20,73.78,100.00,15.60,4.44
TUR,2013,76147624,962167643589,12635.56,76.17,4.38,13.80,46.25,40.20,78.52,100.00,14.70,4.37
TUR,2014,77181884,942343431929,12209.39,76.45,4.60,11.50,51.04,41.20,83.60,100.00,14.00,4.33
TUR,2015,78218479,865460050684,11064.65,76.54,4.70,13.30,53.74,42.90,87.22,100.00,13.30,4.12
TUR,2016,79277962,870818016910,10984.36,76.60,4.94,13.20,58.35,41.90,88.10,100.00,12.70,4.28
TUR,2017,80312698,863874522365,10756.39,77.04,5.39,11.40,64.68,43.50,88.03,100.00,12.20,4.18
TUR,2018,81407204,788356985774,9684.12,77.45,5.27,11.80,71.04,42.40,88.17,100.00,11.70,4.12
TUR,2019,82579440,775853144223,9395.23,77.74,5.02,14.10,73.98,43.80,88.66,100.00,11.30,4.36
TUR,2020,83384680,733628247119,8798.12,76.53,5.07,13.70,77.67,43.00,88.93,100.00,10.90,4.62
TUR,2021,84147318,839938668172,9981.76,75.72,5.48,12.00,81.41,44.40,89.18,100.00,10.60,4.56
TUR,2022,84979913,926097476914,10897.84,77.59,5.23,,83.44,44.50,89.04,100.00,10.20,3.70
TUR,2023,85325965,1141242864657,13375.09,77.16,5.23,,85.96,43.70,89.02,100.00,13.80,4.28
TUV,2000,9544,14881203,1559.22,63.54,0.00,0.00,5.24,,45.51,94.60,42.80,22.28
TUV,2001,9586,14139705,1475.04,63.71,0.00,0.00,5.70,,46.09,94.80,41.80,17.97
TUV,2002,9623,16639800,1729.17,63.83,0.00,0.00,6.30,,46.74,94.60,40.80,11.84
TUV,2003,9695,19584880,2020.10,63.90,0.00,0.00,6.90,,47.50,95.10,40.00,13.70
TUV,2004,9816,22878878,2330.77,63.99,0.00,0.00,7.60,,48.40,95.30,39.10,9.33
TUV,2005,9940,22846519,2298.44,64.10,0.00,0.00,8.30,,49.42,95.50,38.10,10.07
TUV,2006,10056,24274966,2413.98,64.25,0.00,0.00,9.10,,50.52,95.70,36.90,12.18
TUV,2007,10182,28547820,2803.75,64.40,0.00,0.00,10.00,,51.67,96.70,35.60,10.46
TUV,2008,10321,31602915,3062.00,64.52,0.00,0.20,11.20,,52.83,96.20,34.20,10.34
TUV,2009,10461,27851666,2662.43,64.69,0.00,0.20,12.80,,53.97,96.50,32.80,13.01
TUV,2010,10614,32425362,3054.96,64.83,0.00,0.40,14.60,39.10,55.05,96.70,31.40,16.21
TUV,2011,10780,39665361,3679.53,64.96,0.00,0.20,16.50,,56.04,97.00,30.20,14.74
TUV,2012,10934,38912985,3558.90,65.08,0.00,0.30,18.70,,56.90,97.70,29.00,13.87
TUV,2013,11001,38767555,3524.00,65.17,0.00,0.70,21.20,,57.63,97.60,28.00,13.80
TUV,2014,10984,38643167,3518.13,65.28,0.00,0.70,24.10,,58.30,97.90,26.90,14.53
TUV,2015,10963,36755291,3352.67,65.37,0.00,3.00,27.30,,58.91,98.10,26.00,13.44
TUV,2016,10930,41306142,3779.15,65.51,0.00,7.30,31.00,,59.47,97.30,25.20,18.33
TUV,2017,10869,45288858,4166.79,65.68,0.00,7.00,35.20,,59.95,98.70,24.30,24.46
TUV,2018,10751,48026990,4467.21,65.87,0.00,6.40,,,60.56,99.00,23.50,18.42
TUV,2019,10581,53527720,5058.85,66.11,0.00,6.30,,,61.24,99.70,22.70,22.22
TUV,2020,10399,52302515,5029.57,66.36,0.00,5.00,,,61.92,99.40,21.90,17.89
TUV,2021,10194,61597447,6042.52,65.82,0.00,5.00,,,62.61,99.70,21.20,18.57
TUV,2022,9992,54104146,5414.75,66.85,0.00,5.20,,,63.31,100.00,20.50,21.29
TUV,2023,9816,50491931,5143.84,67.11,0.00,,,,64.01,100.00,19.80,27.09
TZA,2000,34260139,13371767082,401.70,53.24,0.09,93.60,0.12,37.30,22.19,8.70,128.00,3.42
TZA,2001,35198299,13563990022,396.64,54.12,0.09,93.10,0.17,,22.60,9.70,120.30,4.24
TZA,2002,36121304,14129651896,402.65,54.94,0.10,92.40,0.22,,23.03,10.70,112.40,4.69
TZA,2003,37089555,15211487709,422.18,55.93,0.11,92.40,0.68,,23.52,11.10,105.00,5.34
TZA,2004,38109668,16673062473,450.39,56.84,0.14,91.30,0.88,,24.08,11.40,98.30,5.74
TZA,2005,39182076,18395383647,483.33,57.68,0.16,90.30,1.10,,24.71,13.80,92.20,6.32
TZA,2006,40294902,18619859795,475.75,58.51,0.16,89.90,1.30,,25.37,14.90,86.70,7.60
TZA,2007,41435512,21860434823,543.20,59.26,0.15,90.60,1.60,40.30,26.07,15.90,81.30,6.88
TZA,2008,42570728,27947821398,675.98,59.90,0.15,90.30,1.90,,26.79,11.50,76.60,5.56
TZA,2009,43633982,29400573554,693.82,60.49,0.14,91.00,2.40,,27.50,11.20,72.00,5.06
TZA,2010,44758488,32012892919,736.53,61.13,0.16,89.40,2.90,,28.20,14.80,68.20,5.22
TZA,2011,46029367,34657140096,775.39,61.62,0.19,87.60,3.20,37.80,28.87,14.20,64.60,5.06
TZA,2012,47374260,39650394363,861.97,62.29,0.22,85.20,3.95,,29.49,15.30,61.70,5.02
TZA,2013,48824128,45648857242,963.06,62.79,0.24,84.50,4.40,,30.07,16.40,59.00,4.65
TZA,2014,50351512,49986726461,1022.75,63.36,0.22,84.70,7.00,,30.64,23.50,56.30,4.01
TZA,2015,52020962,47413919817,939.13,63.93,0.25,82.80,10.00,,31.21,26.20,54.30,3.65
TZA,2016,53824013,49774409374,953.01,64.40,0.26,81.70,13.50,,31.76,32.80,52.00,3.96
TZA,2017,55652890,53274884533,986.67,64.96,0.26,82.00,14.46,,32.30,32.10,49.80,4.02
TZA,2018,57437145,57003712892,1023.11,65.49,0.26,81.30,15.49,40.50,32.83,34.90,47.60,4.33
TZA,2019,59174891,61026731926,1063.32,66.01,0.29,80.40,16.59,,33.35,37.70,45.60,4.02
TZA,2020,60972798,66068737786,1117.42,66.77,0.27,80.80,19.48,,33.85,39.90,43.80,3.05
TZA,2021,62830412,70655628148,1159.86,66.13,0.30,78.30,22.88,,34.35,42.70,41.70,3.47
TZA,2022,64711821,75749121847,1207.52,66.88,0.32,,26.86,,34.82,45.80,40.10,3.13
TZA,2023,66617606,79030935638,1224.00,67.00,0.32,,28.43,,35.47,48.30,38.50,3.05
UGA,2000,24000150,6193246837,258.05,49.64,0.06,95.30,0.16,,11.64,7.40,143.90,5.08
UGA,2001,24745676,5840503869,236.02,50.58,0.06,95.50,0.24,,11.90,8.60,137.20,5.05
UGA,2002,25532870,6178563591,241.98,51.44,0.06,95.60,0.38,45.20,12.20,7.80,129.90,4.77
UGA,2003,26352124,6606884275,250.72,52.41,0.07,95.60,0.46,,12.59,10.50,122.10,4.30
UGA,2004,27154515,7939487548,292.38,53.70,0.07,95.30,0.72,,13.12,11.60,114.20,4.70
UGA,2005,27963289,9239221763,330.41,54.93,0.08,94.50,1.74,42.90,13.79,8.90,106.50,5.81
UGA,2006,28794003,9977647683,346.52,56.12,0.09,94.20,2.53,,14.59,9.00,99.20,6.46
UGA,2007,29653430,11902564495,401.39,57.25,0.10,94.10,3.67,,15.49,14.80,92.50,6.11
UGA,2008,30539553,14440404132,472.84,58.25,0.11,94.10,3.88,,16.51,15.90,86.40,5.45
UGA,2009,31451151,25127805567,798.95,59.16,0.12,94.30,4.10,44.20,17.61,10.00,81.20,5.79
UGA,2010,32390802,26673441431,823.49,59.96,0.12,93.60,4.30,,18.80,12.10,76.00,6.81
UGA,2011,33354543,27871725241,835.62,60.79,0.13,93.30,4.60,,20.06,14.60,70.90,6.70
UGA,2012,34337438,27305915911,795.22,61.58,0.13,93.40,4.80,41.00,21.37,20.50,66.50,6.11
UGA,2013,35337042,28915786517,818.29,62.35,0.12,93.10,5.10,,22.74,13.90,62.80,5.78
UGA,2014,36395539,32612397257,896.05,63.06,0.13,92.40,5.40,,24.19,20.40,60.20,5.34
UGA,2015,37531446,32387183730,862.93,63.83,0.15,91.70,5.70,,24.98,18.50,57.90,5.00
UGA,2016,38799152,29203988696,752.70,64.49,0.15,91.40,5.90,42.80,25.70,26.70,55.60,5.02
UGA,2017,40177388,30744473841,765.22,65.17,0.16,91.30,7.42,,26.41,32.40,54.00,4.00
UGA,2018,41565831,32927025620,792.17,65.78,0.16,90.50,9.33,,27.13,41.90,52.70,4.02
UGA,2019,42999637,35353061003,822.17,66.35,0.16,90.50,11.73,42.70,27.84,41.30,51.60,3.79
UGA,2020,44457152,37600368242,845.77,66.41,0.16,91.60,7.40,,28.54,42.10,50.90,5.24
UGA,2021,45910930,40529788749,882.79,66.45,0.18,91.00,10.00,,29.24,45.20,50.20,5.47
UGA,2022,47312719,45565333211,963.07,67.68,0.17,90.90,9.64,,29.93,47.10,50.00,4.45
UGA,2023,48656601,48768955863,1002.31,68.25,0.17,,9.29,,30.61,51.50,49.40,4.24
UKR,2000,49556660,32375083935,653.29,67.79,7.29,1.20,0.72,,67.40,99.10,18.20,5.31
UKR,2001,49106855,39309580983,800.49,67.68,7.33,1.20,1.24,,67.27,99.20,17.40,5.73
UKR,2002,48677281,43956163612,903.01,67.70,7.41,1.00,1.87,29.00,67.27,99.30,16.60,5.99
UKR,2003,48315136,52010355753,1076.48,67.64,8.13,1.00,3.15,28.70,67.42,99.30,15.80,6.55
UKR,2004,47979507,67220154164,1401.02,67.47,7.69,1.20,3.49,28.90,67.60,99.40,15.10,6.17
UKR,2005,47585556,89238865119,1875.34,67.52,7.50,1.30,3.75,29.00,67.81,99.90,14.50,6.35
UKR,2006,47278694,111884752475,2366.49,67.49,7.54,1.80,4.51,29.80,68.03,99.50,14.00,6.42
UKR,2007,47062798,148733861386,3160.33,67.72,7.81,2.40,6.55,27.00,68.21,99.80,13.40,6.02
UKR,2008,46819175,188110390660,4017.81,68.26,7.52,2.70,11.00,26.60,68.38,99.80,12.90,5.50
UKR,2009,46623731,121552153444,2607.09,69.16,6.27,3.00,17.90,25.30,68.53,99.90,12.30,6.61
UKR,2010,46456003,141209170427,3039.63,70.19,6.80,2.90,23.30,24.80,68.64,100.00,11.70,6.81
UKR,2011,46307853,169333835202,3656.70,70.71,7.20,2.70,28.71,24.60,68.72,100.00,11.20,6.82
UKR,2012,46210056,182591753828,3951.34,71.09,7.03,2.90,35.27,24.70,68.82,99.90,10.70,7.12
UKR,2013,46126770,190498811460,4129.90,71.47,6.83,3.50,40.95,24.60,68.93,100.00,10.20,6.94
UKR,2014,45972380,133503871862,3054.91,71.80,5.86,3.50,46.24,24.00,69.06,100.00,9.80,7.20
UKR,2015,45784896,91030967789,2094.47,72.69,4.94,4.20,48.88,25.50,69.16,100.00,9.50,7.78
UKR,2016,45616832,93355869404,2158.46,73.39,4.98,5.50,53.00,25.00,69.21,100.00,9.10,7.55
UKR,2017,45436041,112090505082,2604.29,73.99,4.52,6.50,58.89,26.00,69.26,100.00,8.90,7.45
UKR,2018,45208907,130891088294,3059.05,73.57,4.83,6.90,62.55,26.10,69.32,100.00,8.70,7.52
UKR,2019,44957458,153883047510,3619.86,73.92,4.62,7.40,70.12,26.60,69.35,100.00,8.50,7.09
UKR,2020,44680014,156617722013,3709.77,73.28,4.45,8.70,75.04,25.60,69.38,100.00,8.40,7.56
UKR,2021,44298640,199765859571,4775.95,71.63,4.38,8.90,79.22,,69.40,100.00,8.20,8.20
UKR,2022,41048766,161989520721,4199.67,72.66,2.91,,80.47,,69.42,100.00,8.50,
UKR,2023,37732836,181221517869,5139.60,73.42,3.23,,81.58,,69.48,100.00,8.00,
UMC,2000,,,,,,,,,,,,
UMC,2001,,,,,,,,,,,,
UMC,2002,,,,,,,,,,,,
UMC,2003,,,,,,,,,,,,
UMC,2004,,,,,,,,,,,,
UMC,2005,,,,,,,,,,,,
UMC,2006,,,,,,,,,,,,
UMC,2007,,,,,,,,,,,,
UMC,2008,,,,,,,,,,,,
UMC,2009,,,,,,,,,,,,
UMC,2010,,,,,,,,,,,,
UMC,2011,,,,,,,,,,,,
UMC,2012,,,,,,,,,,,,
UMC,2013,,,,,,,,,,,,
UMC,2014,,,,,,,,,,,,
UMC,2015,,,,,,,,,,,,
UMC,2016,,,,,,,,,,,,
UMC,2017,,,,,,,,,,,,
UMC,2018,,,,,,,,,,,,
UMC,2019,,,,,,,,,,,,
UMC,2020,,,,,,,,,,,,
UMC,2021,,,,,,,,,,,,
UMC,2022,,,,,,,,,,,,
UMC,2023,,,,,,,,,,,,
URY,2000,3266206,22823270892,6987.70,74.69,1.71,38.70,10.54,43.40,91.28,97.60,17.00,9.17
URY,2001,3274251,20898761742,6382.76,74.99,1.53,41.60,11.12,45.00,91.38,97.70,16.60,9.76
URY,2002,3278867,13606515723,4149.76,74.98,1.41,43.20,11.42,45.50,91.49,97.80,16.20,9.64
URY,2003,3281186,12045638352,3671.12,75.09,1.40,43.80,15.94,45.00,91.63,97.90,15.70,9.58
URY,2004,3283148,13686329890,4168.66,75.32,1.75,39.30,17.06,45.90,91.80,98.00,15.20,8.27
URY,2005,3285771,17362857684,5284.26,75.83,1.69,41.30,20.09,44.70,92.08,98.00,14.40,7.72
URY,2006,3289506,19741420740,6001.33,75.89,1.97,37.60,29.40,45.90,92.48,98.50,13.60,7.71
URY,2007,3295153,23797773024,7222.05,76.15,1.86,43.20,34.00,46.40,92.96,98.70,12.70,7.46
URY,2008,3302177,31119602539,9423.97,76.28,2.40,44.10,39.30,45.10,93.46,98.80,11.90,8.09
URY,2009,3310091,32708319078,9881.40,76.67,2.37,44.60,41.80,45.50,93.93,99.10,11.30,7.92
URY,2010,3318580,41950361212,12641.06,76.69,1.95,53.30,46.40,44.50,94.33,99.30,10.80,7.88
URY,2011,3326825,50342406067,15132.27,76.61,2.34,49.70,51.40,42.20,94.60,99.20,10.40,7.92
URY,2012,3335401,54232266359,16259.59,76.69,2.66,47.90,54.45,39.90,94.76,99.60,10.00,8.03
URY,2013,3345337,61337621934,18335.26,76.95,2.29,51.90,57.69,40.50,94.88,99.60,9.70,8.08
URY,2014,3356334,61496186974,18322.43,77.19,2.01,56.70,61.46,40.10,94.99,99.70,9.30,8.04
URY,2015,3368017,57680327999,17125.90,77.29,2.05,59.40,64.57,40.10,95.08,99.70,8.90,8.26
URY,2016,3379283,57480787465,17009.76,77.35,2.02,60.30,66.40,39.70,95.16,99.70,8.40,8.64
URY,2017,3388438,65006039810,19184.66,77.62,1.89,60.80,70.32,39.50,95.23,99.80,8.00,8.72
URY,2018,3394534,65344577416,19249.94,77.53,2.02,60.80,80.73,39.70,95.29,99.80,7.70,8.90
URY,2019,3397206,62222324965,18315.74,77.50,2.11,59.30,83.35,39.70,95.35,99.90,7.50,9.24
URY,2020,3398968,53559354501,15757.53,78.38,2.03,61.20,85.47,40.20,95.40,100.00,7.30,9.09
URY,2021,3396695,60739061281,17881.81,75.43,2.52,57.80,87.64,40.80,95.45,100.00,7.30,8.92
URY,2022,3390913,71240669088,21009.29,76.47,2.39,,89.87,40.60,95.50,100.00,7.30,8.89
URY,2023,3388081,79208725900,23378.64,78.14,2.42,,90.93,40.90,95.54,100.00,7.40,9.02
USA,2000,282162411,10250952000000,36329.97,76.64,21.01,5.40,43.08,40.10,79.07,100.00,8.40,12.49
USA,2001,284968955,10581929000000,37133.62,76.84,20.63,4.70,49.08,40.60,79.31,100.00,8.30,13.17
USA,2002,287625193,10929108000000,37997.74,76.94,19.91,4.80,58.79,40.40,79.55,100.00,8.20,14.00
USA,2003,290107933,11456450000000,39490.30,77.04,19.97,5.30,61.70,40.80,79.78,100.00,8.10,14.51
USA,2004,292805298,12217196000000,41724.64,77.49,20.08,5.50,64.76,40.50,80.00,100.00,8.10,14.55
USA,2005,295516599,13039197000000,44123.40,77.49,19.92,5.80,67.97,41.30,80.20,100.00,8.00,14.58
USA,2006,298379912,13815583000000,46301.99,77.69,19.40,6.40,68.93,41.70,80.37,100.00,7.90,14.71
USA,2007,301231207,14474228000000,48050.23,77.99,19.50,6.30,75.00,41.10,80.52,100.00,7.70,14.92
USA,2008,304093966,14769862000000,48570.06,78.04,18.71,6.80,74.00,41.10,80.62,100.00,7.60,15.21
USA,2009,306771529,14478067000000,47194.95,78.39,17.19,7.30,71.00,40.90,80.69,100.00,7.50,16.20
USA,2010,309378227,15048971000000,48642.63,78.54,17.85,7.40,71.69,40.20,80.70,100.00,7.30,16.20
USA,2011,311839461,15599732000000,50024.88,78.64,17.02,8.40,69.73,41.20,80.70,100.00,7.20,16.14
USA,2012,314339099,16253970000000,51708.39,78.74,16.19,8.50,74.70,41.20,80.68,100.00,7.00,16.12
USA,2013,316726282,16880683000000,53297.39,78.74,16.50,8.90,71.40,40.90,80.66,100.00,6.90,15.95
USA,2014,319257560,17608138000000,55153.39,78.84,16.42,9.00,73.00,41.70,80.62,100.00,6.80,16.14
USA,2015,321815121,18295019000000,56849.47,78.69,15.95,8.90,74.55,41.50,80.57,100.00,6.80,16.40
USA,2016,324353340,18804913000000,57976.63,78.54,15.50,9.30,85.54,41.30,80.50,100.00,6.70,16.69
USA,2017,326608609,19612102000000,60047.72,78.54,15.18,9.70,87.27,41.40,80.40,100.00,6.60,16.64
USA,2018,328529577,20656516000000,62875.67,78.64,15.58,9.90,88.50,41.80,80.28,100.00,6.50,16.51
USA,2019,330226227,21539982000000,65227.96,78.79,15.04,10.20,89.43,41.90,80.13,100.00,6.50,16.54
USA,2020,331578104,21375281000000,64465.30,76.98,13.47,11.00,90.34,40.00,80.00,100.00,6.50,18.52
USA,2021,332100166,23725645000000,71441.23,76.33,14.32,10.90,91.27,39.70,80.01,100.00,6.50,17.35
USA,2022,333996304,26054614000000,78008.69,77.43,14.42,,92.73,41.70,80.03,100.00,6.50,16.53
USA,2023,336755052,27811517000000,82586.78,78.39,13.71,,93.53,41.80,80.07,100.00,6.50,16.69
UZB,2000,24787054,13760513969,555.15,65.46,5.31,0.70,0.48,35.90,47.67,99.60,60.70,5.13
UZB,2001,25090283,11401421329,454.42,65.85,5.29,0.80,0.60,,48.49,99.60,58.00,5.24
UZB,2002,25399980,9687788513,381.41,66.38,5.39,1.00,1.08,33.00,49.26,99.70,55.00,5.14
UZB,2003,25711259,10134453435,394.16,66.85,5.02,1.40,1.91,35.20,49.96,99.50,51.90,5.19
UZB,2004,26029350,12030023548,462.17,67.20,5.08,1.00,2.59,,50.57,99.50,48.60,4.84
UZB,2005,26356975,14307509839,542.84,67.48,4.76,1.60,3.34,,51.08,99.40,45.20,4.78
UZB,2006,26699043,17330833853,649.12,67.91,5.03,0.80,6.39,,51.46,99.50,41.90,4.75
UZB,2007,27076008,22311393928,824.03,68.48,4.85,0.90,7.49,,51.71,99.50,38.60,4.54
UZB,2008,27494774,29549438884,1074.73,69.04,4.99,0.80,9.08,,51.79,99.50,35.50,4.70
UZB,2009,27939328,33689223673,1205.80,69.52,4.46,1.20,11.90,,51.61,99.50,32.60,4.80
UZB,2010,28385506,55544226553,1956.78,69.84,4.78,1.30,15.90,,51.33,99.60,29.80,5.30
UZB,2011,28823196,67404618405,2338.55,70.14,4.81,0.90,18.60,,51.34,99.70,27.30,5.26
UZB,2012,29261903,75318846931,2573.96,70.41,4.21,1.30,23.60,,51.34,99.70,25.00,5.55
UZB,2013,29724065,82674178352,2781.39,70.69,4.08,1.20,26.80,,51.13,99.80,23.00,5.72
UZB,2014,30222994,91303765114,3021.00,70.97,3.74,1.40,35.50,,50.89,99.80,21.30,4.43
UZB,2015,30749346,97564568987,3172.90,71.33,3.50,1.70,42.80,,50.66,99.90,19.70,4.74
UZB,2016,31284568,97871364319,3128.42,71.58,3.64,1.60,46.79,,50.66,99.90,18.40,4.72
UZB,2017,31819178,72276404058,2271.47,71.74,3.72,1.70,48.70,,50.68,100.00,17.30,4.31
UZB,2018,32373490,61318332403,1894.09,72.00,3.48,1.50,55.20,,50.58,100.00,16.40,4.55
UZB,2019,32964701,70170662563,2128.66,72.09,3.49,1.60,70.40,,50.59,100.00,15.70,4.84
UZB,2020,33586372,70127127133,2087.96,71.46,3.69,1.00,71.10,,50.77,100.00,15.10,6.09
UZB,2021,34243696,81170051811,2370.36,71.68,3.92,1.00,76.59,32.90,50.93,99.90,14.60,6.93
UZB,2022,34938955,94286355836,2698.60,72.15,3.69,,83.90,31.20,50.98,100.00,14.10,6.62
UZB,2023,35652307,107526539716,3015.98,72.39,3.72,,89.01,34.50,51.00,100.00,13.70,6.74
VCT,2000,113545,427946037,3768.96,70.35,0.37,8.50,3.25,,44.89,80.00,22.60,3.98
VCT,2001,113501,462072333,4071.09,70.38,0.43,6.20,5.09,,45.01,82.40,22.60,4.01
VCT,2002,113347,487763852,4303.28,70.66,0.49,6.10,5.55,,45.12,82.40,22.60,4.08
VCT,2003,113141,509090889,4499.61,70.43,0.53,5.60,6.46,,45.24,83.70,22.60,3.96
VCT,2004,112835,549900185,4873.49,70.45,0.57,5.90,7.37,,45.35,84.90,22.70,3.87
VCT,2005,112450,579948926,5157.39,70.45,0.59,5.80,9.20,,45.47,86.20,22.80,3.83
VCT,2006,112014,643501148,5744.83,70.43,0.65,5.30,12.00,,45.59,87.50,22.80,3.66
VCT,2007,111531,713596667,6398.19,70.45,0.70,4.70,16.00,,45.70,88.80,22.70,3.82
VCT,2008,111028,732663259,6598.91,70.61,0.73,5.30,21.00,,45.82,90.10,22.40,3.89
VCT,2009,110508,714300259,6463.79,70.71,1.12,4.10,31.00,,45.94,91.40,22.00,4.09
VCT,2010,109959,720447889,6551.97,70.66,0.88,5.10,33.70,,46.06,92.70,21.40,4.30
VCT,2011,109349,713796370,6527.69,70.61,0.63,6.10,36.70,,46.18,94.10,20.70,4.23
VCT,2012,108736,730032593,6713.81,70.54,0.81,5.00,40.00,,46.31,95.40,19.90,4.47
VCT,2013,108135,764781259,7072.47,70.09,0.76,5.40,43.50,,46.43,96.80,19.10,4.24
VCT,2014,107535,770900000,7168.83,70.36,0.86,3.30,47.40,,46.56,98.10,18.20,4.17
VCT,2015,106960,786555556,7353.74,70.46,0.89,4.30,49.40,,46.68,99.40,17.40,4.12
VCT,2016,106349,814303704,7656.90,70.70,0.95,4.10,51.50,,46.81,99.70,16.60,4.10
VCT,2017,105663,844040741,7988.04,71.01,1.03,5.30,53.70,,46.94,100.00,15.80,4.23
VCT,2018,104926,884329630,8428.13,71.02,1.05,4.90,56.00,,47.07,100.00,15.00,4.25
VCT,2019,104167,910481481,8740.59,70.99,1.12,5.40,59.58,,47.20,100.00,14.30,4.26
VCT,2020,103526,864566667,8351.20,69.61,1.20,5.20,63.38,,47.33,100.00,13.60,4.87
VCT,2021,102841,888677778,8641.28,69.13,1.14,5.00,68.83,,47.46,100.00,12.90,5.27
VCT,2022,102046,989188889,9693.56,71.19,1.25,5.10,74.75,,47.59,100.00,12.30,4.61
VCT,2023,101323,1072237037,10582.37,71.23,1.26,,75.54,,47.72,100.00,11.80,4.44
VEN,2000,24526708,117146466003,4776.28,72.39,5.62,15.30,3.36,,88.22,98.90,21.50,
VEN,2001,24979922,122911036747,4920.39,71.02,5.74,14.00,4.64,47.20,88.37,99.90,20.90,
VEN,2002,25435671,92893587734,3652.10,72.82,5.82,12.80,4.91,48.90,88.46,99.80,20.30,
VEN,2003,25892703,83620628582,3229.51,72.06,5.52,13.40,7.50,47.90,88.52,95.70,19.80,
VEN,2004,26340838,112451400425,4269.09,72.75,5.68,14.60,8.40,47.30,88.58,99.10,19.20,
VEN,2005,26785804,145513489652,5432.49,73.08,5.82,14.20,12.55,49.30,88.64,98.80,18.50,
VEN,2006,27224686,183477522124,6739.38,72.97,5.84,15.60,15.22,44.70,88.69,99.30,17.90,
VEN,2007,27649363,230364012576,8331.62,73.35,5.64,16.60,20.83,,88.73,98.90,17.40,
VEN,2008,28053696,315953388511,11262.45,72.58,5.85,16.40,25.88,,88.76,98.90,17.20,
VEN,2009,28438298,329787628928,11596.60,72.79,5.81,16.20,32.70,,88.79,99.00,17.10,
VEN,2010,28813101,393192354511,13646.30,73.09,6.14,13.80,37.37,,88.80,99.10,17.20,
VEN,2011,29185212,316482190800,10843.92,73.09,5.93,14.80,40.22,,88.81,98.80,17.40,
VEN,2012,29553826,371846610182,12582.01,73.09,6.56,13.80,49.05,,88.84,99.30,17.60,
VEN,2013,29912198,258512396298,8642.37,73.08,6.45,15.40,54.90,,88.88,99.40,17.90,
VEN,2014,30254079,214838755022,7101.15,72.84,6.34,12.10,57.00,,88.92,100.00,18.30,
VEN,2015,30573972,125249941854,4096.62,73.00,5.75,15.40,58.00,,88.95,100.00,19.10,
VEN,2016,30765720,112948035495,3671.23,72.00,5.30,14.60,60.00,,88.99,99.40,24.20,
VEN,2017,30565323,115892475743,3791.63,71.90,4.97,14.30,,,89.03,99.20,24.20,
VEN,2018,29807592,101987075929,3421.51,72.64,4.62,14.60,,,89.07,99.90,24.20,2.42
VEN,2019,28938098,73014157108,2523.12,72.77,4.16,15.80,49.05,,89.10,99.80,24.20,2.19
VEN,2020,28444077,42837965907,1506.04,72.37,2.70,31.20,72.44,,89.14,99.90,24.20,4.12
VEN,2021,28237826,56615026263,2004.94,71.54,2.69,33.70,74.11,,89.18,100.00,24.20,4.10
VEN,2022,28213017,89013251021,3155.04,72.57,3.26,,75.82,,89.21,100.00,24.20,4.55
VEN,2023,28300854,102377501186,3617.47,72.51,3.41,,76.33,,89.25,100.00,24.20,3.78
VGB,2000,20241,,,74.75,1.37,0.90,,,41.98,97.10,16.80,
VGB,2001,20796,,,74.83,1.33,0.90,,,42.02,97.20,16.60,
VGB,2002,21430,,,74.97,1.44,0.80,18.89,,42.44,97.30,16.40,
VGB,2003,22134,,,75.18,1.55,0.80,,,42.85,97.40,16.10,
VGB,2004,22881,,,75.40,1.55,0.80,,,43.29,97.50,16.00,
VGB,2005,23665,,,75.57,1.58,0.80,,,43.74,97.60,15.90,
VGB,2006,24493,,,75.75,1.83,0.70,,,44.22,97.80,15.80,
VGB,2007,25366,,,75.89,1.92,0.70,,,44.72,97.90,15.70,
VGB,2008,26288,,,76.07,2.09,0.70,,,45.24,98.10,15.70,
VGB,2009,27218,,,76.21,2.33,0.70,36.00,,45.78,98.30,15.60,
VGB,2010,27675,,,76.29,2.55,0.70,37.00,,46.34,98.30,15.60,
VGB,2011,28710,,,76.36,1.92,0.90,37.40,,46.93,98.70,15.60,
VGB,2012,30345,,,76.43,1.88,0.90,37.60,,47.54,98.90,15.60,
VGB,2013,31703,,,76.47,2.06,1.00,,,48.16,99.10,15.60,
VGB,2014,32962,,,76.53,2.12,1.00,,,48.81,99.20,15.60,
VGB,2015,34498,,,76.56,2.08,1.00,,,49.49,100.00,15.50,
VGB,2016,33878,,,76.62,2.28,1.00,77.70,,50.18,100.00,15.20,
VGB,2017,32699,,,75.67,2.05,1.10,77.70,,50.90,100.00,14.90,
VGB,2018,34657,,,76.73,1.92,1.20,,,51.63,100.00,14.60,
VGB,2019,36395,,,76.85,2.40,1.20,,,52.39,100.00,14.20,
VGB,2020,37135,,,76.89,2.28,1.30,,,53.17,100.00,13.80,
VGB,2021,37809,,,75.30,2.23,1.30,,,53.97,100.00,13.50,
VGB,2022,38319,,,77.18,2.31,1.30,,,54.80,100.00,13.10,
VGB,2023,38985,,,77.28,2.28,,,,55.64,100.00,12.70,
VIR,2000,108642,,,76.62,0.00,0.50,13.82,,92.62,100.00,,
VIR,2001,108549,,,77.62,0.00,0.60,18.38,,92.93,100.00,,
VIR,2002,108509,3262000000,30062.02,77.52,0.00,0.60,27.49,,93.22,100.00,,
VIR,2003,108505,3443000000,31731.26,77.52,0.00,0.60,27.43,,93.48,100.00,,
VIR,2004,108466,3797000000,35006.36,77.77,0.00,0.60,27.38,,93.71,100.00,,
VIR,2005,108453,4428000000,40828.75,77.42,0.00,0.70,27.34,,93.91,100.00,,
VIR,2006,108369,4484000000,41377.15,78.32,0.00,0.70,27.33,,94.09,100.00,,
VIR,2007,108337,4784000000,44158.51,76.86,0.00,0.70,27.34,,94.24,100.00,,
VIR,2008,108397,4244000000,39152.38,77.16,0.00,0.70,27.36,,94.37,100.00,,
VIR,2009,108404,4201000000,38753.18,77.51,0.00,0.80,27.40,,94.48,100.00,,
VIR,2010,108357,4324000000,39905.13,77.87,0.00,0.70,31.22,,94.57,100.00,,
VIR,2011,108290,4223000000,38997.14,78.32,0.00,1.20,35.60,,94.66,100.00,,
VIR,2012,108188,4089000000,37795.32,78.52,0.00,2.00,40.55,,94.74,100.00,,
VIR,2013,108041,3738000000,34597.98,78.72,0.00,2.90,45.30,,94.81,100.00,,
VIR,2014,107882,3565000000,33045.36,78.87,0.00,4.20,50.07,,94.88,100.00,,
VIR,2015,107712,3663000000,34007.35,79.02,0.00,5.60,54.84,,94.94,100.00,,
VIR,2016,107516,3798000000,35324.97,79.17,0.00,5.70,59.61,,94.99,100.00,,
VIR,2017,107281,3794000000,35365.07,79.37,0.00,5.30,64.38,,95.04,100.00,,
VIR,2018,107001,3923000000,36663.21,79.52,0.00,5.80,,,95.07,100.00,,
VIR,2019,106669,4121000000,38633.53,79.67,0.00,6.20,,,95.09,100.00,,
VIR,2020,106290,4229000000,39787.37,79.82,0.00,5.90,,,95.10,100.00,,
VIR,2021,105870,4507000000,42571.08,80.07,0.00,5.90,,,95.16,100.00,,
VIR,2022,105413,4672000000,44320.91,80.32,0.00,5.90,,,95.22,100.00,,
VIR,2023,104917,,,80.52,0.00,,,,95.27,100.00,,
VNM,2000,77154011,31172518403,404.03,72.75,0.73,57.70,0.25,,24.37,88.20,30.30,4.11
VNM,2001,77969361,32685198809,419.21,72.98,0.80,56.10,1.27,,24.95,88.90,29.00,4.80
VNM,2002,78772224,35064105501,445.13,73.14,0.93,52.20,1.85,37.00,25.55,89.10,27.90,3.87
VNM,2003,79563777,39552513232,497.12,73.24,0.98,50.80,3.78,,26.17,90.30,26.90,3.94
VNM,2004,80338971,45427854693,565.45,73.06,1.14,45.80,7.64,36.80,26.80,91.00,26.10,4.09
VNM,2005,81088313,57633255738,710.75,73.20,1.24,44.10,12.74,,27.43,96.10,25.40,4.32
VNM,2006,82167897,66371664817,807.76,73.29,1.26,44.20,17.25,35.80,28.05,96.00,24.80,4.57
VNM,2007,83633375,77414425532,925.64,73.39,1.37,41.90,20.76,,28.65,93.10,24.30,4.63
VNM,2008,85175788,99130304099,1163.83,73.46,1.48,39.30,23.92,35.60,29.22,93.80,23.80,4.36
VNM,2009,86460018,106014659565,1226.17,73.53,1.63,37.00,26.55,,29.76,96.10,23.40,4.49
VNM,2010,87455152,147201173197,1683.16,73.61,1.79,34.60,30.65,39.30,30.25,97.40,23.10,5.07
VNM,2011,88468314,172595049184,1950.93,73.71,1.77,36.30,35.07,,30.70,99.00,22.80,4.97
VNM,2012,89510356,195590661129,2185.12,73.76,1.75,37.90,36.80,35.60,31.12,97.90,22.50,5.00
VNM,2013,90573104,213708811665,2359.52,73.82,1.80,37.40,38.50,,31.53,98.50,22.30,4.41
VNM,2014,91679578,233451469643,2546.38,73.89,1.95,36.70,41.00,34.80,31.95,99.20,22.00,4.69
VNM,2015,92823254,239258328382,2577.57,73.96,2.16,27.80,45.00,,32.38,99.30,21.60,4.71
VNM,2016,94000117,257096001178,2735.06,73.98,2.38,26.80,53.00,35.30,32.85,99.20,21.30,4.87
VNM,2017,95176977,281353605987,2956.11,74.03,2.41,28.30,58.14,,33.36,100.00,20.90,4.99
VNM,2018,96237319,310106478395,3222.31,74.10,2.93,24.30,69.85,35.70,33.94,100.00,20.50,5.03
VNM,2019,97173776,334365270497,3440.90,74.21,3.46,20.40,68.66,,34.62,99.40,20.00,4.97
VNM,2020,98079191,346615738538,3534.04,75.38,3.55,18.90,70.30,36.80,35.57,99.80,19.50,4.33
VNM,2021,98935098,366474752771,3704.19,74.15,3.40,24.20,74.21,,36.65,100.00,18.90,4.54
VNM,2022,99680655,413445230669,4147.70,74.50,3.45,,78.59,36.10,37.55,100.00,18.40,4.54
VNM,2023,100352192,433805036898,4322.83,74.59,3.89,,78.08,,38.13,99.80,17.80,4.56
VUT,2000,186281,272014628,1460.24,68.59,0.45,49.50,2.11,,21.66,22.20,26.60,3.31
VUT,2001,191031,257926882,1350.18,68.72,0.51,51.30,2.83,,21.93,24.00,26.10,3.39
VUT,2002,195863,262596536,1340.72,68.84,0.49,53.30,3.51,,22.20,25.70,25.70,3.90
VUT,2003,200746,314471413,1566.51,68.93,0.56,52.70,3.90,,22.46,27.50,25.30,3.51
VUT,2004,205711,364996869,1774.32,68.99,0.42,55.40,4.75,,22.73,29.20,25.00,3.54
VUT,2005,210760,394962433,1873.99,69.17,0.42,54.90,5.08,,23.00,31.00,24.50,3.30
VUT,2006,215923,439358587,2034.79,69.13,0.37,55.30,5.85,,23.29,26.40,24.10,3.32
VUT,2007,221276,516392923,2333.71,69.14,0.59,51.60,6.80,,23.60,33.60,23.50,3.11
VUT,2008,226896,590748429,2603.61,69.30,0.57,52.10,7.27,,23.93,36.50,22.70,3.14
VUT,2009,232731,592622319,2546.38,69.42,0.62,38.70,7.50,,24.29,33.30,21.90,3.25
VUT,2010,238248,670712980,2815.19,69.57,0.65,38.10,8.00,37.40,24.74,44.10,21.10,3.53
VUT,2011,243474,770153588,3163.19,69.73,0.74,35.80,9.20,,24.79,42.00,20.30,3.60
VUT,2012,248883,747839698,3004.78,69.90,0.59,39.00,10.60,,24.82,43.90,19.70,3.94
VUT,2013,254482,863347172,3392.57,69.99,0.59,40.90,11.30,,24.84,31.70,19.20,4.39
VUT,2014,260240,879185478,3378.36,70.04,0.67,31.50,18.80,,24.85,49.10,18.80,3.64
VUT,2015,266101,855360240,3214.42,70.16,0.60,35.60,22.35,,24.86,52.30,18.60,4.16
VUT,2016,272087,908725513,3339.83,70.40,0.61,33.10,,,24.87,57.80,18.40,2.99
VUT,2017,278507,998536155,3585.32,70.50,0.60,35.70,,,24.76,62.80,18.30,2.88
VUT,2018,285259,1034402941,3626.19,70.63,0.80,29.70,,,24.27,61.60,18.20,3.44
VUT,2019,291985,1061547513,3635.62,70.78,0.75,31.60,,32.30,23.50,64.50,18.10,3.50
VUT,2020,298858,1017403363,3404.30,70.39,0.84,26.00,,,22.42,67.30,18.10,4.12
VUT,2021,305868,1093826089,3576.14,69.95,0.95,24.60,,,22.25,70.00,18.00,4.59
VUT,2022,313046,1151863790,3679.54,71.30,0.87,25.00,,,22.25,70.00,17.80,4.06
VUT,2023,320409,1188137265,3708.19,71.48,0.85,,,,22.27,61.60,17.50,4.12
WLD,2000,6161528496,33965806441912,5512.56,67.65,4.01,17.53,,,46.84,78.22,76.70,8.60
WLD,2001,6244739668,33747838963540,5404.20,67.95,4.01,17.21,,,47.30,78.72,74.30,8.99
WLD,2002,6327171255,35048255697763,5539.32,68.23,4.01,17.22,,,47.83,79.10,71.30,9.33
WLD,2003,6409352386,39288473726075,6129.87,68.52,4.15,17.07,,,48.36,79.97,68.30,9.48
WLD,2004,6492354627,44264898214305,6818.00,68.77,4.28,16.78,,,48.87,79.96,65.80,9.37
WLD,2005,6575410029,47938461749089,7290.57,69.11,4.39,16.64,15.60,,49.36,80.70,62.30,9.30
WLD,2006,6659536021,51965655998564,7803.19,69.47,4.48,16.73,17.20,,49.87,81.36,59.60,9.22
WLD,2007,6744049498,58574302755951,8685.33,69.80,4.59,16.54,20.20,,50.42,81.97,57.00,9.06
WLD,2008,6830080867,64378551514749,9425.74,70.00,4.56,16.66,22.80,,50.88,82.67,54.70,9.05
WLD,2009,6916168196,61049315651690,8827.04,70.38,4.45,17.07,25.30,,51.37,82.87,52.90,9.79
WLD,2010,7000860073,66893676131663,9555.07,70.68,4.67,16.74,28.40,,51.76,83.45,50.60,9.45
WLD,2011,7086704141,74388644404623,10496.93,70.97,4.76,16.70,30.90,,52.46,84.51,49.50,9.31
WLD,2012,7176482165,76055253368045,10597.85,71.26,4.77,16.90,33.30,,52.92,84.94,46.70,9.32
WLD,2013,7265404737,78171001460419,10759.35,71.53,4.81,17.17,35.30,,53.43,85.71,45.10,9.29
WLD,2014,7353532223,80243543597079,10912.24,71.78,4.78,17.33,37.40,,53.91,86.20,43.90,9.39
WLD,2015,7441084771,75839351828606,10191.98,71.97,4.70,17.40,39.90,,54.43,86.93,42.90,9.66
WLD,2016,7528221579,77084966373474,10239.47,72.19,4.65,17.63,43.60,,54.89,88.11,41.70,9.79
WLD,2017,7613788655,82110104984460,10784.40,72.37,4.67,17.85,46.30,,55.32,88.94,40.90,9.67
WLD,2018,7696159728,87310840056718,11344.73,72.64,4.73,18.11,49.40,,55.75,89.80,40.00,9.58
WLD,2019,7777162476,88796498078978,11417.60,72.87,4.70,18.58,53.90,,56.14,90.11,39.60,9.69
WLD,2020,7853863139,86388502867289,10999.49,72.18,4.47,19.74,60.10,,56.44,90.40,39.20,10.75
WLD,2021,7919567995,98780038374127,12472.91,71.22,4.68,,63.80,,56.81,91.34,39.60,10.29
WLD,2022,7988550201,102862471365575,12876.24,72.97,4.67,,67.00,,57.07,91.28,40.00,10.01
WLD,2023,8062923417,107348614073350,13313.86,73.33,4.68,,69.20,,57.31,91.60,38.30,10.06
WSM,2000,181685,258856140,1424.75,70.79,1.02,59.70,0.57,,21.95,88.00,21.00,4.28
WSM,2001,183166,266299591,1453.87,71.03,1.10,52.40,1.69,,21.97,88.70,20.30,3.82
WSM,2002,184471,281790134,1527.56,71.23,1.13,49.60,2.24,40.70,21.94,89.30,19.80,4.49
WSM,2003,185430,333426188,1798.12,71.44,1.16,52.40,2.80,,21.78,89.90,19.40,4.17
WSM,2004,186249,407747565,2189.26,71.51,1.13,48.80,3.08,,21.53,90.50,19.10,4.53
WSM,2005,186978,476801793,2550.04,71.49,1.16,48.90,3.35,,21.24,91.10,19.00,4.63
WSM,2006,187709,499923758,2663.29,71.62,1.17,46.00,4.47,,20.96,96.40,19.00,4.88
WSM,2007,188753,573548460,3038.62,71.61,1.26,43.20,4.75,,20.69,92.50,19.00,4.74
WSM,2008,190107,641346192,3373.61,71.53,1.28,45.00,5.03,42.00,20.40,98.10,19.00,4.53
WSM,2009,191513,628006115,3279.18,69.49,1.30,43.20,6.00,,20.10,97.90,25.30,5.13
WSM,2010,193023,680260907,3524.25,71.45,1.36,41.90,7.00,,19.83,96.40,19.10,5.15
WSM,2011,194713,744097050,3821.51,71.39,1.37,40.60,11.00,,19.62,96.70,19.00,5.38
WSM,2012,196498,773141661,3934.60,71.16,1.36,40.20,12.92,,19.48,96.80,18.80,4.99
WSM,2013,198268,797736334,4023.53,71.23,1.41,42.60,15.30,38.70,19.39,97.00,18.70,6.22
WSM,2014,200037,796683520,3982.68,71.14,1.43,41.40,21.20,,19.31,97.90,18.50,6.36
WSM,2015,201782,824150499,4084.36,71.06,1.63,37.10,,,19.23,98.20,18.30,6.01
WSM,2016,203499,843924797,4147.07,71.00,1.74,36.80,,,19.13,98.90,18.10,5.64
WSM,2017,205415,884844384,4307.59,70.99,1.54,35.80,,,18.97,96.80,17.80,5.16
WSM,2018,207582,878448433,4231.81,71.05,1.66,36.60,,,18.72,99.80,17.50,4.78
WSM,2019,209780,912950466,4351.94,70.27,1.78,34.20,,,18.41,99.20,20.00,5.65
WSM,2020,211944,868884903,4099.60,70.73,1.48,35.60,,,18.05,100.00,16.70,6.09
WSM,2021,213779,859724936,4021.56,71.10,1.61,36.00,,,17.57,98.30,16.20,7.20
WSM,2022,215261,889554712,4132.45,71.55,1.54,35.90,,,17.50,98.30,15.80,6.93
WSM,2023,216663,1044909500,4822.74,71.70,1.54,,,,17.50,100.00,15.30,6.78
XKX,2000,1802493,,,71.32,,,,,37.48,,48.40,
XKX,2001,1820009,,,71.78,,,,,37.51,,44.20,
XKX,2002,1829462,,,72.23,,,,,37.53,,40.30,
XKX,2003,1826434,,,72.68,,,,29.00,37.56,,36.70,
XKX,2004,1822773,,,73.13,,,,,37.59,,33.50,
XKX,2005,1818354,,,73.44,,,,31.20,37.63,,30.60,
XKX,2006,1813079,,,73.63,,,,30.30,37.67,,28.00,
XKX,2007,1807094,,,74.42,,,,,37.72,,25.70,
XKX,2008,1800858,5202943075,2889.15,74.71,,,,,37.78,,23.60,
XKX,2009,1794681,5035779642,2805.95,74.79,,,,31.80,37.85,,21.70,
XKX,2010,1788743,5343950626,2987.55,74.61,,,,33.30,37.93,,20.10,
XKX,2011,1791949,6341614505,3538.95,75.32,,,,27.80,38.03,,18.70,
XKX,2012,1807126,6163483291,3410.65,75.75,,,,29.00,38.23,,17.40,
XKX,2013,1818119,6735327512,3704.56,76.34,,,,26.30,38.63,,16.30,
XKX,2014,1812788,7074392884,3902.49,76.18,,,,27.30,39.19,,15.20,
XKX,2015,1788274,6295845465,3520.63,76.02,,,,26.50,39.92,,14.30,
XKX,2016,1777568,6682674063,3759.45,76.75,,,,26.70,40.78,,13.40,
XKX,2017,1791019,7180768692,4009.32,77.11,,,83.89,44.20,41.76,,12.60,
XKX,2018,1797086,7878762812,4384.19,77.12,,,89.44,44.60,42.84,,11.90,
XKX,2019,1788891,7899204691,4415.70,77.25,,,,40.20,44.00,,11.20,
XKX,2020,1790151,7734497456,4320.58,74.21,,,,57.40,45.23,,10.50,
XKX,2021,1786079,9412099545,5269.70,74.98,,,,49.40,46.50,,10.00,
XKX,2022,1768096,9367633203,5298.15,77.62,,,,38.30,47.80,,9.50,
XKX,2023,1682668,10466753840,6220.33,78.03,,,,,49.11,,9.10,
YEM,2000,19624141,9679316770,493.24,62.76,0.80,0.90,0.08,,26.61,49.20,92.90,4.67
YEM,2001,20226147,9852990693,487.14,63.29,0.83,0.90,0.09,,27.10,50.40,88.20,4.95
YEM,2002,20835086,10693430511,513.24,63.81,0.81,0.90,0.52,,27.58,51.50,83.50,4.83
YEM,2003,21456379,11777532662,548.91,64.41,0.91,0.80,0.60,,28.03,52.60,79.00,5.76
YEM,2004,22095167,13867634371,627.63,64.88,0.93,0.80,0.88,,28.45,49.60,74.70,5.51
YEM,2005,22790085,16731566717,734.16,65.36,0.97,0.70,1.05,34.70,28.85,54.80,70.60,5.21
YEM,2006,23543083,19063143370,809.71,65.80,0.97,0.80,1.25,,29.24,55.80,66.90,5.53
YEM,2007,24318082,21650528674,890.31,66.23,1.00,0.80,5.01,,29.61,57.20,63.40,5.82
YEM,2008,25111941,26910855807,1071.64,66.61,1.01,0.70,6.89,,29.96,58.40,60.20,5.76
YEM,2009,25927724,25130278213,969.24,66.91,1.07,0.70,9.96,,30.30,59.60,57.50,5.99
YEM,2010,26754387,30906749533,1155.20,67.22,0.98,0.80,12.35,,30.62,60.80,55.00,5.16
YEM,2011,27582897,32726417878,1186.48,67.41,0.83,0.90,14.90,,30.92,62.00,53.10,4.77
YEM,2012,28433647,35401331610,1245.05,67.57,0.77,1.10,17.45,,31.20,52.40,51.60,5.20
YEM,2013,29312952,40415233436,1378.75,67.96,0.98,0.80,20.00,,31.44,75.60,49.60,4.96
YEM,2014,30226309,43228585321,1430.16,68.00,0.94,0.80,22.55,36.70,31.86,66.10,48.70,5.84
YEM,2015,31159379,42444490074,1362.17,66.76,0.46,2.00,24.09,,32.39,67.40,49.30,6.49
YEM,2016,32109010,31317825274,975.36,67.11,0.33,2.60,24.58,,32.95,68.90,47.90,7.71
YEM,2017,33090921,26842229045,811.17,67.12,0.30,3.00,,,33.56,79.20,47.50,8.15
YEM,2018,34085182,21606160663,633.89,65.92,0.35,2.90,,,34.21,62.00,47.30,9.09
YEM,2019,35111408,,,66.57,0.35,3.00,17.49,,34.91,72.80,46.10,10.97
YEM,2020,36134863,,,66.44,0.31,3.50,,,35.70,73.90,43.40,11.65
YEM,2021,37140230,,,66.02,0.30,3.70,,,36.07,74.90,42.60,9.44
YEM,2022,38222876,,,67.95,0.29,,,,36.32,76.00,41.10,8.82
YEM,2023,39390799,,,69.30,0.27,,,,36.57,83.60,39.50,9.70
ZAF,2000,47159719,151752757215,3217.85,58.37,7.36,16.20,5.35,57.80,56.26,72.40,71.40,7.34
ZAF,2001,47566800,135429905923,2847.15,57.16,7.51,15.00,6.35,,57.00,70.20,74.50,7.12
ZAF,2002,48019415,129087556612,2688.24,55.58,7.72,13.30,6.71,,57.67,76.70,77.00,6.68
ZAF,2003,48500348,197018965309,4062.22,54.25,8.11,11.80,7.01,,58.37,78.80,79.20,7.04
ZAF,2004,48991421,255806908595,5221.46,53.96,8.69,11.00,8.43,,59.10,80.60,80.70,6.94
ZAF,2005,49490033,288867217197,5836.88,53.91,8.82,9.70,7.49,65.00,59.82,80.80,79.80,6.86
ZAF,2006,49998277,303858675364,6077.38,54.22,8.81,9.30,7.61,,60.53,80.70,76.90,6.88
ZAF,2007,50528584,333077117254,6591.86,54.95,9.10,8.70,8.07,,61.18,82.00,71.20,6.91
ZAF,2008,51114599,316131258616,6184.75,55.98,9.55,9.70,8.43,62.50,61.77,81.90,63.70,7.15
ZAF,2009,51728516,329754060647,6374.71,57.41,8.83,9.20,10.00,,62.26,82.60,56.90,7.65
ZAF,2010,52344051,417363822802,7973.47,58.89,8.87,9.40,24.00,60.90,62.63,82.80,50.30,7.79
ZAF,2011,52995205,458199494831,8646.06,60.60,8.38,9.00,33.97,,62.85,83.60,45.60,7.94
ZAF,2012,53782567,434400545086,8076.98,61.74,8.58,8.30,41.00,,62.96,85.20,43.10,8.00
ZAF,2013,54678791,400886013596,7331.65,62.39,8.69,7.80,46.50,,63.05,85.20,41.40,8.10
ZAF,2014,55594838,381198869776,6856.73,63.18,8.75,7.60,49.00,59.60,63.14,85.90,39.70,7.87
ZAF,2015,56723537,346709790459,6112.27,64.05,8.15,7.60,51.92,,63.21,85.30,38.20,8.05
ZAF,2016,57259551,323585509674,5651.21,64.75,8.04,7.80,54.00,,63.28,83.90,36.80,8.08
ZAF,2017,57635162,381448814653,6618.34,65.42,8.15,7.90,56.17,,63.33,84.40,35.70,7.98
ZAF,2018,58613001,405260723893,6914.18,65.73,8.08,8.00,62.40,,63.38,84.70,34.90,8.08
ZAF,2019,59587885,389330032224,6533.71,66.07,8.01,8.70,69.70,,63.41,85.00,34.30,8.25
ZAF,2020,60562381,337974655408,5580.60,65.15,7.44,9.80,72.11,,63.44,90.00,33.90,9.02
ZAF,2021,61502603,419986284375,6828.76,62.01,7.29,9.70,74.97,,63.45,89.30,34.00,8.66
ZAF,2022,62378410,407596043068,6534.25,65.45,6.88,,78.29,54.10,63.48,86.50,34.30,8.75
ZAF,2023,63212384,381440724491,6034.27,66.14,6.76,,78.34,,63.58,87.70,34.80,8.91
ZMB,2000,10017631,3600632111,359.43,46.58,0.19,90.00,0.19,,35.87,16.70,151.80,4.12
ZMB,2001,10325185,4094441301,396.55,47.41,0.19,89.80,0.23,,35.88,20.20,143.20,4.78
ZMB,2002,10647949,4193850445,393.86,48.46,0.19,89.60,0.48,42.10,36.07,17.40,132.90,5.89
ZMB,2003,10983595,4901869764,446.29,49.62,0.20,89.30,0.98,,36.39,18.50,122.10,6.00
ZMB,2004,11338198,6221110219,548.69,50.54,0.20,89.40,1.10,54.30,36.80,20.30,111.70,5.47
ZMB,2005,11718819,8331870169,710.98,51.62,0.21,88.90,1.30,,37.30,23.30,102.70,6.33
ZMB,2006,12129553,12756858899,1051.72,52.69,0.20,89.70,1.60,54.60,37.84,24.10,94.80,5.58
ZMB,2007,12565085,14056957976,1118.73,53.73,0.17,90.70,1.90,,38.40,18.50,89.10,4.56
ZMB,2008,13021324,17910858638,1375.50,54.84,0.20,89.80,2.20,,38.96,25.70,84.20,4.49
ZMB,2009,13490389,15328342304,1136.24,55.89,0.21,89.20,2.50,,39.49,26.60,78.40,5.23
ZMB,2010,13965594,20265559484,1451.11,56.90,0.23,89.20,3.00,52.00,39.96,22.00,74.30,4.13
ZMB,2011,14437796,23459515276,1624.87,57.84,0.24,87.90,3.50,,40.37,28.30,71.80,3.96
ZMB,2012,14913629,25503060420,1710.05,58.70,0.29,85.40,4.10,,40.77,29.20,69.20,4.05
ZMB,2013,15398997,28037239463,1820.72,59.45,0.31,85.30,4.80,,41.17,30.10,66.00,4.57
ZMB,2014,15895315,27141023558,1707.49,60.11,0.35,84.60,6.50,,41.56,27.90,62.60,3.83
ZMB,2015,16399089,21251216799,1295.88,60.73,0.36,84.00,8.80,55.80,41.96,31.10,60.20,4.43
ZMB,2016,16914423,20958412538,1239.09,61.13,0.37,84.00,10.30,,42.34,35.40,57.10,4.47
ZMB,2017,17441320,25873601261,1483.47,61.56,0.46,83.50,12.20,,42.73,40.30,55.20,4.78
ZMB,2018,17973569,26311507274,1463.90,62.14,0.51,83.80,14.30,,43.11,40.20,54.70,4.77
ZMB,2019,18513839,23308667781,1258.99,62.91,0.49,86.10,14.47,,43.49,43.00,53.50,6.75
ZMB,2020,19059395,18137764931,951.64,63.36,0.50,85.40,14.65,,43.86,44.60,52.50,6.31
ZMB,2021,19603607,22096416932,1127.16,62.36,0.49,83.00,14.82,,44.24,46.70,50.40,6.64
ZMB,2022,20152938,29163782140,1447.12,65.28,0.52,,15.00,51.50,44.60,47.80,49.50,5.21
ZMB,2023,20723965,27577956471,1330.73,66.35,0.55,,16.45,,45.03,51.10,49.10,5.98
ZWE,2000,11892055,6693250000,562.83,46.03,1.23,69.50,0.40,,32.40,33.70,99.40,
ZWE,2001,11971901,6780750000,566.39,44.53,1.22,72.30,0.80,,32.50,34.20,96.30,
ZWE,2002,12087653,6345250000,524.94,45.94,1.10,74.70,1.10,,32.56,34.20,93.80,
ZWE,2003,12232323,5730500000,468.47,45.37,0.89,78.00,1.80,,32.60,35.10,91.90,
ZWE,2004,12365896,5808500000,469.72,46.04,0.84,81.80,2.10,,32.63,35.60,91.20,
ZWE,2005,12483432,5758250000,461.27,46.57,0.92,80.30,2.40,,32.65,36.10,91.60,
ZWE,2006,12636445,5446750000,431.03,47.06,0.85,78.70,2.40,,32.66,37.20,87.60,
ZWE,2007,12804058,5294750000,413.52,47.58,0.83,78.00,3.00,,32.68,37.20,90.60,
ZWE,2008,12959149,4418000000,340.92,48.46,0.64,81.60,3.50,,32.69,37.70,91.10,
ZWE,2009,13142790,9670750000,735.82,49.75,0.60,82.60,4.00,,32.71,43.40,89.80,
ZWE,2010,13356548,12047750000,902.01,51.93,0.75,81.20,6.40,,32.73,38.90,85.20,10.48
ZWE,2011,13595424,14109000000,1037.78,53.91,1.17,77.20,8.40,43.20,32.76,36.90,77.20,8.08
ZWE,2012,13817887,17123500000,1239.23,55.39,0.92,77.00,12.00,,32.79,44.00,68.00,6.92
ZWE,2013,14013808,19100750000,1362.99,56.84,0.91,79.30,15.50,,32.90,40.60,62.60,7.11
ZWE,2014,14207359,19505500000,1372.92,58.11,0.89,80.80,16.36,,33.16,32.30,59.80,8.13
ZWE,2015,14399013,19973250000,1387.13,58.99,0.88,80.80,22.74,,33.56,33.70,59.20,7.45
ZWE,2016,14600294,20559250000,1408.14,59.76,0.77,81.70,23.12,,34.08,42.50,57.50,7.26
ZWE,2017,14812482,51035657371,3445.45,60.26,0.71,82.00,24.40,44.30,34.70,44.00,56.70,6.17
ZWE,2018,15034452,34141666667,2270.90,60.91,0.82,79.70,25.00,,35.41,45.40,56.30,4.67
ZWE,2019,15271368,33360632553,2184.52,61.06,0.73,81.00,26.59,50.30,36.18,46.70,58.60,3.23
ZWE,2020,15526888,31979753645,2059.64,61.53,0.58,84.10,29.30,,37.01,52.70,61.70,2.95
ZWE,2021,15797210,41287852524,2613.62,60.14,0.69,82.40,32.59,,37.87,49.00,62.40,2.67
ZWE,2022,16069056,40757585309,2536.40,62.36,0.72,,36.26,,38.71,50.10,64.00,3.40
ZWE,2023,16340822,35871781303,2195.23,62.78,0.77,,38.67,,39.29,62.00,64.20,2.93
